{"type":"FeatureCollection","features":[{"type":"Feature","properties":{"name":"Hainan","name_zh":"","focus":false,"label":[109.47,19.04],"area":3.0,"color":"#5f87a3"},"geometry":{"type":"Polygon","coordinates":[[[109.22,19.757],[109.177,19.768],[109.219,19.843],[109.263,19.883],[109.315,19.904],[109.418,19.889],[109.514,19.904],[109.584,19.97],[109.651,19.984],[109.906,19.963],[110.083,19.993],[110.172,20.054],[110.213,20.056],[110.344,20.039],[110.385,19.985],[110.391,19.986],[110.388,20.018],[110.394,20.059],[110.418,20.055],[110.527,20.005],[110.588,20.013],[110.589,20.072],[110.598,20.098],[110.652,20.138],[110.679,20.137],[110.745,20.059],[110.809,20.014],[110.889,19.992],[110.938,19.948],[110.971,19.883],[110.998,19.765],[111.014,19.655],[110.913,19.586],[110.822,19.558],[110.641,19.291],[110.603,19.207],[110.572,19.172],[110.563,19.135],[110.566,19.099],[110.519,18.97],[110.478,18.813],[110.451,18.748],[110.4,18.698],[110.334,18.673],[110.294,18.67],[110.262,18.625],[110.189,18.599],[110.156,18.57],[110.049,18.505],[110.066,18.476],[110.067,18.448],[110.02,18.416],[109.968,18.422],[109.816,18.397],[109.76,18.348],[109.703,18.259],[109.681,18.247],[109.59,18.226],[109.521,18.219],[109.429,18.096],[108.651,18.482],[108.576,19.187],[108.65,19.261],[108.65,19.265],[108.666,19.304],[108.694,19.338],[108.791,19.418],[108.903,19.481],[109.063,19.614],[109.179,19.674],[109.277,19.761],[109.22,19.757]]]}},{"type":"Feature","properties":{"name":"Champa","name_zh":"林邑","focus":false,"label":[108.42,13.33],"area":9.4,"color":"#9a8a4a"},"geometry":{"type":"Polygon","coordinates":[[[107.325,12.025],[107.475,12.2],[107.7,12.225],[107.825,12.15],[107.925,12.25],[107.925,12.775],[107.95,12.85],[107.85,12.925],[107.8,13.075],[107.65,13.275],[107.675,13.7],[107.725,13.85],[107.975,13.925],[107.975,14.1],[107.8,14.125],[107.75,14.325],[107.8,14.925],[107.825,15.0],[107.7,15.0],[107.575,15.075],[107.575,15.225],[107.475,15.325],[107.35,15.325],[107.15,15.5],[107.125,15.725],[107.025,15.775],[106.975,15.925],[106.9,15.975],[106.875,16.1],[106.95,16.15],[106.925,16.475],[106.875,16.65],[106.775,16.75],[106.625,16.8],[106.625,16.9],[106.825,17.1],[106.95,17.125],[106.991,17.166],[107.12,17.056],[107.18,16.898],[107.355,16.794],[107.549,16.643],[107.541,16.609],[107.593,16.568],[107.724,16.488],[107.803,16.403],[107.834,16.322],[107.882,16.31],[107.936,16.329],[107.991,16.337],[108.029,16.331],[108.082,16.252],[108.095,16.251],[108.156,16.177],[108.17,16.164],[108.175,16.154],[108.223,16.095],[108.241,16.101],[108.267,16.09],[108.274,16.029],[108.286,15.989],[108.395,15.872],[108.447,15.763],[108.578,15.585],[108.674,15.484],[108.743,15.427],[108.821,15.378],[108.898,15.181],[108.94,15.001],[109.022,14.803],[109.085,14.716],[109.087,14.553],[109.137,14.384],[109.191,14.27],[109.207,14.154],[109.224,14.097],[109.245,14.053],[109.303,13.856],[109.288,13.765],[109.247,13.855],[109.252,13.591],[109.288,13.451],[109.272,13.279],[109.31,13.219],[109.377,13.025],[109.424,12.956],[109.42,12.719],[109.445,12.6],[109.381,12.671],[109.336,12.752],[109.274,12.709],[109.219,12.646],[109.305,12.391],[109.207,12.415],[109.216,12.073],[109.256,11.993],[109.259,11.955],[109.247,11.909],[109.22,11.959],[109.215,12.01],[109.199,11.999],[109.2,11.972],[109.167,11.912],[109.158,11.837],[109.193,11.773],[109.199,11.725],[109.173,11.665],[109.133,11.601],[109.048,11.593],[109.037,11.574],[109.018,11.468],[108.987,11.336],[108.877,11.323],[108.695,11.145],[108.439,11.059],[108.419,11.041],[108.272,10.934],[108.176,10.92],[108.095,10.897],[108.001,10.72],[107.845,10.7],[107.83,10.692],[107.672,10.526],[107.412,10.367],[107.265,10.347],[107.156,10.389],[107.084,10.337],[107.078,10.388],[107.116,10.405],[107.045,10.432],[107.025,10.55],[106.825,10.75],[106.775,10.95],[106.7,11.075],[106.7,11.625],[106.75,11.7],[107.05,11.8],[107.2,11.975],[107.325,12.025]]]}},{"type":"Feature","properties":{"name":"Simhala","name_zh":"","focus":false,"label":[80.73,7.62],"area":5.3,"color":"#6f9460"},"geometry":{"type":"MultiPolygon","coordinates":[[[[79.708,8.066],[79.713,8.182],[79.75,8.294],[79.75,8.049],[79.783,8.018],[79.809,8.05],[79.818,8.145],[79.724,8.416],[79.808,8.647],[79.674,8.804],[79.705,8.93],[79.896,8.92],[80.052,9.113],[80.076,9.279],[80.117,9.346],[80.111,9.453],[80.086,9.578],[80.146,9.556],[80.123,9.636],[80.046,9.65],[79.979,9.699],[79.954,9.742],[79.967,9.793],[79.982,9.813],[80.078,9.807],[80.181,9.81],[80.253,9.796],[80.376,9.642],[80.711,9.366],[80.893,9.086],[80.91,9.025],[80.935,8.971],[80.979,8.957],[81.016,8.933],[81.198,8.662],[81.219,8.608],[81.216,8.549],[81.227,8.506],[81.275,8.484],[81.334,8.472],[81.373,8.431],[81.422,8.215],[81.422,8.148],[81.436,8.119],[81.517,8.0],[81.419,8.0],[81.445,7.928],[81.804,7.313],[81.866,7.084],[81.779,6.753],[81.599,6.448],[81.202,6.079],[80.851,5.951],[80.562,5.931],[80.341,5.969],[80.222,6.058],[80.127,6.216],[79.854,7.061],[79.834,8.0],[79.721,8.0],[79.708,8.066]],[[80.258,9.611],[80.175,9.626],[80.344,9.473],[80.368,9.48],[80.428,9.481],[80.385,9.549],[80.258,9.611]]],[[[79.912,9.679],[79.97,9.631],[79.907,9.62],[79.857,9.686],[79.846,9.715],[79.859,9.734],[79.872,9.744],[79.888,9.741],[79.912,9.679]]],[[[79.86,9.066],[79.875,9.051],[79.904,8.975],[79.821,9.027],[79.767,9.07],[79.748,9.105],[79.86,9.066]]]]}},{"type":"Feature","properties":{"name":"Thai Kingdoms","name_zh":"掸泰诸部","focus":false,"label":[102.63,22.3],"area":25.8,"color":"#8a6f9e"},"geometry":{"type":"Polygon","coordinates":[[[100.25,21.3],[100.075,21.475],[100.125,21.55],[100.275,21.55],[100.4,21.65],[100.325,21.85],[100.175,21.85],[100.175,21.975],[100.275,22.125],[100.475,22.15],[100.35,22.275],[100.35,22.4],[100.275,22.425],[100.325,22.6],[100.325,22.8],[100.125,22.8],[99.975,22.9],[100.025,23.175],[100.025,23.45],[100.125,23.525],[100.1,23.725],[100.2,23.8],[100.275,24.025],[100.35,24.075],[100.5,24.125],[100.5,24.425],[100.55,24.45],[100.525,24.6],[100.375,24.75],[100.35,24.85],[100.425,24.85],[100.625,24.95],[100.875,24.975],[100.925,24.825],[101.025,24.75],[101.15,24.775],[101.2,24.675],[101.425,24.625],[101.5,24.725],[101.9,24.55],[102.025,24.625],[102.125,24.775],[102.4,24.775],[102.5,24.725],[102.625,24.875],[102.575,25.1],[102.7,25.2],[102.85,25.25],[103.025,25.45],[103.025,25.575],[103.3,25.625],[103.45,25.725],[103.625,25.65],[103.85,25.65],[103.875,25.85],[104.075,25.95],[104.15,26.2],[104.475,26.475],[104.6,26.65],[104.7,26.5],[104.8,26.45],[104.975,26.25],[105.125,26.125],[105.15,26.0],[105.25,25.925],[105.45,25.575],[105.7,25.6],[105.775,25.575],[106.0,25.375],[105.975,25.175],[106.025,25.075],[106.175,24.95],[106.175,24.825],[106.0,24.575],[105.8,24.425],[105.9,24.325],[105.95,24.15],[105.875,24.025],[105.75,23.975],[105.625,23.85],[105.625,23.625],[105.5,23.5],[105.3,23.5],[105.15,23.35],[105.075,23.425],[104.825,23.45],[104.85,23.25],[104.775,23.175],[104.8,23.075],[104.675,22.925],[104.775,22.8],[104.775,22.475],[104.65,22.275],[104.55,22.2],[104.55,22.025],[104.45,22.075],[104.375,21.925],[104.2,21.875],[104.175,21.775],[104.3,21.65],[104.3,21.425],[104.4,21.35],[104.35,21.225],[104.475,21.075],[104.5,20.9],[104.05,21.05],[103.9,20.825],[103.8,20.825],[103.675,20.725],[103.675,20.575],[103.5,20.425],[103.525,20.2],[103.625,20.15],[103.6,19.9],[103.625,19.775],[103.5,19.65],[103.35,19.6],[103.325,19.45],[103.25,19.4],[103.0,19.35],[102.9,19.45],[102.575,19.425],[102.475,19.575],[102.3,19.6],[102.175,19.675],[101.975,19.7],[102.05,19.85],[102.2,19.925],[102.225,20.05],[101.975,20.05],[101.875,19.95],[101.75,19.95],[101.575,19.8],[101.2,19.8],[101.15,19.85],[100.75,19.85],[100.625,19.825],[100.575,20.15],[100.5,20.15],[100.35,20.375],[100.225,20.375],[100.125,20.275],[100.125,20.425],[100.225,20.725],[100.425,20.95],[100.325,20.975],[100.25,21.3]]]}},{"type":"Feature","properties":{"name":"Dvaravati","name_zh":"堕罗钵底","focus":false,"label":[100.13,13.79],"area":7.2,"color":"#8a6f9e"},"geometry":{"type":"MultiPolygon","coordinates":[[[[98.7,14.2],[98.875,14.3],[99.0,14.425],[99.1,14.4],[99.05,14.55],[99.025,14.8],[99.1,14.8],[99.225,14.575],[99.7,14.55],[100.0,14.7],[100.1,14.7],[100.075,15.0],[100.3,15.075],[100.4,14.925],[100.6,15.025],[100.775,15.0],[100.975,15.175],[101.3,15.15],[101.375,15.025],[101.725,15.05],[101.8,14.975],[102.0,14.975],[102.225,14.9],[102.3,14.775],[102.45,14.65],[102.55,14.5],[102.575,14.325],[102.425,14.2],[102.125,14.225],[102.1,14.075],[101.95,13.875],[101.95,13.8],[101.775,13.65],[101.625,13.575],[101.425,13.575],[101.25,13.5],[101.05,13.275],[101.075,13.15],[100.975,13.05],[100.904,13.03],[100.904,13.035],[100.946,13.187],[100.926,13.303],[100.947,13.358],[100.963,13.432],[100.924,13.453],[100.908,13.447],[100.477,13.508],[100.236,13.484],[100.19,13.466],[100.105,13.426],[100.017,13.353],[99.991,13.243],[100.051,13.171],[100.09,13.046],[99.982,12.771],[99.964,12.69],[99.994,12.45],[99.925,12.45],[99.4,12.5],[99.475,12.3],[99.475,12.1],[99.375,11.95],[99.375,11.8],[99.175,11.725],[98.975,11.7],[98.85,11.6],[98.747,11.6],[98.791,11.665],[98.876,11.72],[98.84,11.739],[98.805,11.779],[98.694,11.718],[98.636,11.738],[98.625,11.801],[98.639,11.869],[98.645,11.91],[98.689,11.957],[98.686,12.047],[98.664,12.127],[98.696,12.225],[98.631,12.225],[98.6,12.245],[98.619,12.3],[98.645,12.321],[98.632,12.427],[98.624,12.441],[98.629,12.453],[98.596,12.737],[98.485,13.111],[98.194,13.657],[98.271,13.697],[98.245,13.733],[98.248,13.816],[98.35,13.825],[98.45,13.95],[98.7,13.925],[98.7,14.2]]],[[[98.454,12.061],[98.466,12.084],[98.525,12.005],[98.61,11.957],[98.576,11.925],[98.516,11.905],[98.474,11.899],[98.454,12.061]]],[[[98.554,11.745],[98.528,11.539],[98.465,11.567],[98.435,11.567],[98.397,11.684],[98.4,11.715],[98.376,11.792],[98.524,11.805],[98.554,11.745]]],[[[98.436,12.571],[98.468,12.571],[98.459,12.474],[98.381,12.354],[98.334,12.336],[98.314,12.336],[98.331,12.511],[98.303,12.612],[98.312,12.678],[98.396,12.647],[98.414,12.598],[98.436,12.571]]],[[[98.105,13.803],[98.174,13.809],[98.15,13.648],[98.111,13.713],[98.105,13.803]]]]}},{"type":"Feature","properties":{"name":"Chen-La","name_zh":"真腊","focus":false,"label":[105.76,13.98],"area":17.2,"color":"#8a6f9e"},"geometry":{"type":"Polygon","coordinates":[[[106.625,16.9],[106.625,16.8],[106.775,16.75],[106.875,16.65],[106.925,16.475],[106.95,16.15],[106.875,16.1],[106.9,15.975],[106.975,15.925],[107.025,15.775],[107.125,15.725],[107.15,15.5],[107.35,15.325],[107.475,15.325],[107.575,15.225],[107.575,15.075],[107.7,15.0],[107.825,15.0],[107.8,14.925],[107.75,14.325],[107.8,14.125],[107.975,14.1],[107.975,13.925],[107.725,13.85],[107.675,13.7],[107.65,13.275],[107.8,13.075],[107.85,12.925],[107.95,12.85],[107.925,12.775],[107.925,12.25],[107.825,12.15],[107.7,12.225],[107.475,12.2],[107.325,12.025],[107.2,11.975],[107.05,11.8],[106.75,11.7],[106.7,11.625],[106.45,11.675],[106.325,11.775],[106.125,11.8],[106.05,11.875],[105.775,11.925],[105.55,12.125],[105.45,11.925],[105.15,11.925],[105.1,11.85],[104.925,11.95],[104.8,11.975],[104.325,11.975],[104.025,12.075],[104.075,12.3],[104.05,12.45],[104.05,12.9],[103.975,13.0],[103.975,13.3],[103.925,13.375],[103.85,13.675],[103.6,13.7],[103.425,13.8],[103.475,13.9],[103.75,14.075],[103.725,14.225],[103.65,14.3],[103.65,14.425],[103.425,14.475],[103.425,14.7],[103.5,14.875],[103.65,14.925],[103.825,15.1],[103.9,15.4],[104.075,15.4],[104.275,15.275],[104.325,15.4],[104.45,15.375],[104.6,15.575],[104.7,15.6],[104.925,15.9],[105.05,16.0],[105.175,16.025],[105.05,16.125],[105.025,16.3],[104.925,16.35],[104.95,16.55],[105.025,16.575],[105.35,16.975],[105.5,17.075],[105.525,17.2],[105.725,17.4],[105.825,17.4],[105.925,17.5],[105.975,17.5],[106.1,17.375],[106.275,17.3],[106.3,17.125],[106.625,16.9]]]}},{"type":"Feature","properties":{"name":"Kanauj","name_zh":"戒日王朝","focus":false,"label":[81.11,28.91],"area":44.0,"color":"#a07d5a"},"geometry":{"type":"Polygon","coordinates":[[[88.35,27.525],[88.425,27.425],[88.425,27.25],[88.475,27.225],[88.4,26.975],[88.6,26.725],[88.6,26.675],[88.575,26.675],[88.5,26.425],[88.275,26.175],[88.025,25.95],[87.975,25.75],[87.9,25.65],[87.8,25.35],[87.7,25.25],[87.6,25.25],[87.525,25.375],[87.3,25.375],[87.25,25.25],[86.825,25.3],[86.65,25.25],[86.55,25.325],[86.525,25.225],[86.35,25.1],[86.25,25.1],[86.125,25.25],[86.025,25.3],[85.85,25.475],[85.6,25.45],[85.55,25.525],[85.3,25.475],[85.025,25.175],[84.925,25.15],[84.8,25.0],[84.625,24.95],[84.4,24.825],[84.3,24.825],[84.2,24.9],[84.05,24.9],[83.775,24.7],[83.5,24.75],[83.35,24.875],[83.175,24.9],[83.075,25.05],[82.925,25.125],[82.75,25.1],[82.6,25.2],[82.475,25.15],[82.425,25.225],[82.225,25.225],[82.2,25.275],[81.95,25.3],[81.9,25.425],[81.725,25.45],[81.525,25.6],[81.0,25.625],[80.925,25.875],[80.75,25.975],[80.725,26.1],[80.6,26.1],[80.55,26.225],[80.15,26.225],[79.95,26.45],[79.85,26.75],[79.575,26.775],[79.525,26.825],[79.15,26.825],[79.1,26.875],[78.925,26.875],[78.775,27.025],[78.65,27.325],[78.625,27.55],[78.55,27.675],[78.525,28.025],[78.25,28.35],[78.25,28.475],[78.175,28.525],[78.175,28.675],[78.025,28.9],[77.6,29.075],[77.325,29.075],[77.175,29.15],[77.15,29.425],[77.1,29.45],[77.1,29.625],[77.175,29.775],[77.225,30.0],[77.45,30.175],[77.475,30.6],[77.525,30.65],[77.45,31.025],[77.4,31.05],[77.425,31.25],[77.375,31.35],[77.55,31.35],[77.65,31.475],[77.8,31.575],[78.075,31.525],[78.275,31.525],[78.3,31.625],[78.475,31.625],[78.475,31.7],[78.65,31.725],[78.75,31.625],[78.8,31.625],[78.8,31.425],[79.0,31.425],[79.15,31.475],[79.3,31.325],[79.4,31.125],[79.625,31.05],[80.1,31.025],[80.225,30.975],[80.325,30.825],[80.375,30.65],[80.525,30.65],[80.725,30.575],[80.8,30.675],[81.0,30.725],[81.15,30.825],[81.375,30.75],[81.4,30.45],[81.5,30.575],[81.65,30.6],[81.775,30.525],[82.125,30.525],[82.275,30.425],[82.3,30.325],[82.425,30.35],[82.55,30.275],[82.575,30.15],[82.7,30.1],[82.775,29.9],[82.925,29.75],[83.275,29.6],[83.425,29.425],[83.5,29.25],[83.625,29.325],[83.625,29.525],[83.75,29.6],[83.75,29.7],[83.85,29.775],[83.95,29.75],[84.05,29.6],[84.2,29.6],[84.525,29.475],[84.525,29.275],[84.75,29.25],[84.825,29.075],[85.05,29.0],[85.15,29.05],[85.425,29.025],[85.5,28.925],[85.5,28.75],[85.65,28.7],[85.775,28.525],[86.025,28.6],[86.225,28.575],[86.35,28.4],[86.45,28.4],[86.75,28.3],[86.775,28.425],[87.075,28.575],[87.25,28.5],[87.375,28.5],[87.525,28.425],[87.575,28.275],[87.7,28.125],[87.875,28.0],[88.075,27.95],[88.125,27.95],[88.125,27.6],[88.225,27.525],[88.35,27.525]]]}},{"type":"Feature","properties":{"name":"Hindu states","name_zh":"","focus":false,"label":[92.91,25.29],"area":17.9,"color":"#9a8a4a"},"geometry":{"type":"Polygon","coordinates":[[[88.475,27.225],[88.425,27.25],[88.425,27.425],[88.35,27.525],[88.225,27.525],[88.125,27.6],[88.125,27.95],[88.175,27.95],[88.425,28.125],[88.75,28.125],[88.875,28.025],[89.0,28.025],[89.3,28.2],[89.475,28.425],[89.775,28.4],[89.85,28.275],[90.0,28.25],[90.075,28.325],[90.325,28.25],[90.4,28.15],[90.5,28.15],[90.6,28.25],[90.65,28.45],[90.825,28.45],[90.975,28.525],[91.2,28.5],[91.35,28.525],[91.575,28.425],[91.6,28.2],[91.9,28.225],[92.05,28.175],[92.225,28.0],[92.4,28.0],[92.575,28.075],[92.75,27.975],[92.825,27.85],[93.125,27.575],[93.325,27.575],[93.35,27.35],[93.275,27.275],[93.275,27.0],[93.375,26.75],[93.55,26.775],[93.75,26.725],[93.95,26.8],[94.2,26.55],[94.25,26.4],[94.525,26.2],[94.725,26.025],[94.625,25.725],[94.7,25.675],[94.7,25.475],[94.575,25.35],[94.575,25.25],[94.45,25.275],[94.3,25.2],[94.075,24.925],[94.05,24.7],[94.0,24.675],[93.925,24.35],[93.75,24.2],[93.725,23.95],[93.65,23.875],[93.625,23.725],[93.375,23.55],[93.375,23.45],[93.25,23.375],[93.0,23.425],[92.825,23.375],[92.75,23.45],[92.625,23.45],[92.6,23.375],[92.475,23.375],[92.3,23.275],[92.225,23.275],[92.1,23.375],[92.025,23.575],[91.825,23.7],[91.75,23.925],[91.75,24.05],[91.675,24.325],[91.65,24.775],[91.6,24.925],[91.6,25.25],[91.575,25.5],[91.35,25.5],[91.15,25.625],[91.025,25.625],[90.95,25.7],[90.675,25.8],[90.65,25.925],[90.55,25.975],[90.45,26.125],[90.2,26.1],[89.975,26.025],[89.825,25.9],[89.775,25.775],[89.675,25.875],[89.5,25.95],[89.175,25.975],[89.15,26.075],[88.95,26.3],[88.725,26.5],[88.625,26.675],[88.6,26.675],[88.6,26.725],[88.4,26.975],[88.475,27.225]]]}},{"type":"Feature","properties":{"name":"Maitraka Kingdom","name_zh":"","focus":false,"label":[72.83,23.47],"area":30.2,"color":"#4f8f86"},"geometry":{"type":"Polygon","coordinates":[[[70.875,25.85],[70.95,25.85],[71.175,25.675],[71.45,25.6],[71.8,25.45],[71.925,25.3],[72.0,25.3],[72.175,25.1],[72.275,25.075],[72.35,24.95],[72.725,24.9],[72.825,24.85],[73.05,24.85],[73.15,24.775],[73.475,24.8],[73.525,24.925],[73.7,25.05],[73.875,25.225],[74.05,25.275],[74.25,25.075],[74.4,25.1],[74.475,25.175],[74.75,25.2],[74.95,25.025],[75.0,25.1],[75.175,25.1],[75.3,25.175],[75.3,25.325],[75.45,25.425],[75.475,25.525],[75.675,25.625],[75.725,25.75],[75.875,25.9],[76.2,26.0],[76.325,26.1],[76.575,26.15],[76.65,26.125],[76.675,25.85],[76.775,25.75],[77.025,25.65],[77.1,25.275],[77.2,25.075],[77.3,25.0],[77.35,24.875],[77.475,24.75],[77.475,23.95],[77.4,23.85],[77.3,23.525],[77.3,23.375],[77.175,23.075],[76.95,22.925],[76.6,22.8],[76.375,22.6],[76.3,22.6],[76.2,22.625],[76.1,22.55],[75.875,22.525],[75.925,22.425],[75.925,22.2],[75.65,22.175],[75.45,22.125],[75.375,21.925],[75.1,21.95],[75.025,21.85],[74.85,21.9],[74.375,21.9],[74.15,21.75],[73.95,21.75],[73.6,21.7],[73.475,21.3],[73.325,21.25],[72.925,21.275],[72.825,21.225],[72.9,21.125],[72.9,20.925],[72.871,20.853],[72.841,20.952],[72.825,21.079],[72.789,21.122],[72.752,21.129],[72.692,21.178],[72.624,21.372],[72.687,21.436],[72.719,21.459],[72.718,21.467],[72.668,21.456],[72.613,21.462],[72.706,21.542],[72.685,21.684],[72.685,21.692],[72.543,21.697],[72.592,21.878],[72.644,21.938],[72.691,21.967],[72.691,21.971],[72.617,21.962],[72.522,21.976],[72.547,22.123],[72.319,22.115],[72.127,21.828],[72.129,21.787],[72.171,21.774],[72.21,21.728],[72.257,21.661],[72.255,21.59],[72.288,21.549],[72.256,21.352],[72.12,21.155],[71.894,20.989],[71.528,20.823],[71.024,20.657],[70.855,20.65],[70.467,20.777],[70.209,20.947],[70.0,21.144],[69.126,21.968],[68.894,22.285],[69.492,22.248],[69.968,22.351],[70.0,22.371],[70.0,22.545],[70.006,22.548],[70.084,22.554],[70.177,22.573],[70.328,22.816],[70.356,22.854],[70.045,22.777],[70.0,22.778],[69.664,22.789],[69.107,22.898],[68.79,23.028],[68.372,23.326],[68.072,23.675],[68.046,23.764],[67.681,23.82],[68.761,24.208],[70.0,24.292],[70.0,24.961],[70.0,25.55],[70.325,25.65],[70.525,25.75],[70.725,25.75],[70.875,25.85]]]}},{"type":"Feature","properties":{"name":"Palas","name_zh":"波罗王朝","focus":false,"label":[88.22,23.3],"area":30.0,"color":"#7272a8"},"geometry":{"type":"MultiPolygon","coordinates":[[[[85.95,20.325],[85.85,20.4],[85.825,20.6],[85.75,20.6],[85.625,20.75],[85.45,20.775],[85.325,20.925],[85.325,21.0],[85.175,21.125],[85.175,21.225],[85.05,21.275],[84.975,21.375],[85.025,21.625],[84.95,21.65],[84.975,21.825],[84.875,21.875],[84.875,22.15],[84.775,22.275],[84.675,22.275],[84.525,22.425],[84.55,22.675],[84.65,22.75],[84.625,22.875],[84.4,23.125],[84.3,23.275],[84.5,23.4],[84.4,23.6],[84.4,23.725],[84.475,23.775],[84.525,23.925],[84.6,23.925],[84.675,24.05],[84.4,24.275],[84.4,24.525],[84.325,24.625],[84.325,24.825],[84.4,24.825],[84.625,24.95],[84.8,25.0],[84.925,25.15],[85.025,25.175],[85.3,25.475],[85.55,25.525],[85.6,25.45],[85.85,25.475],[86.025,25.3],[86.125,25.25],[86.25,25.1],[86.35,25.1],[86.525,25.225],[86.55,25.325],[86.65,25.25],[86.825,25.3],[87.25,25.25],[87.3,25.375],[87.525,25.375],[87.6,25.25],[87.7,25.25],[87.8,25.35],[87.9,25.65],[87.975,25.75],[88.025,25.95],[88.275,26.175],[88.5,26.425],[88.575,26.675],[88.625,26.675],[88.725,26.5],[88.95,26.3],[89.15,26.075],[89.175,25.975],[89.5,25.95],[89.675,25.875],[89.775,25.775],[89.825,25.9],[89.975,26.025],[90.2,26.1],[90.45,26.125],[90.55,25.975],[90.65,25.925],[90.675,25.8],[90.95,25.7],[91.025,25.625],[91.15,25.625],[91.35,25.5],[91.575,25.5],[91.6,25.25],[91.6,24.925],[91.65,24.775],[91.675,24.325],[91.75,24.05],[91.75,23.925],[91.825,23.7],[92.025,23.575],[92.1,23.375],[92.225,23.275],[92.2,23.2],[91.975,23.0],[91.95,22.8],[91.8,22.65],[91.775,22.475],[91.74,22.396],[91.734,22.407],[91.719,22.443],[91.651,22.356],[91.571,22.543],[91.41,22.72],[91.081,22.561],[90.803,22.561],[90.868,22.485],[90.866,22.391],[90.83,22.16],[90.778,22.089],[90.604,22.054],[90.515,22.065],[90.68,22.327],[90.675,22.445],[90.649,22.541],[90.627,22.561],[90.513,22.56],[90.532,22.539],[90.596,22.436],[90.616,22.362],[90.589,22.258],[90.553,22.218],[90.494,22.179],[90.356,22.048],[90.288,21.899],[90.231,21.83],[90.159,21.817],[90.131,21.847],[90.071,21.887],[90.07,21.96],[90.088,22.017],[90.21,22.157],[90.143,22.138],[90.069,22.098],[90.0,22.053],[90.0,21.93],[89.869,22.133],[89.796,21.832],[89.67,21.719],[89.578,21.7],[89.485,21.884],[89.452,21.821],[89.354,21.721],[89.279,21.707],[89.275,21.708],[89.233,21.655],[89.072,21.774],[89.045,21.724],[89.052,21.654],[89.004,21.647],[88.994,21.629],[89.025,21.546],[88.723,21.539],[88.699,21.653],[88.695,21.662],[88.694,21.677],[88.656,21.857],[88.581,21.889],[88.567,21.832],[88.6,21.714],[88.585,21.66],[88.446,21.614],[88.414,21.639],[88.377,21.577],[88.299,21.551],[88.254,21.622],[88.122,21.636],[88.057,21.694],[88.099,21.794],[88.115,21.84],[88.053,21.938],[87.867,21.696],[87.64,21.563],[86.937,21.288],[86.854,21.198],[86.842,21.106],[86.896,20.966],[86.939,20.745],[86.975,20.7],[86.925,20.62],[86.836,20.534],[86.763,20.419],[86.769,20.356],[86.75,20.313],[86.634,20.248],[86.632,20.203],[86.304,19.949],[86.303,19.945],[86.279,19.919],[86.253,19.909],[86.119,19.806],[86.1,19.801],[86.1,19.825],[86.0,19.9],[85.925,20.05],[85.95,20.325]]],[[[91.456,22.617],[91.484,22.577],[91.523,22.491],[91.548,22.425],[91.557,22.382],[91.51,22.353],[91.467,22.378],[91.411,22.476],[91.439,22.599],[91.456,22.617]]],[[[91.074,22.45],[91.079,22.52],[91.115,22.45],[91.074,22.45]]]]}},{"type":"Feature","properties":{"name":"Western Gangas","name_zh":"","focus":false,"label":[75.63,13.16],"area":3.7,"color":"#7d6b5a"},"geometry":{"type":"Polygon","coordinates":[[[74.125,15.7],[74.225,15.7],[74.25,15.55],[74.35,15.375],[74.35,15.2],[74.425,15.05],[74.7,14.975],[74.8,14.85],[74.875,14.675],[74.875,14.55],[74.95,14.375],[75.225,14.375],[75.325,14.25],[75.575,14.225],[75.675,14.125],[75.725,13.95],[76.0,13.9],[76.075,13.775],[76.35,13.5],[76.35,13.35],[76.45,13.175],[76.45,12.9],[76.35,12.9],[76.275,12.75],[76.15,12.625],[76.05,12.625],[75.925,12.5],[75.825,12.3],[75.6,12.275],[75.575,12.2],[75.425,12.125],[75.294,11.972],[75.292,11.976],[75.23,12.023],[75.197,12.058],[74.946,12.565],[74.868,12.845],[74.803,12.977],[74.771,13.077],[74.682,13.507],[74.682,13.584],[74.671,13.668],[74.608,13.85],[74.499,14.046],[74.467,14.169],[74.467,14.217],[74.429,14.321],[74.187,14.761],[74.089,14.902],[74.041,14.949],[73.949,15.075],[73.884,15.306],[73.801,15.397],[73.838,15.397],[73.774,15.571],[73.772,15.573],[73.773,15.574],[73.742,15.657],[73.733,15.657],[73.68,15.709],[73.666,15.74],[73.75,15.75],[73.8,15.825],[74.075,15.875],[74.125,15.7]]]}},{"type":"Feature","properties":{"name":"Pallavas","name_zh":"","focus":false,"label":[77.75,14.16],"area":18.7,"color":"#8a6f9e"},"geometry":{"type":"Polygon","coordinates":[[[79.025,11.3],[78.725,11.325],[78.65,11.3],[78.55,11.4],[78.4,11.375],[78.4,11.1],[78.325,10.975],[78.2,10.975],[78.1,11.075],[77.9,11.075],[77.875,11.2],[77.75,11.35],[77.675,11.375],[77.675,11.5],[77.575,11.525],[77.475,11.7],[77.175,11.775],[77.175,11.95],[77.075,12.175],[76.925,12.25],[76.825,12.375],[76.75,12.675],[76.7,12.675],[76.525,12.9],[76.45,12.9],[76.45,13.175],[76.35,13.35],[76.35,13.5],[76.075,13.775],[76.0,13.9],[75.725,13.95],[75.675,14.125],[75.575,14.225],[75.325,14.25],[75.225,14.375],[74.95,14.375],[74.875,14.55],[74.875,14.675],[75.15,15.025],[75.325,15.05],[75.575,15.25],[75.725,15.425],[75.775,15.425],[76.25,15.825],[76.35,15.95],[76.6,16.175],[76.75,16.225],[76.925,16.4],[76.975,16.5],[77.15,16.5],[77.3,16.4],[77.625,16.375],[77.775,16.5],[77.9,16.5],[78.2,16.8],[78.2,17.075],[78.3,17.05],[78.325,16.775],[78.45,16.65],[78.75,16.25],[78.975,16.15],[79.075,16.025],[79.05,15.775],[79.2,15.675],[79.375,15.5],[79.425,15.35],[79.625,15.25],[79.675,15.175],[79.85,15.125],[80.05,15.0],[80.087,15.0],[80.087,14.946],[80.098,14.8],[80.099,14.798],[80.165,14.578],[80.179,14.478],[80.17,14.349],[80.138,14.29],[80.159,14.021],[80.224,13.858],[80.244,13.773],[80.246,13.686],[80.307,13.485],[80.266,13.521],[80.233,13.606],[80.156,13.714],[80.094,13.643],[80.215,13.476],[80.29,13.437],[80.342,13.361],[80.316,13.203],[80.313,13.104],[80.288,13.042],[80.229,12.69],[80.143,12.452],[80.038,12.296],[79.982,12.235],[79.931,12.133],[79.866,11.969],[79.754,11.574],[79.793,11.447],[79.765,11.399],[79.6,11.375],[79.475,11.3],[79.1,11.25],[79.025,11.3]]]}},{"type":"Feature","properties":{"name":"Balhae","name_zh":"渤海","focus":false,"label":[127.78,42.31],"area":27.5,"color":"#6f9460"},"geometry":{"type":"MultiPolygon","coordinates":[[[[123.175,40.75],[123.55,40.85],[123.675,41.075],[123.825,41.075],[124.0,41.2],[124.125,41.35],[124.1,41.475],[124.175,41.55],[124.325,41.575],[124.325,41.825],[124.475,42.1],[124.575,42.15],[124.775,42.15],[124.85,42.2],[124.85,42.35],[124.975,42.475],[125.475,42.425],[125.65,42.575],[125.925,42.625],[125.975,42.575],[126.375,42.575],[126.5,42.5],[126.625,42.55],[126.725,42.675],[126.675,42.7],[126.7,42.875],[126.975,43.1],[126.975,43.025],[127.125,42.975],[127.2,43.05],[127.475,43.1],[127.725,43.4],[127.65,43.475],[127.65,43.675],[127.85,43.85],[127.85,44.0],[127.975,44.1],[128.175,44.15],[128.325,44.3],[128.325,44.4],[128.425,44.475],[128.65,44.525],[128.85,44.775],[129.0,44.825],[129.25,45.075],[129.275,45.225],[129.45,45.225],[129.55,45.125],[129.75,45.125],[129.825,45.175],[130.225,45.1],[130.35,45.025],[130.35,44.875],[130.525,44.825],[130.7,44.825],[130.8,44.75],[131.125,44.75],[131.275,44.85],[131.45,44.775],[131.7,44.8],[131.75,44.625],[131.925,44.45],[132.05,44.25],[132.225,44.1],[132.25,44.0],[132.375,43.9],[132.45,43.675],[132.6,43.45],[132.825,43.45],[132.925,43.35],[132.95,43.1],[133.0,43.05],[133.0,42.85],[133.074,42.702],[132.952,42.669],[132.87,42.795],[132.864,42.794],[132.726,42.867],[132.614,42.873],[132.576,42.872],[132.567,42.875],[132.484,42.88],[132.441,42.904],[132.304,42.883],[132.313,42.993],[132.181,43.194],[132.115,43.172],[132.029,43.119],[131.947,43.095],[131.883,43.095],[131.674,43.026],[131.854,43.274],[131.795,43.255],[131.722,43.203],[131.516,42.996],[131.393,42.822],[131.292,42.772],[131.245,42.697],[131.158,42.626],[131.025,42.645],[130.946,42.634],[130.913,42.641],[130.8,42.56],[130.834,42.523],[130.73,42.326],[130.687,42.303],[130.637,42.275],[130.569,42.292],[130.458,42.302],[130.331,42.224],[130.203,42.132],[130.18,42.097],[130.106,42.063],[130.014,41.997],[130.007,41.991],[129.928,41.897],[129.876,41.806],[129.756,41.712],[129.686,41.595],[129.682,41.494],[129.759,41.392],[129.766,41.304],[129.712,41.124],[129.742,40.932],[129.709,40.857],[129.503,40.784],[129.477,40.682],[129.227,40.639],[129.11,40.491],[128.945,40.428],[128.843,40.358],[128.815,40.351],[128.446,40.065],[128.236,39.969],[127.931,39.956],[127.925,39.954],[127.867,39.896],[127.577,39.785],[127.565,39.775],[127.527,39.696],[127.547,39.563],[127.549,39.461],[127.53,39.4],[127.46,39.4],[127.457,39.401],[127.456,39.4],[125.269,39.4],[125.206,39.485],[124.922,39.618],[124.688,39.605],[124.548,39.541],[124.442,39.573],[124.208,39.738],[124.127,39.852],[124.106,39.841],[123.983,39.834],[123.916,39.807],[123.244,39.704],[123.227,39.687],[123.062,39.676],[123.039,39.672],[123.02,39.664],[122.961,39.62],[122.883,39.608],[122.634,39.505],[122.373,39.384],[122.35,39.725],[122.55,39.775],[122.825,40.125],[122.925,40.375],[123.175,40.625],[123.175,40.75]]],[[[124.905,39.536],[124.849,39.508],[124.846,39.559],[124.89,39.602],[124.935,39.608],[124.905,39.536]]]]}},{"type":"Feature","properties":{"name":"Yamato","name_zh":"倭","focus":false,"label":[138.33,35.82],"area":25.1,"color":"#7d6b5a"},"geometry":{"type":"MultiPolygon","coordinates":[[[[140.15,38.1],[140.375,38.1],[140.375,38.025],[140.6,37.8],[140.75,37.725],[140.8,37.45],[140.825,37.15],[140.8,37.025],[140.872,36.856],[140.702,36.67],[140.627,36.503],[140.619,36.445],[140.619,36.386],[140.592,36.308],[140.574,36.231],[140.59,36.142],[140.622,36.059],[140.76,35.846],[140.813,35.783],[140.874,35.725],[140.806,35.706],[140.834,35.677],[140.426,35.428],[140.413,35.395],[140.417,35.267],[140.393,35.221],[140.355,35.181],[140.346,35.175],[140.316,35.033],[139.83,34.835],[139.788,34.962],[139.831,35.068],[139.83,35.072],[139.851,35.232],[139.826,35.297],[139.906,35.345],[139.944,35.423],[139.984,35.453],[140.002,35.497],[139.913,35.554],[139.731,35.468],[139.65,35.409],[139.666,35.319],[139.7,35.274],[139.744,35.252],[139.731,35.222],[139.675,35.149],[139.636,35.142],[139.564,35.243],[139.52,35.27],[139.422,35.165],[139.208,35.165],[139.116,35.082],[139.122,34.956],[139.086,34.839],[139.028,34.754],[139.022,34.688],[138.863,34.567],[138.779,34.579],[138.749,34.649],[138.751,34.922],[138.683,34.992],[138.45,34.902],[138.295,34.763],[138.149,34.527],[137.759,34.552],[137.248,34.481],[137.148,34.601],[137.062,34.583],[137.077,34.621],[137.117,34.637],[137.041,34.728],[136.939,34.777],[136.944,34.722],[136.913,34.709],[136.871,34.733],[136.884,34.802],[136.733,34.874],[136.616,34.759],[136.564,34.645],[136.616,34.589],[136.842,34.464],[136.88,34.434],[136.881,34.38],[136.854,34.324],[136.819,34.31],[136.898,34.258],[136.766,34.169],[136.393,34.111],[136.218,34.013],[136.073,33.778],[135.916,33.562],[135.899,33.556],[135.755,33.342],[135.062,33.69],[134.969,34.134],[135.113,34.25],[135.1,34.288],[135.132,34.317],[135.252,34.374],[135.317,34.471],[135.286,34.598],[135.205,34.617],[134.935,34.54],[134.427,34.628],[133.825,34.385],[133.589,34.442],[133.182,34.327],[133.142,34.302],[133.116,34.308],[132.552,34.149],[132.56,34.127],[132.578,34.115],[132.549,34.075],[132.461,34.087],[132.496,34.122],[132.505,34.136],[132.481,34.129],[132.386,34.268],[132.277,34.278],[132.238,34.227],[132.202,34.032],[132.159,33.944],[132.146,33.839],[132.09,33.855],[131.995,33.911],[131.994,33.804],[131.654,33.911],[130.899,33.903],[130.779,33.966],[130.891,34.244],[130.889,34.262],[130.904,34.3],[130.952,34.35],[131.004,34.393],[131.132,34.407],[131.262,34.393],[131.354,34.413],[131.433,34.47],[131.515,34.55],[131.608,34.615],[131.734,34.667],[131.856,34.726],[131.963,34.809],[132.065,34.9],[132.158,34.967],[132.258,35.022],[132.662,35.38],[132.672,35.382],[132.698,35.418],[132.747,35.449],[132.923,35.511],[133.157,35.559],[133.267,35.557],[133.376,35.459],[133.435,35.472],[133.495,35.497],[133.615,35.511],[133.739,35.495],[133.86,35.495],[133.981,35.507],[134.214,35.539],[134.337,35.578],[134.456,35.628],[134.882,35.663],[135.174,35.747],[135.221,35.741],[135.265,35.722],[135.269,35.66],[135.232,35.592],[135.268,35.551],[135.327,35.526],[135.602,35.518],[135.68,35.503],[135.795,35.55],[135.903,35.607],[135.931,35.626],[135.977,35.972],[136.017,36.012],[136.067,36.117],[136.156,36.223],[136.262,36.288],[136.359,36.362],[136.556,36.572],[136.666,36.704],[136.64,37.17],[136.775,37.282],[136.843,37.382],[136.962,37.414],[137.199,37.497],[137.323,37.522],[137.341,37.485],[137.338,37.437],[137.312,37.416],[137.334,37.273],[137.013,37.037],[137.007,36.993],[137.019,36.96],[137.013,36.895],[137.017,36.837],[137.124,36.774],[137.246,36.753],[137.298,36.754],[137.343,36.77],[137.483,36.925],[137.514,36.952],[137.913,37.065],[138.11,37.151],[138.218,37.173],[138.32,37.218],[138.548,37.392],[138.633,37.472],[138.709,37.561],[138.771,37.663],[138.819,37.775],[138.885,37.844],[139.247,38.009],[139.364,38.099],[139.375,38.112],[139.432,38.23],[139.446,38.269],[139.477,38.4],[139.521,38.503],[139.58,38.599],[139.631,38.661],[139.725,38.575],[139.875,38.325],[140.025,38.25],[140.15,38.1]]],[[[134.824,34.203],[134.731,34.209],[134.683,34.247],[134.668,34.294],[134.757,34.368],[134.834,34.473],[134.904,34.519],[134.961,34.545],[135.005,34.544],[134.905,34.398],[134.933,34.288],[134.824,34.203]]],[[[134.675,33.848],[134.739,33.821],[134.549,33.729],[134.547,33.728],[134.519,33.65],[134.206,33.349],[134.206,33.347],[134.182,33.247],[134.135,33.28],[133.998,33.148],[133.726,33.376],[133.516,33.394],[133.264,33.307],[133.24,33.25],[133.146,33.083],[133.101,33.028],[133.073,33.02],[132.969,32.765],[132.9,32.669],[132.698,32.548],[132.467,32.757],[132.342,33.106],[132.121,33.347],[132.174,33.375],[132.086,33.34],[132.033,33.34],[132.114,33.395],[132.288,33.47],[132.366,33.512],[132.536,33.633],[132.557,33.644],[132.706,33.817],[132.716,33.852],[132.752,33.906],[132.784,33.992],[132.839,34.021],[132.935,34.095],[132.99,34.088],[133.051,33.997],[133.134,33.927],[133.193,33.933],[133.299,33.969],[133.35,33.977],[133.472,33.973],[133.582,34.017],[133.627,34.069],[133.643,34.135],[133.603,34.244],[133.656,34.233],[133.706,34.237],[133.826,34.307],[133.948,34.348],[134.076,34.358],[134.219,34.319],[134.357,34.256],[134.496,34.215],[134.638,34.227],[134.635,34.044],[134.655,33.983],[134.66,33.976],[134.65,33.95],[134.67,33.963],[134.695,33.928],[134.675,33.848]]],[[[134.188,34.496],[134.182,34.519],[134.326,34.534],[134.372,34.522],[134.352,34.484],[134.333,34.464],[134.315,34.469],[134.252,34.423],[134.238,34.467],[134.188,34.496]]],[[[132.267,33.871],[132.209,33.873],[132.201,33.928],[132.208,33.948],[132.266,33.945],[132.315,33.909],[132.403,33.92],[132.419,33.888],[132.411,33.88],[132.36,33.847],[132.267,33.871]]],[[[130.058,31.972],[130.195,32.082],[130.194,32.091],[130.214,32.115],[130.246,32.124],[130.443,32.283],[130.496,32.557],[130.361,32.758],[130.361,32.756],[130.34,32.702],[130.298,32.675],[130.246,32.677],[130.193,32.706],[130.152,32.748],[130.054,32.771],[129.951,32.722],[129.938,32.709],[129.845,32.587],[129.816,32.6],[129.769,32.571],[129.79,32.611],[129.733,32.637],[129.63,32.866],[129.46,32.986],[129.343,33.151],[129.375,33.176],[129.37,33.176],[129.417,33.231],[129.423,33.257],[129.462,33.331],[129.538,33.358],[129.57,33.361],[129.508,33.284],[129.507,33.28],[129.528,33.297],[129.595,33.289],[129.61,33.344],[129.66,33.365],[129.702,33.36],[129.844,33.322],[129.858,33.375],[129.837,33.404],[129.826,33.437],[129.919,33.483],[130.072,33.522],[130.103,33.54],[130.131,33.578],[130.168,33.598],[130.275,33.598],[130.365,33.634],[130.439,33.734],[130.457,33.789],[130.484,33.835],[130.67,33.915],[130.716,33.928],[130.84,33.918],[130.953,33.872],[131.009,33.776],[131.058,33.673],[131.175,33.603],[131.309,33.573],[131.366,33.571],[131.419,33.584],[131.499,33.624],[131.583,33.652],[131.643,33.638],[131.696,33.603],[131.724,33.554],[131.711,33.502],[131.619,33.396],[131.669,33.308],[131.613,33.265],[131.717,33.252],[131.897,33.255],[131.855,33.182],[131.848,33.118],[131.903,33.088],[131.949,33.047],[131.937,33.01],[131.91,32.974],[132.009,32.919],[132.002,32.882],[131.977,32.844],[131.83,32.693],[131.824,32.687],[131.732,32.593],[131.66,32.466],[131.61,32.325],[131.565,32.223],[131.531,32.117],[131.506,32.002],[131.46,31.883],[131.475,31.778],[131.46,31.671],[131.337,31.405],[131.25,31.41],[131.21,31.352],[131.089,31.275],[131.098,31.256],[130.902,31.112],[130.744,30.887],[130.579,30.906],[130.554,30.969],[130.674,31.211],[130.732,31.476],[130.731,31.478],[130.581,31.528],[130.537,31.491],[130.528,31.46],[130.54,31.403],[130.566,31.352],[130.645,31.267],[130.621,31.218],[130.589,31.179],[130.406,31.236],[130.404,31.229],[130.232,31.026],[130.086,31.121],[130.06,31.216],[130.165,31.369],[130.147,31.408],[130.202,31.422],[130.205,31.426],[130.219,31.559],[130.058,31.972]],[[130.175,32.851],[130.222,32.847],[130.28,32.867],[130.289,32.864],[130.257,32.912],[130.169,32.923],[130.175,32.851]]],[[[130.256,32.431],[130.242,32.463],[130.365,32.527],[130.461,32.516],[130.419,32.458],[130.381,32.424],[130.293,32.419],[130.256,32.431]]],[[[130.2,32.341],[130.083,32.23],[130.004,32.194],[129.993,32.228],[129.96,32.244],[130.017,32.292],[130.015,32.314],[129.979,32.346],[130.021,32.469],[130.01,32.522],[130.168,32.541],[130.197,32.492],[130.2,32.341]]]]}},{"type":"Feature","properties":{"name":"minor states under Indian influence","name_zh":"","focus":false,"label":[101.02,6.32],"area":5.1,"color":"#7272a8"},"geometry":{"type":"Polygon","coordinates":[[[100.344,7.44],[100.614,6.978],[100.975,6.852],[101.217,6.802],[101.427,6.828],[101.559,6.739],[101.679,6.464],[102.089,6.143],[102.325,6.099],[102.802,5.56],[103.212,5.0],[100.393,5.0],[100.139,6.177],[100.221,6.52],[100.154,6.603],[99.969,6.507],[99.833,6.538],[99.662,6.71],[99.61,6.938],[99.639,7.065],[99.571,7.262],[99.468,7.338],[99.293,7.319],[99.118,7.642],[100.301,7.886],[100.344,7.44]]]}},{"type":"Feature","properties":{"name":"Ainu","name_zh":"","focus":false,"label":[143.26,43.52],"area":18.8,"color":"#7272a8"},"geometry":{"type":"MultiPolygon","coordinates":[[[[150.0,46.045],[150.0,45.831],[149.673,45.628],[149.45,45.595],[149.667,45.85],[149.856,45.923],[150.0,46.045]]],[[[147.762,44.938],[147.62,44.966],[147.585,44.918],[147.622,44.897],[147.548,44.812],[147.291,44.666],[147.209,44.55],[147.021,44.507],[146.948,44.408],[146.84,44.415],[146.846,44.476],[147.153,44.673],[147.111,44.793],[147.479,44.974],[147.504,45.043],[147.656,45.075],[147.763,45.189],[147.894,45.223],[147.856,45.356],[147.932,45.421],[148.0,45.273],[148.069,45.248],[148.321,45.27],[148.7,45.52],[148.856,45.474],[148.825,45.334],[148.582,45.316],[148.215,45.188],[147.877,44.974],[147.762,44.938]]],[[[146.842,43.874],[146.904,43.839],[146.669,43.704],[146.598,43.732],[146.604,43.803],[146.842,43.874]]],[[[145.779,43.928],[145.595,43.858],[145.554,43.65],[145.437,43.716],[145.409,43.835],[145.744,44.051],[146.127,44.507],[146.344,44.421],[146.568,44.438],[146.119,44.251],[145.94,44.128],[145.779,43.928]]],[[[146.13,43.458],[146.08,43.518],[146.152,43.545],[146.226,43.525],[146.13,43.458]]],[[[141.721,42.539],[141.396,42.519],[140.929,42.255],[140.86,42.39],[140.693,42.55],[140.54,42.537],[140.349,42.432],[140.324,42.376],[140.315,42.334],[140.327,42.293],[140.417,42.201],[140.528,42.132],[140.578,42.119],[140.684,42.123],[140.734,42.116],[140.912,41.978],[141.108,41.848],[141.151,41.805],[141.109,41.779],[141.155,41.749],[140.979,41.652],[140.588,41.677],[140.268,41.324],[140.112,41.273],[140.012,41.381],[139.977,41.503],[140.002,41.551],[139.995,41.576],[140.021,41.696],[140.084,41.803],[140.106,41.902],[140.1,41.937],[140.098,41.946],[139.852,42.035],[139.777,42.112],[139.711,42.477],[139.859,42.575],[139.86,42.582],[139.891,42.649],[139.951,42.671],[140.015,42.685],[140.115,42.733],[140.224,42.796],[140.329,42.867],[140.432,42.954],[140.486,43.05],[140.407,43.154],[140.373,43.185],[140.389,43.202],[140.379,43.237],[140.392,43.303],[140.487,43.338],[140.544,43.323],[140.598,43.326],[140.736,43.237],[140.781,43.215],[140.819,43.205],[140.954,43.201],[141.138,43.18],[141.245,43.185],[141.296,43.2],[141.303,43.206],[141.301,43.72],[141.511,43.82],[141.601,43.919],[141.645,44.019],[141.661,44.264],[141.716,44.371],[141.734,44.416],[141.745,44.628],[141.566,44.969],[141.522,45.182],[141.597,45.279],[141.615,45.289],[141.653,45.349],[141.654,45.377],[141.668,45.401],[141.778,45.419],[141.829,45.439],[141.879,45.483],[141.938,45.51],[141.981,45.483],[142.0,45.459],[142.0,45.329],[143.02,44.463],[143.79,44.027],[144.613,43.842],[144.75,43.881],[145.139,44.178],[145.347,44.243],[145.059,43.785],[145.448,43.169],[144.994,42.937],[144.754,42.866],[144.59,42.859],[144.37,42.949],[144.166,42.942],[144.002,42.877],[143.508,42.42],[143.33,42.196],[143.213,41.926],[143.033,41.958],[142.0,42.466],[141.928,42.501],[141.721,42.539]]],[[[141.598,52.216],[141.811,52.628],[141.84,52.96],[141.689,53.165],[141.767,53.272],[141.828,53.276],[141.824,53.34],[141.852,53.389],[141.964,53.456],[142.0,53.464],[142.0,53.286],[142.214,53.299],[142.674,53.54],[143.056,53.061],[143.138,52.856],[143.143,52.511],[143.033,52.312],[142.944,51.961],[142.943,51.617],[143.074,51.267],[143.34,50.885],[143.633,50.234],[144.038,49.508],[144.539,48.753],[143.598,49.233],[143.152,49.258],[142.853,49.127],[142.646,48.657],[142.489,47.901],[142.614,47.459],[142.993,46.953],[143.236,46.863],[143.444,46.571],[143.303,46.011],[143.004,46.577],[142.614,46.712],[142.513,46.699],[142.327,46.563],[142.0,46.068],[142.0,45.977],[141.963,46.012],[141.898,45.914],[141.708,46.139],[141.622,46.558],[141.909,47.073],[141.731,47.471],[141.81,47.675],[142.0,47.914],[142.036,47.959],[142.0,48.157],[141.977,48.284],[141.739,48.807],[141.921,48.943],[142.0,49.197],[142.049,49.354],[142.152,50.89],[142.112,51.219],[142.016,51.43],[142.0,51.446],[141.643,51.813],[141.598,52.216]]],[[[140.9,52.15],[140.775,52.275],[140.775,52.4],[140.65,52.6],[140.7,52.75],[141.05,52.8],[141.089,52.897],[141.256,52.84],[141.266,52.653],[141.245,52.55],[141.166,52.47],[141.15,52.475],[141.15,52.454],[141.132,52.436],[141.15,52.404],[141.15,52.4],[141.152,52.401],[141.17,52.368],[141.33,52.271],[141.409,52.234],[141.485,52.179],[141.386,52.057],[141.367,51.921],[141.258,51.861],[141.129,51.728],[141.05,51.684],[141.05,51.8],[141.0,51.95],[140.9,52.025],[140.9,52.15]]]]}},{"type":"Feature","properties":{"name":"Paleo-Siberian hunter-gatherers","name_zh":"","focus":false,"label":[80.62,56.52],"area":81.0,"color":"#7d6b5a","nolabel":true},"geometry":{"type":"MultiPolygon","coordinates":[[[[115.205,57.386],[114.867,58.0],[115.637,58.0],[115.205,57.386]]],[[[97.275,55.45],[96.975,55.625],[96.85,55.725],[96.85,55.8],[96.425,55.85],[96.175,55.85],[95.925,55.9],[95.85,56.0],[96.048,56.0],[93.7,56.484],[78.362,56.41],[74.439,56.0],[74.75,56.0],[74.6,55.875],[74.275,55.875],[74.275,55.85],[73.8,55.85],[73.8,55.825],[73.3,55.825],[73.3,55.8],[72.825,55.8],[72.825,55.775],[72.5,55.775],[72.125,55.65],[71.975,55.65],[71.775,55.575],[71.6,55.55],[71.0,55.55],[70.75,55.525],[70.375,55.45],[70.0,55.425],[70.0,55.536],[65.311,55.046],[60.0,56.229],[60.0,56.559],[62.805,56.955],[65.855,58.0],[104.256,58.0],[100.182,56.0],[100.4,56.0],[100.25,55.875],[99.95,55.825],[99.85,55.675],[99.725,55.65],[99.55,55.5],[99.425,55.5],[99.375,55.275],[99.15,55.225],[99.075,55.15],[99.0,54.95],[98.95,54.95],[98.775,54.725],[98.55,54.725],[98.35,54.9],[98.175,54.85],[98.1,54.725],[97.95,54.7],[97.925,54.75],[97.725,54.75],[97.7,54.875],[97.525,55.075],[97.35,55.175],[97.375,55.3],[97.275,55.45]]]]}},{"type":"Feature","properties":{"name":"Finno-Ugric taiga hunter-gatherers","name_zh":"","focus":false,"label":[62.17,57.48],"area":5.1,"color":"#5f87a3","nolabel":true},"geometry":{"type":"Polygon","coordinates":[[[65.855,58.0],[62.805,56.955],[60.0,56.559],[60.0,58.0],[65.855,58.0]]]}},{"type":"Feature","properties":{"name":"Second Turkic Khaganate","name_zh":"后突厥","focus":false,"label":[111.21,45.08],"area":406.6,"color":"#a3727a"},"geometry":{"type":"Polygon","coordinates":[[[82.35,47.175],[82.1,47.225],[81.95,47.325],[81.775,47.35],[81.675,47.425],[81.35,47.425],[81.25,47.475],[81.275,47.7],[81.275,48.075],[81.325,48.225],[81.1,48.4],[81.075,48.575],[81.125,48.7],[81.3,48.75],[81.4,48.9],[81.75,49.025],[81.75,49.2],[81.875,49.4],[81.775,49.45],[81.75,49.9],[81.825,49.95],[81.9,50.2],[81.825,50.2],[81.925,50.425],[81.925,50.7],[82.025,50.75],[82.225,50.75],[82.35,50.875],[82.6,51.025],[82.55,51.1],[82.625,51.225],[82.775,51.175],[82.95,51.175],[82.975,51.075],[83.4,51.1],[83.5,51.0],[83.75,50.975],[83.925,50.85],[84.125,50.825],[84.2,50.7],[84.5,50.8],[84.625,50.775],[84.725,50.85],[85.1,50.9],[85.25,50.975],[85.325,50.925],[85.375,50.725],[85.525,50.6],[85.65,50.6],[85.75,50.475],[86.0,50.525],[86.05,50.45],[86.3,50.325],[86.35,50.25],[86.6,50.2],[86.7,50.275],[86.7,50.4],[86.6,50.575],[86.7,50.65],[86.85,50.65],[86.975,50.725],[87.075,50.85],[87.15,50.75],[87.2,50.55],[87.275,50.55],[87.4,50.425],[87.675,50.425],[87.775,50.375],[88.35,50.325],[88.475,50.45],[88.525,50.6],[88.6,50.6],[88.65,50.725],[88.775,50.7],[88.875,50.75],[88.875,51.0],[89.0,51.05],[89.25,50.9],[89.525,50.9],[89.825,51.025],[90.125,51.025],[90.35,51.175],[90.4,51.35],[90.775,51.35],[90.875,51.55],[91.175,51.525],[91.25,51.775],[91.55,51.775],[91.7,51.9],[91.85,51.9],[91.925,51.825],[92.125,51.85],[92.2,51.75],[92.5,51.75],[92.5,51.675],[92.7,51.575],[92.9,51.575],[93.0,51.35],[93.0,51.2],[93.175,51.225],[93.175,51.275],[93.35,51.35],[93.35,51.525],[93.5,51.575],[94.15,51.575],[94.325,51.7],[94.625,51.75],[94.7,51.825],[94.875,51.85],[94.925,52.025],[95.15,52.0],[95.2,51.775],[95.3,51.75],[95.35,51.575],[95.475,51.55],[95.75,51.375],[95.775,51.3],[96.025,51.325],[96.175,51.375],[96.2,51.325],[96.4,51.3],[96.4,51.15],[96.525,51.025],[96.525,50.875],[96.6,50.75],[96.725,50.95],[96.8,50.925],[97.025,51.125],[97.375,51.125],[97.575,51.025],[97.7,51.175],[97.825,51.175],[98.0,51.1],[98.05,51.025],[98.375,51.075],[98.55,50.95],[98.625,51.1],[98.725,51.125],[98.8,51.3],[98.75,51.475],[98.85,51.475],[98.85,51.575],[98.975,51.625],[98.975,51.8],[99.1,51.825],[99.25,51.975],[99.7,51.95],[99.825,51.775],[100.0,51.75],[100.05,51.8],[100.55,51.825],[100.625,51.95],[100.925,51.85],[100.925,51.65],[101.025,51.55],[101.05,51.425],[101.225,51.375],[101.3,51.425],[101.475,51.4],[101.8,51.4],[102.1,51.275],[102.225,51.125],[102.45,51.075],[102.875,51.05],[102.9,51.1],[103.55,51.1],[103.6,51.15],[103.925,51.15],[104.025,51.025],[104.05,50.875],[104.375,51.0],[104.975,51.125],[105.125,51.175],[105.2,51.275],[105.325,51.275],[105.4,51.35],[105.55,51.35],[105.85,51.45],[106.175,51.45],[106.325,51.475],[106.35,51.55],[106.5,51.6],[106.625,51.575],[106.825,51.4],[106.8,51.25],[106.95,51.325],[107.1,51.3],[107.15,51.225],[107.375,51.2],[107.725,50.9],[107.875,50.9],[107.975,50.975],[108.175,51.025],[108.4,51.025],[108.425,51.1],[108.675,51.15],[108.8,51.05],[109.05,51.05],[109.225,51.15],[109.4,51.15],[109.45,51.05],[109.775,51.15],[109.975,51.15],[110.225,51.15],[110.225,50.975],[110.275,50.9],[110.5,50.875],[110.6,50.8],[110.8,50.8],[110.85,50.75],[111.0,50.775],[111.125,50.4],[111.275,50.4],[111.3,50.475],[111.475,50.55],[111.5,50.625],[111.675,50.6],[111.825,50.65],[111.975,50.55],[112.225,50.55],[112.25,50.75],[112.35,50.8],[112.7,50.775],[112.8,50.825],[113.175,50.8],[113.325,50.65],[113.725,50.7],[113.9,50.75],[113.95,50.85],[114.275,50.8],[114.35,50.925],[114.625,51.15],[114.725,51.1],[115.25,51.1],[115.4,50.925],[115.625,50.9],[115.625,51.025],[116.15,51.025],[116.2,51.075],[116.55,51.075],[116.75,51.175],[116.8,50.975],[117.075,50.975],[117.3,51.125],[117.35,51.0],[117.55,50.95],[117.65,51.025],[117.775,51.0],[117.8,50.875],[117.975,50.925],[118.35,50.95],[118.45,51.025],[118.6,51.05],[118.7,50.925],[118.875,50.875],[119.075,50.55],[119.275,50.5],[119.35,50.625],[119.45,50.65],[119.525,50.775],[119.75,50.775],[119.85,50.675],[120.25,50.825],[120.35,50.725],[120.725,50.85],[120.8,50.7],[121.1,50.775],[121.225,50.675],[121.225,50.6],[121.375,50.55],[121.425,50.375],[121.55,50.3],[121.55,50.225],[121.725,50.225],[121.875,50.55],[122.075,50.6],[122.1,50.725],[122.2,50.8],[122.4,50.8],[122.575,50.9],[122.65,51.075],[122.775,51.075],[123.1,51.175],[123.2,51.075],[123.3,51.075],[123.45,50.975],[123.625,50.95],[123.725,50.775],[124.0,50.775],[124.15,50.675],[124.45,50.675],[124.525,50.85],[124.775,50.825],[125.0,50.725],[125.075,50.625],[125.2,50.575],[125.425,50.575],[125.55,50.45],[125.7,50.475],[125.775,50.35],[126.05,50.325],[126.275,50.35],[126.4,50.3],[126.425,50.175],[126.625,50.2],[126.95,50.2],[127.15,50.3],[127.35,50.35],[127.35,50.275],[127.575,50.225],[127.5,49.95],[127.55,49.8],[127.675,49.825],[127.725,49.675],[127.9,49.6],[128.0,49.625],[128.075,49.55],[128.35,49.55],[128.375,49.6],[128.725,49.625],[128.875,49.525],[129.1,49.5],[129.275,49.575],[129.325,49.525],[129.475,49.55],[130.225,49.55],[130.4,49.6],[130.45,49.525],[130.725,49.45],[130.775,49.4],[130.975,49.375],[131.1,49.225],[131.275,49.125],[131.6,49.3],[132.025,49.325],[132.05,49.375],[132.35,49.375],[132.25,49.175],[132.25,49.0],[132.3,48.875],[132.6,48.775],[132.6,48.475],[132.7,48.275],[132.775,48.275],[132.9,48.075],[133.075,48.125],[133.575,48.1],[133.7,48.225],[133.9,48.225],[134.025,48.15],[134.2,47.9],[134.325,47.775],[134.6,47.625],[134.55,47.475],[134.325,47.425],[134.2,47.3],[134.25,47.225],[134.375,47.2],[134.475,47.1],[134.8,47.15],[134.825,47.05],[135.025,47.05],[135.05,46.95],[135.2,46.875],[135.325,46.875],[135.45,46.7],[135.5,46.725],[136.0,46.725],[136.05,46.5],[136.025,46.425],[136.15,46.35],[136.175,46.175],[136.325,46.15],[136.625,45.9],[136.825,45.7],[137.025,45.7],[137.275,45.625],[137.335,45.56],[137.147,45.394],[136.804,45.171],[136.737,45.08],[136.604,44.978],[136.46,44.822],[136.251,44.667],[136.209,44.562],[136.142,44.489],[136.095,44.474],[136.033,44.398],[135.76,44.238],[135.533,43.971],[135.489,43.899],[135.483,43.835],[135.26,43.685],[135.131,43.526],[134.917,43.427],[134.692,43.291],[134.637,43.265],[134.568,43.212],[134.138,42.992],[134.037,42.964],[134.01,42.947],[133.709,42.83],[133.587,42.828],[133.329,42.764],[133.16,42.697],[133.106,42.711],[133.074,42.702],[133.0,42.85],[133.0,43.05],[132.95,43.1],[132.925,43.35],[132.825,43.45],[132.6,43.45],[132.45,43.675],[132.375,43.9],[132.25,44.0],[132.225,44.1],[132.05,44.25],[131.925,44.45],[131.75,44.625],[131.7,44.8],[131.45,44.775],[131.275,44.85],[131.125,44.75],[130.8,44.75],[130.7,44.825],[130.525,44.825],[130.35,44.875],[130.35,45.025],[130.225,45.1],[129.825,45.175],[129.75,45.125],[129.55,45.125],[129.45,45.225],[129.275,45.225],[129.25,45.075],[129.0,44.825],[128.85,44.775],[128.65,44.525],[128.425,44.475],[128.325,44.4],[128.325,44.3],[128.175,44.15],[127.975,44.1],[127.85,44.0],[127.85,43.85],[127.65,43.675],[127.65,43.475],[127.725,43.4],[127.475,43.1],[127.2,43.05],[127.125,42.975],[126.975,43.025],[126.975,43.1],[126.7,42.875],[126.675,42.7],[126.725,42.675],[126.625,42.55],[126.5,42.5],[126.375,42.575],[125.975,42.575],[125.925,42.625],[125.65,42.575],[125.475,42.425],[124.975,42.475],[124.85,42.35],[124.775,42.45],[124.55,42.45],[124.375,42.575],[124.275,42.7],[124.125,42.7],[123.9,42.825],[123.675,42.825],[123.525,43.0],[123.55,43.225],[123.3,43.225],[123.175,43.15],[122.925,43.15],[122.7,43.025],[122.45,42.925],[122.075,42.925],[121.775,42.9],[121.425,42.625],[121.15,42.625],[121.0,42.7],[120.775,42.725],[120.525,42.6],[120.275,42.325],[120.225,42.2],[120.075,42.125],[119.775,42.125],[119.4,42.4],[119.2,42.475],[118.95,42.475],[118.725,42.35],[118.425,42.325],[118.1,42.325],[117.95,42.225],[117.75,42.225],[117.575,42.325],[117.575,42.025],[117.625,41.9],[117.5,41.9],[117.325,41.825],[117.275,41.575],[117.05,41.6],[116.7,41.6],[116.55,41.65],[116.475,41.575],[116.225,41.6],[116.1,41.4],[115.95,41.375],[115.9,41.3],[115.525,41.325],[115.35,41.175],[115.325,41.1],[114.975,41.125],[114.725,41.025],[114.5,41.025],[114.475,40.825],[114.35,40.75],[114.225,40.75],[114.025,40.625],[114.025,40.575],[113.725,40.575],[113.575,40.675],[113.3,40.725],[113.0,40.725],[112.675,41.025],[112.65,41.125],[112.5,41.15],[112.45,41.225],[112.075,41.275],[112.05,41.225],[111.875,41.2],[111.65,41.1],[111.625,41.05],[111.425,41.025],[111.1,41.025],[111.0,41.1],[110.775,41.05],[110.1,40.975],[109.975,41.125],[109.725,41.125],[109.6,41.05],[109.45,41.025],[109.425,40.725],[109.075,40.725],[108.875,40.7],[108.675,40.75],[108.8,40.9],[108.725,41.025],[108.375,41.05],[108.275,40.925],[107.925,40.95],[107.725,41.25],[107.75,41.575],[107.45,41.6],[107.275,41.45],[107.1,41.4],[106.925,41.3],[106.675,41.25],[106.5,41.1],[106.4,41.075],[106.2,40.875],[105.9,40.875],[105.7,40.825],[105.55,40.925],[105.075,41.05],[104.775,40.95],[104.575,40.95],[104.525,40.9],[104.15,40.825],[104.05,40.75],[103.975,40.525],[103.8,40.4],[103.625,40.375],[103.525,40.225],[103.5,40.075],[103.275,39.975],[103.025,39.925],[102.825,39.65],[102.525,39.525],[102.375,39.35],[102.2,39.55],[101.95,39.75],[101.475,39.75],[101.175,39.875],[101.125,39.875],[101.025,40.125],[100.9,40.25],[100.55,40.375],[100.475,40.5],[100.325,40.6],[99.925,40.75],[99.8,40.9],[99.65,40.875],[99.15,40.875],[99.075,41.025],[98.675,41.025],[98.5,40.925],[98.425,41.15],[98.275,41.275],[98.05,41.55],[97.75,41.475],[97.475,41.475],[97.25,41.525],[96.9,41.525],[96.725,41.5],[96.65,41.575],[96.5,41.575],[96.375,41.65],[96.3,41.775],[95.975,41.75],[95.875,41.825],[95.625,41.8],[95.55,41.8],[95.55,41.925],[95.4,42.15],[95.4,42.6],[95.35,42.7],[95.325,42.925],[95.1,42.9],[94.775,43.025],[94.525,43.05],[94.475,43.1],[94.225,43.175],[94.125,43.325],[94.025,43.375],[93.95,43.575],[93.65,43.7],[93.725,44.025],[93.85,44.25],[93.925,44.45],[93.925,44.575],[94.0,44.7],[93.975,44.925],[93.925,44.95],[93.925,45.125],[94.1,45.175],[94.075,45.5],[94.125,45.65],[93.95,45.725],[93.675,45.95],[93.325,46.05],[93.1,46.225],[92.825,46.325],[92.725,46.425],[92.525,46.5],[92.45,46.575],[92.325,46.575],[92.15,46.725],[91.825,46.675],[91.525,46.9],[91.425,47.05],[91.425,47.2],[91.325,47.275],[90.925,47.275],[90.8,47.25],[90.75,47.175],[90.55,47.225],[90.425,47.35],[90.3,47.6],[90.225,47.675],[89.875,47.775],[89.625,47.8],[89.575,47.75],[89.3,47.8],[89.2,47.875],[89.2,48.0],[89.125,48.075],[88.95,48.0],[88.8,48.0],[88.625,48.15],[88.4,48.15],[88.275,48.225],[88.05,48.25],[87.95,48.175],[87.7,48.175],[87.55,48.0],[87.35,47.95],[87.25,47.775],[87.1,47.725],[87.025,47.625],[86.75,47.725],[86.675,47.825],[86.575,47.825],[86.6,47.575],[86.45,47.575],[86.3,47.35],[86.3,47.05],[86.05,47.075],[85.525,47.075],[85.525,47.05],[85.15,47.05],[84.975,46.8],[84.675,46.8],[84.475,46.525],[84.3,46.5],[84.2,46.425],[83.925,46.475],[83.6,46.625],[82.875,46.625],[82.875,47.15],[82.8,47.175],[82.35,47.175]]]}},{"type":"Feature","properties":{"name":"Kwarezm","name_zh":"","focus":false,"label":[60.37,40.68],"area":1.4,"color":"#7272a8"},"geometry":{"type":"Polygon","coordinates":[[[60.0,40.066],[60.0,42.128],[61.107,41.272],[60.38,40.091],[60.0,40.066]]]}},{"type":"Feature","properties":{"name":"Karluks","name_zh":"葛逻禄","focus":false,"label":[99.35,40.6],"area":5.8,"color":"#6f9460"},"geometry":{"type":"MultiPolygon","coordinates":[[[[99.65,40.875],[99.8,40.9],[99.925,40.75],[100.325,40.6],[100.475,40.5],[100.55,40.375],[100.9,40.25],[101.025,40.125],[101.125,39.875],[101.1,39.875],[101.025,39.8],[100.75,39.65],[100.675,39.75],[100.175,39.725],[100.1,39.65],[99.9,39.725],[99.85,39.8],[99.225,39.8],[99.05,40.0],[99.0,40.175],[98.9,40.35],[98.925,40.55],[98.75,40.6],[98.55,40.775],[98.5,40.925],[98.675,41.025],[99.075,41.025],[99.15,40.875],[99.65,40.875]]],[[[91.175,39.875],[91.3,39.975],[91.35,40.125],[91.525,40.275],[91.525,40.4],[91.625,40.5],[91.75,40.5],[92.225,40.75],[92.375,40.925],[92.65,41.025],[93.0,41.025],[93.15,40.9],[93.375,40.9],[93.475,40.9],[93.475,40.55],[93.5,40.55],[93.5,40.225],[93.45,40.175],[93.425,39.8],[93.3,39.575],[93.3,39.15],[93.2,39.15],[93.2,39.125],[92.875,39.125],[92.8,39.1],[92.675,38.95],[92.525,38.925],[92.05,38.925],[91.85,38.9],[91.8,38.975],[91.35,38.975],[91.35,38.95],[91.325,38.95],[91.2,39.125],[91.175,39.225],[91.175,39.875]]]]}},{"type":"Feature","properties":{"name":"Tungus","name_zh":"靺鞨","focus":false,"label":[126.05,51.66],"area":228.9,"color":"#9a8a4a"},"geometry":{"type":"Polygon","coordinates":[[[110.25,51.875],[110.35,51.975],[110.325,52.05],[110.325,52.4],[110.4,52.425],[110.525,52.6],[110.6,52.6],[110.725,52.725],[110.875,52.8],[110.875,53.05],[111.0,53.275],[111.075,53.6],[111.2,53.75],[111.2,53.875],[111.625,54.025],[111.8,54.05],[112.0,54.125],[112.15,54.225],[112.4,54.625],[112.475,54.625],[112.375,54.875],[112.0,55.125],[112.1,55.275],[112.325,55.275],[112.525,55.325],[112.675,55.5],[112.675,56.0],[114.23,56.0],[115.637,58.0],[140.347,58.0],[140.028,57.644],[138.866,57.124],[138.345,56.804],[137.253,56.0],[137.419,56.0],[137.384,55.975],[137.19,55.892],[137.033,55.807],[137.0,55.8],[137.0,55.79],[136.794,55.694],[136.566,55.614],[136.521,55.589],[136.369,55.521],[136.351,55.51],[136.175,55.352],[135.751,55.161],[135.541,55.114],[135.263,54.943],[135.235,54.903],[135.212,54.841],[135.258,54.731],[135.325,54.707],[135.438,54.692],[135.852,54.584],[136.238,54.614],[136.322,54.614],[136.35,54.6],[136.36,54.614],[136.58,54.614],[136.715,54.624],[136.797,54.621],[136.824,54.561],[136.82,54.452],[136.77,54.353],[136.729,54.061],[136.683,53.931],[136.719,53.804],[136.803,53.782],[136.886,53.839],[137.017,53.848],[137.04,53.862],[137.166,53.842],[137.258,54.025],[137.172,54.057],[137.096,54.129],[137.142,54.182],[137.378,54.282],[137.525,54.291],[137.666,54.283],[137.513,54.156],[137.451,54.13],[137.403,54.124],[137.339,54.101],[137.476,54.028],[137.623,53.97],[137.835,53.947],[137.786,53.903],[137.645,53.866],[137.517,53.707],[137.363,53.65],[137.35,53.65],[137.348,53.644],[137.314,53.632],[137.221,53.579],[137.254,53.546],[137.328,53.539],[137.738,53.56],[137.95,53.604],[138.253,53.726],[138.379,53.909],[138.412,53.924],[138.416,54.091],[138.715,54.088],[138.705,54.148],[138.716,54.223],[138.657,54.298],[138.696,54.32],[139.105,54.218],[139.32,54.193],[139.707,54.277],[139.796,54.256],[139.858,54.205],[140.179,54.052],[140.242,54.001],[140.347,53.813],[140.688,53.596],[141.006,53.495],[141.015,53.454],[141.05,53.434],[141.05,53.425],[141.061,53.427],[141.218,53.334],[141.374,53.293],[141.402,53.184],[141.328,53.097],[141.181,53.015],[141.112,53.033],[141.089,52.985],[141.02,52.943],[141.087,52.898],[141.089,52.897],[141.05,52.8],[140.7,52.75],[140.65,52.6],[140.775,52.4],[140.775,52.275],[140.9,52.15],[140.9,52.025],[141.0,51.95],[141.05,51.8],[141.05,51.684],[140.933,51.62],[140.839,51.414],[140.688,51.232],[140.671,51.051],[140.646,50.987],[140.521,50.8],[140.476,50.546],[140.535,50.131],[140.564,50.107],[140.625,50.082],[140.613,50.054],[140.585,50.033],[140.463,49.911],[140.465,49.826],[140.511,49.762],[140.517,49.596],[140.431,49.331],[140.399,49.29],[140.364,49.221],[140.349,49.159],[140.326,49.12],[140.309,49.054],[140.334,48.995],[140.378,48.964],[140.224,48.773],[140.171,48.524],[140.113,48.423],[139.998,48.324],[139.761,48.181],[139.676,48.09],[139.521,47.975],[139.373,47.887],[139.167,47.635],[139.001,47.383],[138.958,47.349],[138.949,47.322],[138.576,47.042],[138.53,46.976],[138.5,46.89],[138.392,46.745],[138.337,46.543],[138.21,46.463],[138.106,46.251],[137.769,45.929],[137.685,45.818],[137.425,45.64],[137.335,45.56],[137.275,45.625],[137.025,45.7],[136.825,45.7],[136.625,45.9],[136.325,46.15],[136.175,46.175],[136.15,46.35],[136.025,46.425],[136.05,46.5],[136.0,46.725],[135.5,46.725],[135.45,46.7],[135.325,46.875],[135.2,46.875],[135.05,46.95],[135.025,47.05],[134.825,47.05],[134.8,47.15],[134.475,47.1],[134.375,47.2],[134.25,47.225],[134.2,47.3],[134.325,47.425],[134.55,47.475],[134.6,47.625],[134.325,47.775],[134.2,47.9],[134.025,48.15],[133.9,48.225],[133.7,48.225],[133.575,48.1],[133.075,48.125],[132.9,48.075],[132.775,48.275],[132.7,48.275],[132.6,48.475],[132.6,48.775],[132.3,48.875],[132.25,49.0],[132.25,49.175],[132.35,49.375],[132.05,49.375],[132.025,49.325],[131.6,49.3],[131.275,49.125],[131.1,49.225],[130.975,49.375],[130.775,49.4],[130.725,49.45],[130.45,49.525],[130.4,49.6],[130.225,49.55],[129.475,49.55],[129.325,49.525],[129.275,49.575],[129.1,49.5],[128.875,49.525],[128.725,49.625],[128.375,49.6],[128.35,49.55],[128.075,49.55],[128.0,49.625],[127.9,49.6],[127.725,49.675],[127.675,49.825],[127.55,49.8],[127.5,49.95],[127.575,50.225],[127.35,50.275],[127.35,50.35],[127.15,50.3],[126.95,50.2],[126.625,50.2],[126.425,50.175],[126.4,50.3],[126.275,50.35],[126.05,50.325],[125.775,50.35],[125.7,50.475],[125.55,50.45],[125.425,50.575],[125.2,50.575],[125.075,50.625],[125.0,50.725],[124.775,50.825],[124.525,50.85],[124.45,50.675],[124.15,50.675],[124.0,50.775],[123.725,50.775],[123.625,50.95],[123.45,50.975],[123.3,51.075],[123.2,51.075],[123.1,51.175],[122.775,51.075],[122.65,51.075],[122.575,50.9],[122.4,50.8],[122.2,50.8],[122.1,50.725],[122.075,50.6],[121.875,50.55],[121.725,50.225],[121.55,50.225],[121.55,50.3],[121.425,50.375],[121.375,50.55],[121.225,50.6],[121.225,50.675],[121.1,50.775],[120.8,50.7],[120.725,50.85],[120.35,50.725],[120.25,50.825],[119.85,50.675],[119.75,50.775],[119.525,50.775],[119.45,50.65],[119.35,50.625],[119.275,50.5],[119.075,50.55],[118.875,50.875],[118.7,50.925],[118.6,51.05],[118.45,51.025],[118.35,50.95],[117.975,50.925],[117.8,50.875],[117.775,51.0],[117.65,51.025],[117.55,50.95],[117.35,51.0],[117.3,51.125],[117.075,50.975],[116.8,50.975],[116.75,51.175],[116.55,51.075],[116.2,51.075],[116.15,51.025],[115.625,51.025],[115.625,50.9],[115.4,50.925],[115.25,51.1],[114.725,51.1],[114.625,51.15],[114.35,50.925],[114.275,50.8],[113.95,50.85],[113.9,50.75],[113.725,50.7],[113.325,50.65],[113.175,50.8],[112.8,50.825],[112.7,50.775],[112.35,50.8],[112.25,50.75],[112.225,50.55],[111.975,50.55],[111.825,50.65],[111.675,50.6],[111.5,50.625],[111.475,50.55],[111.3,50.475],[111.275,50.4],[111.125,50.4],[111.0,50.775],[110.85,50.75],[110.8,50.8],[110.6,50.8],[110.5,50.875],[110.275,50.9],[110.225,50.975],[110.225,51.15],[109.975,51.15],[109.9,51.15],[109.85,51.525],[110.25,51.675],[110.25,51.875]]]}},{"type":"Feature","properties":{"name":"Silla","name_zh":"新罗","focus":false,"label":[128.16,36.85],"area":14.1,"color":"#5f87a3"},"geometry":{"type":"MultiPolygon","coordinates":[[[[126.344,34.545],[126.38,34.498],[126.335,34.426],[126.234,34.371],[126.17,34.355],[126.134,34.39],[126.109,34.399],[126.123,34.444],[126.227,34.533],[126.247,34.563],[126.344,34.545]]],[[[126.071,34.783],[126.052,34.838],[126.008,34.867],[126.078,34.915],[126.169,34.83],[126.172,34.731],[126.159,34.707],[126.115,34.714],[126.071,34.783]]],[[[126.338,36.471],[126.319,36.613],[126.387,36.571],[126.418,36.493],[126.404,36.428],[126.338,36.471]]],[[[126.369,37.772],[126.412,37.823],[126.494,37.783],[126.521,37.737],[126.516,37.605],[126.461,37.61],[126.423,37.624],[126.407,37.649],[126.369,37.772]]],[[[124.636,37.981],[124.661,37.973],[124.717,37.989],[124.745,37.981],[124.755,37.97],[124.754,37.955],[124.74,37.947],[124.717,37.933],[124.697,37.92],[124.656,37.925],[124.625,37.945],[124.636,37.981]]],[[[127.786,39.084],[127.972,38.898],[128.123,38.816],[128.163,38.786],[128.249,38.745],[128.329,38.681],[128.375,38.623],[128.454,38.479],[128.619,38.176],[128.817,37.931],[129.049,37.685],[129.143,37.547],[129.335,37.275],[129.342,37.257],[129.433,37.058],[129.423,36.987],[129.426,36.926],[129.439,36.874],[129.474,36.774],[129.469,36.76],[129.473,36.742],[129.433,36.637],[129.445,36.471],[129.435,36.425],[129.438,36.4],[129.421,36.374],[129.393,36.323],[129.391,36.202],[129.402,36.138],[129.404,36.052],[129.426,36.019],[129.458,36.006],[129.51,36.038],[129.512,36.038],[129.557,36.078],[129.569,36.05],[129.573,36.051],[129.572,36.043],[129.588,36.007],[129.439,35.475],[129.346,35.363],[129.329,35.333],[129.214,35.182],[129.183,35.168],[129.136,35.112],[128.978,35.084],[128.976,35.101],[128.85,35.096],[128.81,35.084],[128.77,35.098],[128.643,35.12],[128.511,35.101],[128.458,35.069],[128.43,35.031],[128.477,35.053],[128.501,35.008],[128.445,34.838],[128.335,34.871],[128.333,34.893],[128.276,34.911],[128.211,34.914],[128.203,34.888],[128.072,34.921],[128.02,34.986],[127.885,34.972],[127.873,34.966],[127.763,34.958],[127.646,34.901],[127.639,34.89],[127.663,34.843],[127.687,34.825],[127.773,34.843],[127.747,34.727],[127.634,34.614],[127.554,34.656],[127.567,34.764],[127.565,34.766],[127.524,34.84],[127.487,34.843],[127.418,34.818],[127.399,34.795],[127.39,34.743],[127.423,34.688],[127.443,34.666],[127.514,34.591],[127.315,34.443],[127.123,34.548],[127.206,34.635],[127.201,34.61],[127.261,34.662],[127.268,34.717],[127.05,34.62],[127.031,34.607],[126.939,34.491],[126.889,34.412],[126.8,34.463],[126.796,34.495],[126.755,34.512],[126.717,34.483],[126.658,34.391],[126.7,34.396],[126.753,34.344],[126.77,34.296],[126.689,34.305],[126.646,34.351],[126.65,34.379],[126.6,34.3],[126.557,34.316],[126.531,34.314],[126.522,34.329],[126.478,34.345],[126.463,34.484],[126.288,34.59],[126.288,34.644],[126.264,34.673],[126.289,34.704],[126.289,34.742],[126.313,34.717],[126.426,34.695],[126.512,34.697],[126.476,34.724],[126.505,34.738],[126.473,34.756],[126.539,34.779],[126.593,34.824],[126.548,34.837],[126.526,34.828],[126.51,34.775],[126.375,34.785],[126.408,34.885],[126.398,34.933],[126.387,34.951],[126.318,34.932],[126.249,35.116],[126.298,35.134],[126.291,35.154],[126.361,35.217],[126.396,35.314],[126.397,35.316],[126.421,35.406],[126.457,35.447],[126.46,35.456],[126.493,35.501],[126.508,35.507],[126.523,35.524],[126.559,35.526],[126.582,35.534],[126.614,35.571],[126.579,35.584],[126.498,35.578],[126.474,35.635],[126.488,35.642],[126.488,35.647],[126.535,35.666],[126.545,35.672],[126.602,35.714],[126.717,35.769],[126.753,35.872],[126.726,35.893],[126.615,35.89],[126.631,35.967],[126.664,35.974],[126.664,35.975],[126.683,36.001],[126.544,36.136],[126.464,36.574],[126.507,36.586],[126.488,36.694],[126.433,36.678],[126.389,36.651],[126.322,36.667],[126.293,36.581],[126.278,36.678],[126.231,36.689],[126.212,36.69],[126.172,36.672],[126.128,36.751],[126.182,36.809],[126.19,36.824],[126.184,36.878],[126.291,36.962],[126.304,36.927],[126.349,36.956],[126.355,36.996],[126.442,36.999],[126.447,36.981],[126.487,37.007],[126.498,37.009],[126.502,37.052],[126.554,37.016],[126.578,37.02],[126.671,36.969],[126.781,36.963],[126.785,36.947],[126.839,36.846],[126.872,36.824],[126.879,36.862],[126.958,36.906],[126.969,36.926],[126.908,36.919],[126.752,37.048],[126.776,37.123],[126.783,37.127],[126.778,37.147],[126.694,37.121],[126.661,37.156],[126.661,37.253],[126.775,37.26],[126.791,37.295],[126.786,37.3],[126.722,37.328],[126.734,37.364],[126.709,37.396],[126.656,37.411],[126.621,37.481],[126.653,37.485],[126.657,37.551],[126.649,37.561],[126.547,37.647],[126.56,37.794],[126.444,37.849],[126.441,37.85],[126.338,37.826],[126.338,37.673],[126.209,37.754],[125.909,37.511],[125.741,37.784],[125.592,37.826],[125.582,37.815],[125.502,37.764],[125.269,37.484],[125.076,37.77],[124.851,37.891],[124.769,37.935],[124.697,38.127],[124.691,38.129],[124.696,38.132],[124.693,38.139],[124.736,38.279],[124.929,38.464],[124.972,38.477],[124.974,38.48],[125.067,38.557],[125.286,38.655],[125.293,38.688],[125.027,38.815],[125.296,39.364],[125.269,39.4],[127.456,39.4],[127.422,39.374],[127.383,39.296],[127.395,39.208],[127.497,39.179],[127.581,39.143],[127.699,39.125],[127.786,39.084]]],[[[127.799,34.615],[127.788,34.584],[127.737,34.631],[127.787,34.682],[127.799,34.615]]],[[[127.832,34.875],[127.915,34.921],[127.966,34.893],[128.038,34.879],[128.066,34.806],[128.055,34.708],[127.984,34.703],[127.942,34.766],[127.897,34.735],[127.873,34.735],[127.838,34.813],[127.832,34.875]]],[[[128.722,35.014],[128.741,34.799],[128.647,34.737],[128.52,34.82],[128.489,34.865],[128.586,34.932],[128.668,35.009],[128.722,35.014]]],[[[127.46,39.4],[127.53,39.4],[127.523,39.377],[127.46,39.4]]]]}},{"type":"Feature","properties":{"name":"Pandyas","name_zh":"","focus":false,"label":[77.57,9.36],"area":2.4,"color":"#8a6f9e"},"geometry":{"type":"Polygon","coordinates":[[[76.975,9.475],[77.1,9.6],[77.175,9.975],[77.225,9.925],[77.525,9.9],[77.55,9.95],[77.775,9.95],[77.95,9.8],[78.125,9.525],[78.575,9.225],[78.65,9.125],[78.65,9.119],[78.313,8.995],[78.181,8.811],[78.135,8.499],[78.064,8.385],[78.026,8.361],[77.77,8.19],[77.72,8.173],[77.484,8.028],[77.341,8.053],[77.128,8.271],[77.066,8.316],[76.967,8.407],[76.845,8.561],[76.703,8.706],[76.676,8.773],[76.617,8.847],[76.553,8.903],[76.483,9.091],[76.472,9.161],[76.452,9.189],[76.419,9.208],[76.403,9.237],[76.399,9.249],[76.4,9.25],[76.4,9.3],[76.85,9.475],[76.975,9.475]]]}},{"type":"Feature","properties":{"name":"Cholas","name_zh":"","focus":false,"label":[78.64,10.3],"area":3.3,"color":"#a07d5a"},"geometry":{"type":"Polygon","coordinates":[[[77.75,10.6],[77.975,10.85],[77.975,11.075],[78.1,11.075],[78.2,10.975],[78.325,10.975],[78.4,11.1],[78.4,11.375],[78.55,11.4],[78.65,11.3],[78.725,11.325],[79.025,11.3],[79.1,11.25],[79.475,11.3],[79.6,11.375],[79.765,11.399],[79.749,11.371],[79.721,11.341],[79.723,11.32],[79.799,11.339],[79.835,11.269],[79.849,11.197],[79.85,10.769],[79.838,10.323],[79.812,10.317],[79.789,10.25],[79.313,10.255],[79.254,10.175],[79.258,10.035],[79.089,9.808],[79.072,9.759],[78.927,9.493],[78.926,9.491],[78.937,9.435],[79.116,9.308],[79.18,9.298],[79.175,9.275],[79.175,9.258],[79.12,9.261],[78.797,9.13],[78.672,9.124],[78.629,9.166],[78.623,9.164],[78.66,9.123],[78.65,9.119],[78.65,9.125],[78.575,9.225],[78.125,9.525],[77.95,9.8],[77.775,9.95],[77.55,9.95],[77.525,9.9],[77.225,9.925],[77.175,9.975],[77.2,10.15],[77.7,10.325],[77.7,10.5],[77.75,10.6]]]}},{"type":"Feature","properties":{"name":"Cheras","name_zh":"","focus":false,"label":[76.95,10.83],"area":4.9,"color":"#b0805f"},"geometry":{"type":"Polygon","coordinates":[[[75.825,12.3],[75.925,12.5],[76.05,12.625],[76.15,12.625],[76.275,12.75],[76.35,12.9],[76.525,12.9],[76.7,12.675],[76.75,12.675],[76.825,12.375],[76.925,12.25],[77.075,12.175],[77.175,11.95],[77.175,11.775],[77.475,11.7],[77.575,11.525],[77.675,11.5],[77.675,11.375],[77.75,11.35],[77.875,11.2],[77.9,11.075],[77.975,11.075],[77.975,10.85],[77.75,10.6],[77.7,10.5],[77.7,10.325],[77.2,10.15],[77.175,9.975],[77.1,9.6],[76.975,9.475],[76.85,9.475],[76.4,9.3],[76.4,9.25],[76.399,9.249],[76.325,9.452],[76.292,9.676],[76.242,9.927],[76.285,9.91],[76.343,9.827],[76.372,9.707],[76.376,9.54],[76.42,9.52],[76.438,9.528],[76.385,9.747],[76.3,9.968],[76.249,10.018],[76.223,10.024],[76.196,10.086],[76.193,10.164],[76.201,10.201],[76.123,10.327],[76.096,10.402],[75.923,10.784],[75.866,10.981],[75.651,11.423],[75.364,11.865],[75.294,11.972],[75.425,12.125],[75.575,12.2],[75.6,12.275],[75.825,12.3]]]}},{"type":"Feature","properties":{"name":"Nan-Zhao","name_zh":"南诏","focus":false,"label":[98.12,21.54],"area":17.7,"color":"#a07d5a"},"geometry":{"type":"Polygon","coordinates":[[[99.85,19.975],[99.725,19.875],[99.575,19.875],[99.45,19.8],[99.3,19.6],[99.3,19.3],[98.925,19.275],[98.85,19.3],[98.775,19.45],[98.625,19.4],[98.65,19.05],[98.625,19.0],[98.425,18.925],[98.25,18.775],[98.275,18.575],[98.15,18.35],[97.8,18.325],[97.75,18.475],[97.625,18.475],[97.55,18.325],[97.45,18.4],[97.225,18.375],[97.175,18.325],[97.05,18.475],[97.025,18.9],[96.975,18.925],[96.9,19.15],[96.825,19.2],[96.825,19.8],[96.775,20.05],[96.7,20.2],[96.7,20.325],[96.575,20.55],[96.325,20.825],[96.225,20.825],[96.1,20.95],[96.025,21.15],[96.025,21.375],[95.975,21.475],[96.1,21.575],[96.225,21.85],[96.375,21.8],[96.475,22.0],[96.475,22.35],[96.55,22.65],[96.55,22.9],[96.7,22.85],[97.0,22.925],[97.1,23.0],[97.1,23.275],[97.2,23.325],[97.45,23.6],[97.575,23.6],[97.6,23.725],[97.45,23.775],[97.475,23.95],[97.65,24.1],[97.6,24.25],[97.825,24.4],[97.925,24.175],[98.075,24.175],[98.2,24.075],[98.4,24.2],[98.6,24.2],[98.775,24.275],[98.825,24.175],[98.95,24.175],[99.05,24.1],[99.175,24.1],[99.2,23.875],[99.4,23.875],[99.5,23.925],[99.7,24.175],[99.825,24.25],[99.9,24.225],[100.175,24.25],[100.35,24.2],[100.35,24.075],[100.275,24.025],[100.2,23.8],[100.1,23.725],[100.125,23.525],[100.025,23.45],[100.025,23.175],[99.975,22.9],[100.125,22.8],[100.325,22.8],[100.325,22.6],[100.275,22.425],[100.35,22.4],[100.35,22.275],[100.475,22.15],[100.275,22.125],[100.175,21.975],[100.175,21.85],[100.325,21.85],[100.4,21.65],[100.275,21.55],[100.125,21.55],[100.075,21.475],[100.25,21.3],[100.325,20.975],[100.425,20.95],[100.225,20.725],[100.125,20.425],[99.975,20.35],[99.925,20.2],[99.825,20.125],[99.85,19.975]]]}},{"type":"Feature","properties":{"name":"Tibetan Empire","name_zh":"吐蕃","focus":false,"label":[89.94,31.88],"area":217.0,"color":"#6f9460"},"geometry":{"type":"Polygon","coordinates":[[[72.8,35.7],[72.725,35.875],[72.725,36.125],[72.825,36.325],[72.95,36.425],[73.05,36.725],[73.175,36.75],[73.175,36.9],[73.275,36.9],[73.3,36.85],[73.625,36.85],[73.825,36.825],[73.875,36.875],[74.15,36.875],[74.35,36.925],[74.425,37.025],[74.825,37.025],[74.85,36.95],[75.075,36.975],[75.275,36.85],[75.275,36.75],[75.475,36.625],[75.625,36.625],[75.75,36.55],[75.75,36.3],[75.8,36.1],[75.875,36.075],[76.0,36.15],[76.175,36.1],[76.175,36.0],[76.325,35.875],[76.575,35.9],[76.675,35.75],[76.8,35.825],[76.925,35.825],[77.025,35.9],[77.25,35.85],[77.425,36.075],[77.675,36.1],[77.825,36.0],[77.975,36.1],[78.3,36.075],[78.375,35.95],[78.575,35.925],[78.625,35.85],[79.025,35.775],[79.175,35.775],[79.425,35.95],[79.55,35.8],[79.775,35.725],[79.825,35.65],[79.975,35.6],[80.375,35.6],[80.5,35.525],[80.625,35.525],[80.725,35.45],[81.05,35.425],[81.15,35.475],[81.55,35.475],[81.8,35.575],[82.125,35.525],[82.3,35.6],[82.425,35.75],[82.575,35.8],[82.675,35.925],[82.9,35.95],[83.05,36.075],[83.225,36.125],[83.5,36.125],[83.575,36.175],[83.85,36.15],[84.0,36.2],[84.075,36.3],[84.525,36.325],[84.625,36.4],[84.85,36.425],[84.975,36.575],[85.125,36.675],[85.575,36.675],[85.825,36.8],[85.875,36.95],[85.975,37.0],[86.175,37.0],[86.3,36.95],[86.5,36.95],[86.725,36.875],[87.025,36.875],[87.125,37.0],[87.225,37.0],[87.325,37.15],[87.45,37.175],[87.575,37.3],[87.775,37.35],[87.875,37.45],[88.05,37.5],[88.1,37.575],[88.35,37.625],[88.575,37.775],[88.8,37.975],[88.8,38.15],[89.075,38.2],[89.2,38.275],[89.45,38.325],[89.475,38.675],[89.75,38.725],[89.9,38.8],[90.15,38.8],[90.375,38.85],[90.7,38.825],[90.8,38.9],[91.25,38.925],[91.25,38.95],[91.35,38.95],[91.35,38.975],[91.8,38.975],[91.85,38.9],[92.05,38.925],[92.525,38.925],[92.675,38.95],[92.8,39.1],[92.875,39.125],[93.2,39.125],[93.2,39.15],[93.325,39.15],[93.45,39.2],[93.825,39.15],[93.9,39.075],[93.925,38.775],[93.9,38.675],[94.175,38.65],[94.325,38.825],[94.5,38.875],[94.775,39.1],[94.85,39.1],[95.0,38.95],[95.175,38.95],[95.25,39.025],[95.425,39.0],[95.575,38.825],[95.5,38.5],[95.575,38.35],[95.9,38.35],[96.225,38.2],[96.675,38.1],[96.75,38.175],[97.025,38.2],[97.25,38.05],[97.5,38.025],[97.575,38.075],[97.75,38.05],[97.9,38.175],[97.95,38.275],[98.2,38.275],[98.275,38.325],[98.475,38.35],[98.65,38.25],[98.825,38.25],[99.0,38.0],[99.125,38.0],[99.25,37.925],[99.4,37.925],[99.65,37.825],[100.05,37.875],[100.175,37.775],[100.525,37.775],[100.675,37.8],[100.725,37.75],[100.9,37.75],[100.95,37.475],[101.0,37.375],[101.15,37.25],[101.225,37.025],[101.175,36.95],[101.0,36.9],[100.95,36.775],[100.975,36.6],[101.15,36.375],[101.3,36.325],[101.55,36.325],[101.65,36.225],[101.55,36.025],[101.675,35.95],[101.525,35.8],[101.55,35.225],[101.2,35.075],[101.1,34.975],[101.1,34.55],[101.25,34.275],[101.375,34.25],[101.35,33.975],[101.025,33.875],[100.975,33.75],[101.0,33.425],[101.125,33.225],[101.125,33.1],[101.05,33.05],[101.075,32.875],[101.25,32.8],[101.2,32.65],[101.2,32.475],[101.4,32.35],[101.425,32.25],[101.3,32.1],[101.275,31.975],[101.45,31.85],[101.475,31.6],[101.575,31.525],[101.6,31.4],[101.5,31.4],[101.375,31.3],[101.325,31.175],[101.35,31.0],[101.425,30.95],[101.425,30.55],[101.35,30.375],[101.425,30.325],[101.4,29.95],[101.45,29.775],[101.3,29.6],[101.25,29.425],[100.8,29.525],[100.775,29.7],[100.6,29.725],[100.475,29.525],[100.275,29.525],[100.225,29.475],[100.225,29.25],[100.1,29.15],[100.1,28.875],[100.025,28.65],[99.9,28.55],[99.775,28.275],[99.625,28.275],[99.55,28.2],[99.55,28.025],[99.425,28.0],[99.25,28.15],[99.1,28.2],[99.125,28.0],[99.2,27.9],[99.25,27.725],[99.4,27.525],[99.4,27.0],[99.425,26.925],[99.275,26.9],[99.25,26.675],[99.125,26.7],[99.05,26.85],[98.875,26.85],[98.85,26.7],[98.65,26.375],[98.3,26.5],[98.35,26.6],[98.35,26.925],[98.275,27.05],[98.175,27.075],[97.975,26.8],[97.75,26.8],[97.275,27.025],[97.375,26.775],[97.3,26.725],[97.3,26.375],[97.25,26.325],[97.175,26.05],[97.075,25.925],[97.05,25.75],[96.825,25.85],[96.8,25.8],[96.575,25.725],[96.45,25.825],[96.45,25.9],[96.25,25.925],[96.15,25.825],[96.075,26.0],[95.95,26.1],[95.875,26.025],[95.625,26.0],[95.55,25.9],[95.475,25.975],[95.275,25.875],[95.05,25.875],[95.1,26.05],[94.875,26.1],[94.725,26.025],[94.525,26.2],[94.25,26.4],[94.2,26.55],[93.95,26.8],[93.75,26.725],[93.55,26.775],[93.375,26.75],[93.275,27.0],[93.275,27.275],[93.35,27.35],[93.325,27.575],[93.125,27.575],[92.825,27.85],[92.75,27.975],[92.575,28.075],[92.4,28.0],[92.225,28.0],[92.05,28.175],[91.9,28.225],[91.6,28.2],[91.575,28.425],[91.35,28.525],[91.2,28.5],[90.975,28.525],[90.825,28.45],[90.65,28.45],[90.6,28.25],[90.5,28.15],[90.4,28.15],[90.325,28.25],[90.075,28.325],[90.0,28.25],[89.85,28.275],[89.775,28.4],[89.475,28.425],[89.3,28.2],[89.0,28.025],[88.875,28.025],[88.75,28.125],[88.425,28.125],[88.175,27.95],[88.075,27.95],[87.875,28.0],[87.7,28.125],[87.575,28.275],[87.525,28.425],[87.375,28.5],[87.25,28.5],[87.075,28.575],[86.775,28.425],[86.75,28.3],[86.45,28.4],[86.35,28.4],[86.225,28.575],[86.025,28.6],[85.775,28.525],[85.65,28.7],[85.5,28.75],[85.5,28.925],[85.425,29.025],[85.15,29.05],[85.05,29.0],[84.825,29.075],[84.75,29.25],[84.525,29.275],[84.525,29.475],[84.2,29.6],[84.05,29.6],[83.95,29.75],[83.85,29.775],[83.75,29.7],[83.75,29.6],[83.625,29.525],[83.625,29.325],[83.5,29.25],[83.425,29.425],[83.275,29.6],[82.925,29.75],[82.775,29.9],[82.7,30.1],[82.575,30.15],[82.55,30.275],[82.425,30.35],[82.3,30.325],[82.275,30.425],[82.125,30.525],[81.775,30.525],[81.65,30.6],[81.5,30.575],[81.4,30.45],[81.375,30.75],[81.15,30.825],[81.0,30.725],[80.8,30.675],[80.725,30.575],[80.525,30.65],[80.375,30.65],[80.325,30.825],[80.225,30.975],[80.1,31.025],[79.625,31.05],[79.4,31.125],[79.3,31.325],[79.15,31.475],[79.0,31.425],[78.8,31.425],[78.8,31.625],[78.825,31.625],[78.85,31.65],[78.825,31.95],[78.675,32.0],[78.2,31.95],[78.025,32.125],[77.875,32.125],[77.8,32.225],[77.85,32.55],[77.65,32.7],[77.725,32.825],[77.675,33.125],[77.825,33.325],[77.85,33.425],[77.95,33.475],[77.95,33.6],[77.875,33.75],[77.7,33.925],[77.7,33.975],[77.525,34.125],[77.35,34.15],[77.325,34.2],[77.025,34.25],[76.7,34.425],[76.6,34.575],[76.425,34.675],[76.425,34.775],[76.3,34.7],[76.225,34.775],[76.225,34.95],[76.125,35.0],[76.075,34.925],[75.875,34.875],[75.75,35.0],[75.75,35.275],[75.55,35.3],[75.5,35.225],[75.375,35.25],[75.2,35.175],[75.05,35.05],[74.825,35.1],[74.675,35.0],[74.525,35.15],[74.4,35.1],[74.175,35.1],[73.875,35.025],[73.7,35.075],[73.65,35.225],[73.525,35.325],[73.275,35.35],[73.275,35.275],[73.1,35.2],[73.025,35.325],[72.825,35.3],[72.75,35.4],[72.8,35.7]]]}},{"type":"Feature","properties":{"name":"Kingdom of Kashmir","name_zh":"迦湿弥罗","focus":false,"label":[74.52,34.07],"area":11.0,"color":"#7d6b5a"},"geometry":{"type":"Polygon","coordinates":[[[71.275,32.35],[71.3,32.35],[71.325,32.65],[71.4,32.725],[71.45,32.9],[71.475,33.35],[71.625,33.475],[71.675,33.65],[71.75,33.65],[71.925,33.825],[72.2,33.8],[72.2,33.925],[72.375,34.05],[72.625,34.025],[72.8,34.175],[72.725,34.325],[72.8,34.35],[72.825,34.475],[72.775,34.6],[72.6,34.75],[72.7,34.75],[72.85,34.9],[72.875,35.05],[73.1,35.2],[73.275,35.275],[73.275,35.35],[73.525,35.325],[73.65,35.225],[73.7,35.075],[73.875,35.025],[74.175,35.1],[74.4,35.1],[74.525,35.15],[74.675,35.0],[74.825,35.1],[75.05,35.05],[75.2,35.175],[75.375,35.25],[75.5,35.225],[75.55,35.3],[75.75,35.275],[75.75,35.0],[75.875,34.875],[76.075,34.925],[76.125,35.0],[76.225,34.95],[76.225,34.775],[76.3,34.7],[76.425,34.775],[76.425,34.675],[76.6,34.575],[76.7,34.425],[77.025,34.25],[77.325,34.2],[77.35,34.15],[77.525,34.125],[77.7,33.975],[77.7,33.925],[77.875,33.75],[77.95,33.6],[77.95,33.475],[77.85,33.425],[77.825,33.325],[77.675,33.125],[77.725,32.825],[77.65,32.7],[77.55,32.725],[77.425,32.925],[77.1,32.925],[76.975,32.95],[76.725,33.2],[76.4,33.25],[76.325,33.175],[76.15,33.175],[76.0,33.25],[75.8,33.225],[75.775,33.15],[75.3,33.15],[75.2,33.25],[74.975,33.3],[75.0,33.425],[74.925,33.475],[74.6,33.525],[74.575,33.575],[74.35,33.575],[74.225,33.475],[74.225,33.375],[74.025,33.175],[73.775,33.125],[73.75,32.975],[73.575,32.825],[73.525,32.725],[73.225,32.65],[73.15,32.775],[73.05,32.725],[72.7,32.725],[72.5,32.625],[72.3,32.6],[72.2,32.525],[72.05,32.5],[72.025,32.25],[71.9,32.175],[71.725,31.975],[71.425,31.875],[71.35,31.775],[71.075,31.9],[71.05,31.9],[71.125,32.1],[71.225,32.15],[71.275,32.35]]]}},{"type":"Feature","properties":{"name":"Sasanian Empire","name_zh":"萨珊","focus":false,"label":[62.7,33.4],"area":70.7,"color":"#9a8a4a"},"geometry":{"type":"Polygon","coordinates":[[[64.496,32.735],[64.415,31.69],[63.046,31.484],[62.884,31.094],[62.965,30.772],[62.858,30.332],[62.884,29.867],[63.314,29.634],[64.012,29.611],[64.469,29.774],[64.791,29.751],[65.463,30.541],[66.618,30.818],[67.147,31.24],[67.024,30.252],[66.634,30.286],[64.904,28.459],[63.56,27.759],[61.627,27.235],[60.67,26.637],[60.589,25.252],[60.298,25.323],[60.0,25.322],[60.0,40.066],[60.38,40.091],[60.939,40.999],[61.956,41.29],[62.698,39.992],[65.017,38.508],[66.779,38.044],[67.057,37.116],[67.167,34.111],[66.322,34.058],[64.496,32.735]]]}},{"type":"Feature","properties":{"name":"Kingdom of Sind","name_zh":"","focus":false,"label":[66.75,27.57],"area":49.0,"color":"#b0805f"},"geometry":{"type":"Polygon","coordinates":[[[70.825,30.875],[70.8,31.425],[70.925,31.625],[70.925,31.725],[71.025,31.9],[71.075,31.9],[71.35,31.775],[71.4,31.625],[71.5,31.55],[71.65,31.175],[71.875,30.975],[71.875,30.775],[72.1,30.675],[72.275,30.55],[72.425,30.5],[72.55,30.35],[72.65,30.1],[72.775,29.925],[72.775,29.825],[72.875,29.6],[72.9,29.45],[72.9,29.125],[73.0,28.95],[73.05,28.675],[73.125,28.425],[73.125,28.0],[73.075,27.95],[72.75,27.95],[72.55,27.85],[72.35,27.65],[72.25,27.375],[72.1,27.175],[71.975,27.175],[71.875,27.1],[71.775,26.925],[71.725,26.925],[71.575,26.725],[71.4,26.575],[71.1,26.475],[71.05,26.3],[70.975,26.2],[70.9,25.975],[70.9,25.85],[70.875,25.85],[70.725,25.75],[70.525,25.75],[70.325,25.65],[70.0,25.55],[70.0,24.961],[69.51,24.251],[68.761,24.208],[67.681,23.82],[67.486,23.928],[67.315,24.092],[67.204,24.588],[67.153,24.651],[66.654,24.783],[66.7,25.114],[66.62,25.317],[66.432,25.488],[66.3,25.494],[65.768,25.309],[64.851,25.205],[64.424,25.173],[64.238,25.21],[64.059,25.401],[63.65,25.336],[63.403,25.164],[62.449,25.162],[61.813,25.053],[61.343,25.026],[60.858,25.095],[60.589,25.252],[60.67,26.637],[61.627,27.235],[63.56,27.759],[64.904,28.459],[66.634,30.286],[68.038,30.163],[69.708,30.304],[70.0,30.389],[70.0,30.525],[70.275,30.525],[70.55,30.675],[70.775,30.675],[70.825,30.875]],[[69.636,27.15],[69.444,27.286],[68.963,26.79],[69.386,26.446],[69.578,26.549],[70.0,26.259],[70.0,27.248],[69.636,27.15]]]}},{"type":"Feature","properties":{"name":"Western Gokturk Khaganate","name_zh":"西突厥","focus":false,"label":[67.31,41.71],"area":114.1,"color":"#5f87a3"},"geometry":{"type":"MultiPolygon","coordinates":[[[[70.85,43.425],[70.95,43.35],[71.3,43.225],[71.625,42.875],[72.075,42.725],[72.325,42.725],[72.5,42.65],[72.775,42.6],[72.875,42.475],[72.875,42.275],[73.125,42.225],[73.325,42.35],[73.575,42.35],[73.65,42.175],[73.85,42.175],[73.925,42.3],[74.05,42.275],[74.2,42.325],[74.35,42.225],[74.3,42.05],[74.425,41.9],[74.425,41.75],[74.65,41.675],[74.925,41.725],[74.975,41.775],[75.275,41.725],[75.275,41.425],[75.6,41.35],[75.575,41.225],[75.65,41.15],[75.675,40.975],[75.75,40.85],[75.6,40.85],[75.5,40.8],[75.275,40.8],[75.15,40.725],[74.975,40.775],[74.8,40.6],[74.6,40.6],[74.5,40.7],[74.375,40.7],[74.325,40.625],[74.15,40.625],[74.075,40.5],[73.95,40.475],[73.975,40.325],[73.9,40.25],[73.925,40.125],[73.825,40.075],[73.7,39.925],[73.6,39.875],[73.5,39.65],[73.525,39.25],[73.675,39.15],[73.75,38.925],[73.55,38.85],[73.4,38.625],[73.4,38.5],[73.225,38.425],[73.125,38.05],[73.3,37.975],[73.45,37.975],[73.45,37.525],[73.3,37.45],[73.35,37.15],[73.225,37.15],[73.15,37.075],[72.9,37.0],[72.9,36.95],[72.75,36.95],[72.7,37.025],[72.55,37.0],[72.45,36.85],[72.25,36.825],[72.125,36.625],[71.9,36.525],[71.85,36.425],[71.75,36.475],[71.55,36.45],[71.55,36.35],[71.4,36.2],[71.275,36.2],[71.075,35.95],[71.075,35.85],[70.975,35.7],[70.8,35.6],[70.65,35.625],[70.525,35.725],[70.25,35.725],[70.2,35.675],[70.0,35.7],[70.0,35.866],[69.982,35.955],[69.647,36.122],[69.489,36.519],[69.351,36.353],[68.612,35.827],[67.902,35.418],[67.606,35.08],[67.895,34.878],[68.366,34.64],[67.724,34.41],[67.362,34.048],[67.169,34.043],[67.057,37.116],[66.779,38.044],[65.017,38.508],[62.698,39.992],[61.956,41.29],[60.939,40.999],[61.107,41.272],[60.0,42.128],[60.0,43.621],[60.076,43.608],[60.943,44.441],[61.109,44.716],[61.727,44.933],[61.861,45.048],[61.174,45.187],[61.02,45.487],[61.04,45.738],[60.998,45.921],[61.034,46.014],[60.998,46.077],[61.119,46.103],[61.368,46.355],[61.654,46.768],[61.465,46.766],[61.249,46.611],[60.938,46.489],[60.799,46.568],[60.783,46.632],[60.858,46.697],[60.842,46.773],[60.657,46.821],[60.503,46.805],[60.523,46.727],[60.728,46.676],[60.725,46.625],[60.604,46.578],[60.501,46.611],[60.429,46.528],[60.27,46.699],[60.073,46.618],[60.0,46.514],[60.0,49.447],[67.019,47.468],[69.98,43.893],[70.0,43.882],[70.0,43.3],[70.125,43.45],[70.3,43.425],[70.85,43.425]]],[[[60.605,46.126],[60.478,46.204],[60.3,46.163],[60.0,46.21],[60.0,46.497],[60.211,46.287],[60.824,46.213],[60.785,46.151],[60.605,46.126]]]]}},{"type":"Feature","properties":{"name":"Kingdom of Kapisa","name_zh":"","focus":false,"label":[69.87,34.2],"area":17.4,"color":"#5f87a3"},"geometry":{"type":"Polygon","coordinates":[[[70.525,35.725],[70.65,35.625],[70.8,35.6],[70.975,35.7],[71.075,35.85],[71.075,35.95],[71.275,36.2],[71.4,36.2],[71.55,36.35],[71.55,36.45],[71.75,36.475],[71.85,36.425],[71.9,36.525],[72.125,36.625],[72.25,36.825],[72.45,36.85],[72.55,37.0],[72.7,37.025],[72.75,36.95],[72.9,36.95],[73.1,36.9],[73.175,36.9],[73.175,36.75],[73.05,36.725],[72.95,36.425],[72.825,36.325],[72.725,36.125],[72.725,35.875],[72.8,35.7],[72.75,35.4],[72.825,35.3],[73.025,35.325],[73.1,35.2],[72.875,35.05],[72.85,34.9],[72.7,34.75],[72.6,34.75],[72.775,34.6],[72.825,34.475],[72.8,34.35],[72.725,34.325],[72.8,34.175],[72.625,34.025],[72.375,34.05],[72.2,33.925],[72.2,33.8],[71.925,33.825],[71.75,33.65],[71.675,33.65],[71.625,33.475],[71.475,33.35],[71.45,32.9],[71.4,32.725],[71.325,32.65],[71.3,32.35],[71.25,32.35],[70.825,32.3],[70.775,32.175],[70.45,32.175],[70.4,32.225],[70.2,32.225],[70.0,32.3],[70.0,32.284],[69.683,32.481],[69.189,32.036],[68.804,32.242],[68.702,32.176],[67.202,33.149],[67.189,33.49],[67.522,33.706],[68.08,33.823],[67.607,33.931],[67.423,34.109],[67.724,34.41],[68.366,34.64],[67.895,34.878],[67.606,35.08],[67.902,35.418],[68.612,35.827],[69.351,36.353],[69.489,36.519],[69.647,36.122],[69.982,35.955],[70.0,35.866],[70.0,35.7],[70.2,35.675],[70.25,35.725],[70.525,35.725]]]}},{"type":"Feature","properties":{"name":"Kingdom of Zunbil","name_zh":"","focus":false,"label":[66.37,32.46],"area":8.3,"color":"#b0805f"},"geometry":{"type":"Polygon","coordinates":[[[65.547,31.52],[64.42,31.747],[64.496,32.735],[66.322,34.058],[67.167,34.111],[67.169,34.043],[67.362,34.048],[67.423,34.109],[67.607,33.931],[68.08,33.823],[67.522,33.706],[67.189,33.49],[67.202,33.149],[68.702,32.176],[68.231,31.869],[67.634,31.629],[67.375,31.308],[67.139,31.18],[67.147,31.24],[66.618,30.818],[65.503,30.55],[65.517,30.672],[65.911,31.399],[65.547,31.52]]]}},{"type":"Feature","properties":{"name":"Hindu kingdoms","name_zh":"","focus":false,"label":[80.9,22.53],"area":89.1,"color":"#9a8a4a"},"geometry":{"type":"MultiPolygon","coordinates":[[[[71.05,26.3],[71.1,26.475],[71.4,26.575],[71.575,26.725],[71.725,26.925],[71.775,26.925],[71.875,27.1],[71.975,27.175],[72.1,27.175],[72.25,27.375],[72.35,27.65],[72.55,27.85],[72.75,27.95],[73.075,27.95],[73.125,28.0],[73.125,28.425],[73.05,28.675],[73.0,28.95],[72.9,29.125],[72.9,29.45],[72.875,29.6],[72.775,29.825],[72.775,29.925],[72.65,30.1],[72.55,30.35],[72.425,30.5],[72.275,30.55],[72.1,30.675],[71.875,30.775],[71.875,30.975],[71.65,31.175],[71.5,31.55],[71.4,31.625],[71.35,31.775],[71.425,31.875],[71.725,31.975],[71.9,32.175],[72.025,32.25],[72.05,32.5],[72.2,32.525],[72.3,32.6],[72.5,32.625],[72.7,32.725],[73.05,32.725],[73.15,32.775],[73.225,32.65],[73.525,32.725],[73.575,32.825],[73.75,32.975],[73.775,33.125],[74.025,33.175],[74.225,33.375],[74.225,33.475],[74.35,33.575],[74.575,33.575],[74.6,33.525],[74.925,33.475],[75.0,33.425],[74.975,33.3],[75.2,33.25],[75.3,33.15],[75.775,33.15],[75.8,33.225],[76.0,33.25],[76.15,33.175],[76.325,33.175],[76.4,33.25],[76.725,33.2],[76.975,32.95],[77.1,32.925],[77.425,32.925],[77.55,32.725],[77.65,32.7],[77.85,32.55],[77.8,32.225],[77.875,32.125],[78.025,32.125],[78.2,31.95],[78.675,32.0],[78.825,31.95],[78.85,31.65],[78.825,31.625],[78.75,31.625],[78.65,31.725],[78.475,31.7],[78.475,31.625],[78.3,31.625],[78.275,31.525],[78.075,31.525],[77.8,31.575],[77.65,31.475],[77.55,31.35],[77.375,31.35],[77.425,31.25],[77.4,31.05],[77.45,31.025],[77.525,30.65],[77.475,30.6],[77.45,30.175],[77.225,30.0],[77.175,29.775],[77.1,29.625],[76.7,29.5],[76.6,29.4],[76.35,29.35],[76.125,29.225],[75.95,29.175],[75.7,28.9],[75.45,28.725],[75.225,28.225],[75.075,28.1],[74.95,27.9],[74.95,27.65],[75.05,27.575],[75.175,27.625],[75.425,27.625],[75.5,27.525],[75.6,27.5],[75.825,27.175],[76.05,27.15],[76.075,27.0],[76.375,26.7],[76.45,26.575],[76.65,26.375],[77.0,26.45],[77.1,26.65],[77.175,26.7],[77.175,26.875],[77.25,26.9],[77.45,27.125],[77.65,27.175],[77.825,27.3],[78.0,27.275],[78.05,27.2],[78.35,27.125],[78.425,27.25],[78.65,27.325],[78.775,27.025],[78.925,26.875],[79.1,26.875],[79.15,26.825],[79.525,26.825],[79.575,26.775],[79.85,26.75],[79.95,26.45],[80.15,26.225],[80.55,26.225],[80.6,26.1],[80.725,26.1],[80.75,25.975],[80.925,25.875],[81.0,25.625],[81.525,25.6],[81.725,25.45],[81.9,25.425],[81.95,25.3],[82.2,25.275],[82.225,25.225],[82.425,25.225],[82.475,25.15],[82.6,25.2],[82.75,25.1],[82.925,25.125],[83.075,25.05],[83.175,24.9],[83.35,24.875],[83.5,24.75],[83.775,24.7],[84.05,24.9],[84.2,24.9],[84.3,24.825],[84.325,24.825],[84.325,24.625],[84.4,24.525],[84.4,24.275],[84.675,24.05],[84.6,23.925],[84.525,23.925],[84.475,23.775],[84.4,23.725],[84.4,23.6],[84.5,23.4],[84.3,23.275],[84.4,23.125],[84.625,22.875],[84.65,22.75],[84.55,22.675],[84.525,22.425],[84.675,22.275],[84.775,22.275],[84.875,22.15],[84.875,21.875],[84.975,21.825],[84.95,21.65],[85.025,21.625],[84.975,21.375],[85.05,21.275],[85.175,21.225],[85.175,21.125],[85.325,21.0],[85.325,20.925],[85.45,20.775],[85.625,20.75],[85.75,20.6],[85.825,20.6],[85.85,20.4],[85.95,20.325],[85.925,20.05],[86.0,19.9],[86.1,19.825],[86.1,19.801],[85.425,19.618],[85.226,19.508],[85.023,19.338],[84.262,18.455],[84.145,18.349],[84.104,18.293],[84.055,18.268],[83.987,18.207],[83.684,18.083],[83.381,17.71],[83.021,17.491],[82.977,17.462],[82.956,17.452],[82.729,17.314],[82.725,17.325],[82.525,17.525],[82.475,17.775],[82.575,17.875],[82.6,18.025],[82.275,18.15],[82.2,18.25],[82.1,18.275],[81.95,18.425],[81.9,18.55],[81.9,18.775],[81.85,18.85],[81.675,18.9],[81.6,19.05],[81.575,19.375],[81.525,19.35],[81.2,19.35],[80.975,19.525],[80.75,19.55],[80.625,19.525],[80.425,19.65],[80.275,19.85],[80.275,20.15],[80.2,20.2],[80.225,20.5],[80.3,20.6],[80.3,20.75],[80.2,20.8],[80.2,20.975],[80.125,21.075],[80.1,21.225],[80.1,21.55],[80.2,21.625],[80.2,21.975],[80.45,22.0],[80.4,22.15],[80.2,22.25],[80.1,22.25],[80.05,22.4],[79.65,22.4],[79.475,22.3],[79.35,22.325],[78.925,22.325],[78.775,22.225],[78.5,22.225],[78.425,22.075],[78.25,21.9],[77.95,21.8],[77.725,21.825],[77.575,22.0],[77.375,22.0],[77.225,22.3],[77.05,22.475],[76.8,22.425],[76.7,22.275],[76.55,22.275],[76.35,22.6],[76.375,22.6],[76.6,22.8],[76.95,22.925],[77.175,23.075],[77.3,23.375],[77.3,23.525],[77.4,23.85],[77.475,23.95],[77.475,24.75],[77.35,24.875],[77.3,25.0],[77.2,25.075],[77.1,25.275],[77.025,25.65],[76.775,25.75],[76.675,25.85],[76.65,26.125],[76.575,26.15],[76.325,26.1],[76.2,26.0],[75.875,25.9],[75.725,25.75],[75.675,25.625],[75.475,25.525],[75.45,25.425],[75.3,25.325],[75.3,25.175],[75.175,25.1],[75.0,25.1],[74.95,25.025],[74.75,25.2],[74.475,25.175],[74.4,25.1],[74.25,25.075],[74.05,25.275],[73.875,25.225],[73.7,25.05],[73.525,24.925],[73.475,24.8],[73.15,24.775],[73.05,24.85],[72.825,24.85],[72.725,24.9],[72.35,24.95],[72.275,25.075],[72.175,25.1],[72.0,25.3],[71.925,25.3],[71.8,25.45],[71.45,25.6],[71.175,25.675],[70.95,25.85],[70.9,25.85],[70.9,25.975],[70.975,26.2],[71.05,26.3]]],[[[70.775,32.175],[70.825,32.3],[71.25,32.35],[71.275,32.35],[71.225,32.15],[71.125,32.1],[71.05,31.9],[71.025,31.9],[70.925,31.725],[70.925,31.625],[70.8,31.425],[70.825,30.875],[70.775,30.675],[70.55,30.675],[70.275,30.525],[70.0,30.525],[70.0,30.389],[69.708,30.304],[68.038,30.163],[67.024,30.252],[67.139,31.18],[67.375,31.308],[67.634,31.629],[68.231,31.869],[68.804,32.242],[69.189,32.036],[69.683,32.481],[70.0,32.284],[70.0,32.3],[70.2,32.225],[70.4,32.225],[70.45,32.175],[70.775,32.175]]]]}},{"type":"Feature","properties":{"name":"Chalukyas","name_zh":"","focus":false,"label":[76.94,18.95],"area":51.9,"color":"#6f9460"},"geometry":{"type":"Polygon","coordinates":[[[72.925,21.275],[73.325,21.25],[73.475,21.3],[73.6,21.7],[73.95,21.75],[74.15,21.75],[74.375,21.9],[74.85,21.9],[75.025,21.85],[75.1,21.95],[75.375,21.925],[75.45,22.125],[75.65,22.175],[75.925,22.2],[75.925,22.425],[75.875,22.525],[76.1,22.55],[76.2,22.625],[76.3,22.6],[76.35,22.6],[76.55,22.275],[76.7,22.275],[76.8,22.425],[77.05,22.475],[77.225,22.3],[77.375,22.0],[77.575,22.0],[77.725,21.825],[77.95,21.8],[78.25,21.9],[78.425,22.075],[78.5,22.225],[78.775,22.225],[78.925,22.325],[79.35,22.325],[79.475,22.3],[79.65,22.4],[80.05,22.4],[80.1,22.25],[80.2,22.25],[80.4,22.15],[80.45,22.0],[80.2,21.975],[80.2,21.625],[80.1,21.55],[80.1,21.225],[80.125,21.075],[80.2,20.975],[80.2,20.8],[80.3,20.75],[80.3,20.6],[80.225,20.5],[80.2,20.2],[80.275,20.15],[80.275,19.85],[80.425,19.65],[80.625,19.525],[80.75,19.55],[80.975,19.525],[81.2,19.35],[81.525,19.35],[81.575,19.375],[81.6,19.05],[81.675,18.9],[81.85,18.85],[81.9,18.775],[81.9,18.55],[81.95,18.425],[82.1,18.275],[82.2,18.25],[82.275,18.15],[82.6,18.025],[82.575,17.875],[82.475,17.775],[82.525,17.525],[82.725,17.325],[82.729,17.314],[82.353,17.085],[82.301,16.893],[82.307,16.879],[82.35,16.825],[82.36,16.783],[82.339,16.707],[82.327,16.664],[82.259,16.56],[82.142,16.485],[82.049,16.447],[81.788,16.328],[81.596,16.302],[81.369,16.346],[81.253,16.225],[81.087,15.826],[80.963,15.723],[80.854,15.778],[80.826,15.766],[80.812,15.799],[80.735,15.837],[80.459,15.773],[80.3,15.645],[80.163,15.391],[80.089,15.175],[80.087,15.0],[80.05,15.0],[79.85,15.125],[79.675,15.175],[79.625,15.25],[79.425,15.35],[79.375,15.5],[79.2,15.675],[79.05,15.775],[79.075,16.025],[78.975,16.15],[78.75,16.25],[78.45,16.65],[78.325,16.775],[78.3,17.05],[78.2,17.075],[78.2,16.8],[77.9,16.5],[77.775,16.5],[77.625,16.375],[77.3,16.4],[77.15,16.5],[76.975,16.5],[76.925,16.4],[76.75,16.225],[76.6,16.175],[76.35,15.95],[76.25,15.825],[75.775,15.425],[75.725,15.425],[75.575,15.25],[75.325,15.05],[75.15,15.025],[74.875,14.675],[74.8,14.85],[74.7,14.975],[74.425,15.05],[74.35,15.2],[74.35,15.375],[74.25,15.55],[74.225,15.7],[74.125,15.7],[74.075,15.875],[73.8,15.825],[73.75,15.75],[73.666,15.74],[73.608,15.871],[73.476,16.054],[73.454,16.152],[73.338,16.46],[73.239,17.199],[73.149,17.527],[73.156,17.622],[73.047,17.907],[72.994,18.098],[72.972,18.259],[72.943,18.366],[72.917,18.576],[72.875,18.643],[72.871,18.683],[72.899,18.779],[72.94,18.857],[72.912,19.037],[72.901,19.015],[72.835,18.976],[72.803,19.079],[72.803,19.219],[72.795,19.252],[72.812,19.299],[72.874,19.291],[72.869,19.328],[72.788,19.363],[72.764,19.413],[72.756,19.451],[72.799,19.52],[72.727,19.578],[72.697,19.757],[72.676,19.798],[72.668,19.831],[72.709,20.078],[72.881,20.563],[72.894,20.673],[72.879,20.829],[72.871,20.853],[72.9,20.925],[72.9,21.125],[72.825,21.225],[72.925,21.275]]]}},{"type":"Feature","properties":{"name":"Chauhans","name_zh":"","focus":false,"label":[77.05,28.1],"area":6.7,"color":"#5f87a3"},"geometry":{"type":"Polygon","coordinates":[[[78.0,27.275],[77.825,27.3],[77.65,27.175],[77.45,27.125],[77.25,26.9],[77.175,26.875],[77.175,26.7],[77.1,26.65],[77.0,26.45],[76.65,26.375],[76.45,26.575],[76.375,26.7],[76.075,27.0],[76.05,27.15],[75.825,27.175],[75.6,27.5],[75.5,27.525],[75.425,27.625],[75.175,27.625],[75.05,27.575],[74.95,27.65],[74.95,27.9],[75.075,28.1],[75.225,28.225],[75.45,28.725],[75.7,28.9],[75.95,29.175],[76.125,29.225],[76.35,29.35],[76.6,29.4],[76.7,29.5],[77.1,29.625],[77.1,29.45],[77.15,29.425],[77.175,29.15],[77.325,29.075],[77.6,29.075],[78.025,28.9],[78.175,28.675],[78.175,28.525],[78.25,28.475],[78.25,28.35],[78.525,28.025],[78.55,27.675],[78.625,27.55],[78.65,27.325],[78.425,27.25],[78.35,27.125],[78.05,27.2],[78.0,27.275]]]}},{"type":"Feature","properties":{"name":"Tang Empire","name_zh":"唐","focus":true,"label":[110.81,29.52],"area":390.3,"approx":true},"geometry":{"type":"MultiPolygon","coordinates":[[[[93.45,40.175],[93.5,40.225],[93.5,40.55],[93.475,40.55],[93.475,40.9],[93.6,40.9],[93.7,40.825],[93.95,40.825],[94.15,40.975],[94.325,40.975],[94.475,41.05],[94.7,41.075],[95.05,41.225],[95.125,41.325],[95.15,41.5],[95.3,41.65],[95.375,41.8],[95.625,41.8],[95.875,41.825],[95.975,41.75],[96.3,41.775],[96.375,41.65],[96.5,41.575],[96.65,41.575],[96.725,41.5],[96.9,41.525],[97.25,41.525],[97.475,41.475],[97.75,41.475],[98.05,41.55],[98.275,41.275],[98.425,41.15],[98.5,40.925],[98.55,40.775],[98.75,40.6],[98.925,40.55],[98.9,40.35],[99.0,40.175],[99.05,40.0],[99.225,39.8],[99.85,39.8],[99.9,39.725],[100.1,39.65],[100.175,39.725],[100.675,39.75],[100.75,39.65],[101.025,39.8],[101.1,39.875],[101.175,39.875],[101.475,39.75],[101.95,39.75],[102.2,39.55],[102.375,39.35],[102.525,39.525],[102.825,39.65],[103.025,39.925],[103.275,39.975],[103.5,40.075],[103.525,40.225],[103.625,40.375],[103.8,40.4],[103.975,40.525],[104.05,40.75],[104.15,40.825],[104.525,40.9],[104.575,40.95],[104.775,40.95],[105.075,41.05],[105.55,40.925],[105.7,40.825],[105.9,40.875],[106.2,40.875],[106.4,41.075],[106.5,41.1],[106.675,41.25],[106.925,41.3],[107.1,41.4],[107.275,41.45],[107.45,41.6],[107.75,41.575],[107.725,41.25],[107.925,40.95],[108.275,40.925],[108.375,41.05],[108.725,41.025],[108.8,40.9],[108.675,40.75],[108.875,40.7],[109.075,40.725],[109.425,40.725],[109.45,41.025],[109.6,41.05],[109.725,41.125],[109.975,41.125],[110.1,40.975],[110.775,41.05],[111.0,41.1],[111.1,41.025],[111.425,41.025],[111.625,41.05],[111.65,41.1],[111.875,41.2],[112.05,41.225],[112.075,41.275],[112.45,41.225],[112.5,41.15],[112.65,41.125],[112.675,41.025],[113.0,40.725],[113.3,40.725],[113.575,40.675],[113.725,40.575],[114.025,40.575],[114.025,40.625],[114.225,40.75],[114.35,40.75],[114.475,40.825],[114.5,41.025],[114.725,41.025],[114.975,41.125],[115.325,41.1],[115.35,41.175],[115.525,41.325],[115.9,41.3],[115.95,41.375],[116.1,41.4],[116.225,41.6],[116.475,41.575],[116.55,41.65],[116.7,41.6],[117.05,41.6],[117.275,41.575],[117.325,41.825],[117.5,41.9],[117.625,41.9],[117.575,42.025],[117.575,42.325],[117.75,42.225],[117.95,42.225],[118.1,42.325],[118.425,42.325],[118.725,42.35],[118.95,42.475],[119.2,42.475],[119.4,42.4],[119.775,42.125],[120.075,42.125],[120.225,42.2],[120.275,42.325],[120.525,42.6],[120.775,42.725],[121.0,42.7],[121.15,42.625],[121.425,42.625],[121.775,42.9],[122.075,42.925],[122.45,42.925],[122.7,43.025],[122.925,43.15],[123.175,43.15],[123.3,43.225],[123.55,43.225],[123.525,43.0],[123.675,42.825],[123.9,42.825],[124.125,42.7],[124.275,42.7],[124.375,42.575],[124.55,42.45],[124.775,42.45],[124.85,42.35],[124.85,42.2],[124.775,42.15],[124.575,42.15],[124.475,42.1],[124.325,41.825],[124.325,41.575],[124.175,41.55],[124.1,41.475],[124.125,41.35],[124.0,41.2],[123.825,41.075],[123.675,41.075],[123.55,40.85],[123.175,40.75],[123.175,40.625],[122.925,40.375],[122.825,40.125],[122.55,39.775],[122.35,39.725],[122.373,39.384],[122.335,39.366],[122.225,39.267],[122.121,39.152],[122.048,39.094],[121.982,39.053],[121.923,39.037],[121.864,38.996],[121.805,38.991],[121.745,39.01],[121.677,39.003],[121.633,38.955],[121.67,38.892],[121.65,38.865],[121.517,38.831],[121.337,38.81],[121.231,38.763],[121.207,38.744],[121.164,38.732],[121.152,38.753],[121.065,38.75],[121.116,38.852],[121.107,38.921],[121.188,38.947],[121.225,38.953],[121.66,39.331],[121.476,39.375],[121.418,39.376],[121.282,39.349],[121.213,39.483],[121.239,39.553],[121.481,39.769],[121.517,39.845],[121.601,39.876],[122.036,40.264],[122.107,40.353],[122.082,40.488],[121.753,40.736],[121.426,40.864],[121.103,40.853],[121.086,40.842],[121.003,40.749],[120.922,40.683],[120.841,40.649],[120.771,40.589],[120.479,40.231],[120.369,40.204],[120.292,40.172],[120.272,40.151],[120.112,40.081],[120.057,40.074],[119.85,39.987],[119.591,39.903],[119.391,39.752],[119.322,39.662],[119.261,39.561],[119.225,39.408],[119.131,39.314],[119.075,39.3],[119.081,39.264],[119.04,39.222],[118.977,39.183],[118.912,39.166],[118.826,39.172],[118.752,39.16],[118.691,39.168],[118.61,39.171],[118.472,39.118],[118.468,39.117],[118.274,38.999],[118.107,39.207],[118.041,39.227],[117.866,39.191],[117.785,39.134],[117.617,38.853],[117.554,38.691],[117.558,38.625],[117.656,38.424],[117.767,38.312],[118.015,38.183],[118.543,38.095],[118.667,38.126],[118.8,38.127],[118.909,38.061],[118.95,38.0],[118.967,38.0],[119.028,37.904],[119.036,37.809],[119.038,37.777],[119.07,37.749],[119.089,37.701],[119.033,37.661],[118.991,37.641],[118.955,37.494],[118.954,37.4],[118.9,37.4],[118.95,37.225],[119.026,37.259],[119.112,37.201],[119.175,37.179],[119.175,37.125],[119.3,37.075],[119.31,37.136],[119.45,37.125],[119.637,37.143],[119.881,37.311],[119.883,37.351],[120.004,37.415],[120.169,37.576],[120.311,37.623],[120.287,37.656],[120.257,37.679],[120.285,37.692],[120.37,37.701],[120.75,37.834],[121.049,37.725],[121.22,37.6],[121.388,37.579],[121.505,37.515],[121.64,37.46],[121.816,37.457],[121.965,37.445],[122.01,37.496],[122.057,37.529],[122.11,37.522],[122.169,37.456],[122.338,37.405],[122.493,37.408],[122.602,37.426],[122.667,37.403],[122.573,37.318],[122.587,37.181],[122.516,37.138],[122.447,37.068],[122.487,37.022],[122.523,37.003],[122.52,36.947],[122.457,36.915],[122.341,36.832],[122.274,36.834],[122.266,36.838],[122.255,36.733],[121.846,36.86],[121.682,36.842],[121.67,36.836],[121.413,36.738],[121.144,36.66],[121.054,36.611],[120.99,36.598],[120.944,36.613],[120.855,36.584],[120.839,36.574],[120.883,36.539],[120.905,36.485],[120.896,36.444],[120.847,36.426],[120.776,36.456],[120.712,36.413],[120.682,36.341],[120.681,36.168],[120.638,36.13],[120.519,36.109],[120.509,36.104],[120.504,36.055],[120.281,35.989],[120.285,35.984],[120.219,35.935],[120.055,35.861],[120.027,35.799],[119.979,35.74],[119.912,35.693],[119.866,35.644],[119.811,35.618],[119.72,35.589],[119.608,35.47],[119.526,35.359],[119.43,35.301],[119.353,35.114],[119.216,35.012],[119.165,34.849],[119.201,34.748],[119.351,34.749],[119.427,34.714],[119.583,34.582],[119.725,34.517],[119.725,34.375],[119.9,34.4],[119.95,34.3],[120.075,34.35],[120.084,34.386],[120.201,34.326],[120.267,34.274],[120.291,34.229],[120.275,34.225],[120.275,34.075],[120.36,34.058],[120.426,33.866],[120.5,33.716],[120.505,33.638],[120.571,33.55],[120.55,33.525],[120.4,33.525],[120.5,33.375],[120.65,33.35],[120.669,33.376],[120.734,33.237],[120.871,33.017],[120.897,32.843],[120.853,32.764],[120.853,32.661],[120.99,32.567],[121.293,32.457],[121.342,32.425],[121.401,32.372],[121.404,32.206],[121.451,32.153],[121.491,32.121],[121.674,32.051],[121.751,31.993],[121.832,31.9],[121.856,31.816],[121.866,31.704],[121.764,31.7],[121.681,31.712],[121.612,31.743],[121.623,31.62],[121.808,31.552],[121.844,31.526],[121.863,31.492],[121.78,31.464],[121.52,31.55],[121.499,31.56],[121.347,31.489],[121.351,31.485],[121.661,31.32],[121.786,31.163],[121.834,31.062],[121.878,30.917],[121.769,30.87],[121.675,30.864],[121.635,30.858],[121.631,30.792],[121.568,30.71],[121.328,30.69],[121.185,30.643],[120.998,30.558],[120.938,30.47],[120.897,30.393],[120.821,30.355],[120.672,30.383],[120.608,30.346],[120.271,30.261],[120.353,30.247],[120.495,30.303],[120.633,30.133],[120.774,30.147],[120.862,30.187],[120.977,30.201],[121.159,30.302],[121.258,30.304],[121.341,30.282],[121.433,30.227],[121.678,29.979],[121.812,29.952],[121.944,29.894],[122.017,29.888],[122.083,29.87],[121.906,29.78],[121.677,29.584],[121.575,29.537],[121.506,29.485],[121.69,29.511],[121.822,29.605],[121.888,29.628],[121.941,29.606],[121.968,29.491],[121.918,29.135],[121.854,29.129],[121.791,29.226],[121.717,29.256],[121.656,29.236],[121.612,29.236],[121.549,29.097],[121.665,29.011],[121.68,28.953],[121.641,28.916],[121.54,28.932],[121.663,28.851],[121.63,28.768],[121.59,28.735],[121.519,28.714],[121.475,28.641],[121.538,28.521],[121.602,28.367],[121.61,28.292],[121.51,28.324],[121.355,28.23],[121.279,28.223],[121.259,28.182],[121.24,28.17],[121.251,28.145],[121.251,28.086],[121.164,28.063],[121.132,28.063],[121.134,28.135],[121.144,28.145],[121.065,28.22],[121.035,28.157],[120.959,28.037],[120.892,28.004],[120.815,28.013],[120.782,27.967],[120.833,27.938],[120.833,27.891],[120.685,27.745],[120.661,27.688],[120.665,27.639],[120.588,27.581],[120.629,27.482],[120.608,27.412],[120.54,27.318],[120.469,27.256],[120.385,27.156],[120.279,27.097],[120.139,26.886],[120.097,26.781],[120.087,26.672],[120.043,26.634],[119.968,26.586],[119.882,26.61],[119.879,26.683],[119.842,26.689],[119.836,26.705],[119.613,26.693],[119.624,26.676],[119.638,26.621],[119.726,26.609],[119.785,26.547],[119.831,26.45],[119.84,26.414],[119.876,26.371],[119.881,26.334],[119.797,26.3],[119.693,26.236],[119.567,26.127],[119.463,26.055],[119.445,26.055],[119.436,26.038],[119.444,25.972],[119.501,26.009],[119.619,26.004],[119.648,25.919],[119.617,25.823],[119.553,25.699],[119.539,25.591],[119.619,25.437],[119.622,25.391],[119.593,25.368],[119.499,25.409],[119.422,25.46],[119.344,25.446],[119.263,25.468],[119.18,25.45],[119.146,25.414],[119.169,25.356],[119.244,25.307],[119.286,25.232],[119.236,25.206],[119.025,25.223],[118.986,25.212],[118.927,25.089],[118.956,25.005],[118.909,24.929],[118.844,24.916],[118.812,24.849],[118.693,24.781],[118.719,24.746],[118.657,24.621],[118.56,24.58],[118.452,24.595],[118.361,24.486],[118.407,24.522],[118.451,24.456],[118.433,24.414],[118.295,24.436],[118.287,24.477],[118.328,24.471],[118.179,24.504],[118.183,24.496],[118.15,24.436],[118.091,24.446],[118.089,24.489],[118.077,24.501],[118.086,24.525],[118.012,24.541],[118.006,24.482],[117.935,24.474],[117.897,24.48],[117.845,24.475],[117.843,24.472],[117.848,24.432],[117.879,24.396],[118.024,24.38],[118.051,24.327],[118.056,24.246],[117.904,24.106],[117.839,24.012],[117.807,24.013],[117.647,23.884],[117.628,23.837],[117.601,23.848],[117.462,23.736],[117.417,23.621],[117.368,23.589],[117.347,23.636],[117.339,23.67],[117.19,23.625],[117.148,23.599],[117.083,23.579],[117.071,23.589],[116.962,23.556],[116.867,23.477],[116.861,23.453],[116.76,23.383],[116.745,23.376],[116.709,23.346],[116.672,23.332],[116.682,23.327],[116.699,23.278],[116.669,23.228],[116.586,23.218],[116.538,23.18],[116.52,23.007],[116.471,22.946],[116.365,22.942],[116.34,22.913],[116.012,22.86],[115.852,22.802],[115.836,22.805],[115.706,22.638],[115.464,22.719],[115.383,22.719],[115.301,22.769],[115.185,22.745],[115.043,22.599],[114.847,22.51],[114.558,22.464],[114.552,22.529],[114.496,22.527],[114.42,22.583],[114.341,22.593],[114.266,22.541],[114.291,22.499],[114.285,22.458],[114.325,22.437],[114.335,22.396],[114.291,22.374],[114.288,22.325],[114.268,22.296],[114.139,22.348],[114.033,22.376],[113.937,22.365],[113.903,22.396],[113.896,22.428],[114.007,22.484],[114.015,22.512],[113.949,22.527],[113.845,22.463],[113.716,22.482],[113.462,22.773],[113.444,22.747],[113.45,22.726],[113.485,22.692],[113.499,22.672],[113.475,22.575],[113.549,22.6],[113.553,22.594],[113.551,22.404],[113.589,22.35],[113.576,22.297],[113.548,22.223],[113.499,22.202],[113.416,22.178],[113.377,22.168],[113.377,22.163],[113.283,22.03],[113.096,21.979],[112.994,22.016],[112.984,21.938],[112.954,21.907],[112.904,21.881],[112.839,21.925],[112.815,21.826],[112.749,21.756],[112.039,21.659],[111.885,21.73],[111.873,21.717],[111.825,21.71],[111.776,21.719],[111.712,21.655],[111.682,21.608],[111.603,21.559],[111.596,21.558],[111.536,21.493],[111.434,21.461],[111.085,21.479],[111.003,21.454],[110.997,21.43],[110.878,21.396],[110.784,21.388],[110.766,21.382],[110.652,21.279],[110.567,21.214],[110.504,21.207],[110.458,21.231],[110.454,21.247],[110.399,21.256],[110.397,21.248],[110.375,21.172],[110.331,21.131],[110.194,21.038],[110.154,20.945],[110.18,20.859],[110.365,20.838],[110.388,20.791],[110.371,20.752],[110.326,20.72],[110.313,20.672],[110.512,20.518],[110.518,20.46],[110.487,20.427],[110.45,20.355],[110.345,20.295],[110.123,20.264],[110.068,20.273],[109.928,20.244],[109.711,20.568],[109.602,20.879],[109.608,21.057],[109.786,21.406],[109.779,21.482],[109.537,21.587],[109.544,21.538],[109.436,21.479],[109.347,21.454],[109.336,21.453],[109.321,21.431],[109.117,21.399],[108.813,21.493],[108.554,21.823],[108.485,21.793],[108.493,21.739],[108.526,21.671],[108.502,21.633],[108.444,21.607],[108.42,21.636],[108.387,21.53],[108.265,21.473],[107.9,21.479],[107.517,21.246],[107.563,21.22],[107.603,21.217],[107.459,21.092],[107.438,21.092],[107.465,20.976],[107.374,20.88],[106.815,20.905],[106.855,20.858],[106.866,20.816],[106.854,20.796],[106.803,20.844],[106.776,20.86],[106.746,20.815],[106.771,20.638],[106.532,20.315],[106.518,20.289],[106.507,20.281],[106.38,20.11],[105.964,19.88],[105.935,19.837],[105.814,19.587],[105.812,19.467],[105.785,19.379],[105.791,19.294],[105.716,19.128],[105.639,19.057],[105.622,18.966],[105.732,18.779],[105.744,18.746],[105.808,18.646],[105.839,18.574],[105.888,18.502],[106.066,18.316],[106.145,18.259],[106.24,18.221],[106.412,18.053],[106.499,17.946],[106.459,17.874],[106.479,17.72],[106.403,17.748],[106.406,17.726],[106.517,17.663],[106.736,17.367],[106.926,17.221],[106.991,17.166],[106.95,17.125],[106.825,17.1],[106.625,16.9],[106.3,17.125],[106.275,17.3],[106.1,17.375],[105.975,17.5],[105.8,17.65],[105.675,17.675],[105.6,17.775],[105.45,17.85],[105.375,18.025],[105.275,18.1],[104.975,18.125],[105.0,18.425],[104.875,18.525],[104.675,18.55],[104.6,18.625],[104.45,18.925],[104.25,18.975],[104.05,19.125],[103.775,19.125],[103.5,19.275],[103.5,19.375],[103.325,19.45],[103.35,19.6],[103.5,19.65],[103.625,19.775],[103.6,19.9],[103.625,20.15],[103.525,20.2],[103.5,20.425],[103.675,20.575],[103.675,20.725],[103.8,20.825],[103.9,20.825],[104.05,21.05],[104.5,20.9],[104.475,21.075],[104.35,21.225],[104.4,21.35],[104.3,21.425],[104.3,21.65],[104.175,21.775],[104.2,21.875],[104.375,21.925],[104.45,22.075],[104.55,22.025],[104.55,22.2],[104.65,22.275],[104.775,22.475],[104.775,22.8],[104.675,22.925],[104.8,23.075],[104.775,23.175],[104.85,23.25],[104.825,23.45],[105.075,23.425],[105.15,23.35],[105.3,23.5],[105.5,23.5],[105.625,23.625],[105.625,23.85],[105.75,23.975],[105.875,24.025],[105.95,24.15],[105.9,24.325],[105.8,24.425],[106.0,24.575],[106.175,24.825],[106.175,24.95],[106.025,25.075],[105.975,25.175],[106.0,25.375],[105.775,25.575],[105.7,25.6],[105.45,25.575],[105.25,25.925],[105.15,26.0],[105.125,26.125],[104.975,26.25],[104.8,26.45],[104.7,26.5],[104.6,26.65],[104.475,26.475],[104.15,26.2],[104.075,25.95],[103.875,25.85],[103.85,25.65],[103.625,25.65],[103.45,25.725],[103.3,25.625],[103.025,25.575],[103.025,25.45],[102.85,25.25],[102.7,25.2],[102.575,25.1],[102.625,24.875],[102.5,24.725],[102.4,24.775],[102.125,24.775],[102.025,24.625],[101.9,24.55],[101.5,24.725],[101.425,24.625],[101.2,24.675],[101.15,24.775],[101.025,24.75],[100.925,24.825],[100.875,24.975],[100.625,24.95],[100.425,24.85],[100.325,24.9],[100.275,25.1],[100.275,25.3],[100.225,25.4],[100.125,25.4],[100.125,25.625],[99.8,26.0],[99.8,26.125],[99.625,26.175],[99.6,26.325],[99.5,26.4],[99.475,26.55],[99.25,26.675],[99.275,26.9],[99.425,26.925],[99.4,27.0],[99.4,27.525],[99.25,27.725],[99.2,27.9],[99.125,28.0],[99.1,28.2],[99.25,28.15],[99.425,28.0],[99.55,28.025],[99.55,28.2],[99.625,28.275],[99.775,28.275],[99.9,28.55],[100.025,28.65],[100.1,28.875],[100.1,29.15],[100.225,29.25],[100.225,29.475],[100.275,29.525],[100.475,29.525],[100.6,29.725],[100.775,29.7],[100.8,29.525],[101.25,29.425],[101.3,29.6],[101.45,29.775],[101.4,29.95],[101.425,30.325],[101.35,30.375],[101.425,30.55],[101.425,30.95],[101.35,31.0],[101.325,31.175],[101.375,31.3],[101.5,31.4],[101.6,31.4],[101.575,31.525],[101.475,31.6],[101.45,31.85],[101.275,31.975],[101.3,32.1],[101.425,32.25],[101.4,32.35],[101.2,32.475],[101.2,32.65],[101.25,32.8],[101.075,32.875],[101.05,33.05],[101.125,33.1],[101.125,33.225],[101.0,33.425],[100.975,33.75],[101.025,33.875],[101.35,33.975],[101.375,34.25],[101.25,34.275],[101.1,34.55],[101.1,34.975],[101.2,35.075],[101.55,35.225],[101.525,35.8],[101.675,35.95],[101.55,36.025],[101.65,36.225],[101.55,36.325],[101.3,36.325],[101.15,36.375],[100.975,36.6],[100.95,36.775],[101.0,36.9],[101.175,36.95],[101.225,37.025],[101.15,37.25],[101.0,37.375],[100.95,37.475],[100.9,37.75],[100.725,37.75],[100.675,37.8],[100.525,37.775],[100.175,37.775],[100.05,37.875],[99.65,37.825],[99.4,37.925],[99.25,37.925],[99.125,38.0],[99.0,38.0],[98.825,38.25],[98.65,38.25],[98.475,38.35],[98.275,38.325],[98.2,38.275],[97.95,38.275],[97.9,38.175],[97.75,38.05],[97.575,38.075],[97.5,38.025],[97.25,38.05],[97.025,38.2],[96.75,38.175],[96.675,38.1],[96.225,38.2],[95.9,38.35],[95.575,38.35],[95.5,38.5],[95.575,38.825],[95.425,39.0],[95.25,39.025],[95.175,38.95],[95.0,38.95],[94.85,39.1],[94.775,39.1],[94.5,38.875],[94.325,38.825],[94.175,38.65],[93.9,38.675],[93.925,38.775],[93.9,39.075],[93.825,39.15],[93.45,39.2],[93.325,39.15],[93.3,39.15],[93.3,39.575],[93.425,39.8],[93.45,40.175]],[[120.35,33.55],[120.35,33.625],[120.275,33.6],[120.35,33.55]],[[120.15,36.176],[120.117,36.15],[120.094,36.119],[120.181,36.017],[120.254,36.009],[120.15,36.176]],[[120.229,30.25],[120.235,30.252],[120.226,30.25],[120.221,30.248],[120.229,30.25]],[[107.417,21.185],[107.424,21.154],[107.44,21.199],[107.417,21.185]]],[[[122.404,29.892],[122.394,29.846],[122.368,29.853],[122.332,29.935],[122.351,29.955],[122.402,29.95],[122.404,29.892]]],[[[121.978,30.064],[121.969,30.143],[122.111,30.14],[122.284,30.068],[122.322,30.031],[122.296,29.963],[122.282,29.944],[122.158,30.001],[122.024,30.013],[121.978,30.064]]],[[[119.829,25.607],[119.838,25.591],[119.839,25.56],[119.809,25.508],[119.832,25.48],[119.821,25.457],[119.747,25.411],[119.7,25.433],[119.699,25.495],[119.723,25.551],[119.696,25.591],[119.723,25.639],[119.778,25.653],[119.797,25.623],[119.829,25.607]]],[[[114.139,22.268],[114.134,22.292],[114.187,22.297],[114.247,22.264],[114.244,22.234],[114.232,22.211],[114.207,22.195],[114.139,22.268]]],[[[113.839,22.242],[113.882,22.28],[114.044,22.333],[114.003,22.278],[113.998,22.21],[113.877,22.21],[113.852,22.22],[113.839,22.242]]],[[[112.742,21.618],[112.733,21.67],[112.713,21.698],[112.761,21.733],[112.782,21.772],[112.839,21.765],[112.863,21.753],[112.813,21.712],[112.801,21.695],[112.79,21.602],[112.771,21.582],[112.742,21.618]]],[[[112.648,21.71],[112.644,21.64],[112.546,21.619],[112.525,21.623],[112.559,21.675],[112.648,21.71]]],[[[110.422,21.059],[110.522,21.083],[110.54,21.039],[110.539,21.018],[110.504,20.968],[110.422,21.007],[110.34,20.998],[110.281,21.001],[110.265,21.025],[110.31,21.075],[110.385,21.093],[110.422,21.059]]],[[[107.479,20.952],[107.519,21.013],[107.551,21.034],[107.551,20.981],[107.521,20.927],[107.466,20.901],[107.399,20.903],[107.479,20.952]]],[[[107.031,20.747],[106.99,20.743],[106.911,20.824],[106.953,20.867],[107.044,20.837],[107.064,20.817],[107.064,20.8],[107.042,20.761],[107.031,20.747]]]]}},{"type":"Feature","properties":{"name":"Anxi and Beiting Protectorates","name_zh":"安西 · 北庭都护府","focus":true,"label":[85.71,41.75],"area":161.8,"approx":true,"color":"#6fae9c"},"geometry":{"type":"Polygon","coordinates":[[[73.15,37.075],[73.225,37.15],[73.35,37.15],[73.3,37.45],[73.45,37.525],[73.45,37.975],[73.3,37.975],[73.125,38.05],[73.225,38.425],[73.4,38.5],[73.4,38.625],[73.55,38.85],[73.75,38.925],[73.675,39.15],[73.525,39.25],[73.5,39.65],[73.6,39.875],[73.7,39.925],[73.825,40.075],[73.925,40.125],[73.9,40.25],[73.975,40.325],[73.95,40.475],[74.075,40.5],[74.15,40.625],[74.325,40.625],[74.375,40.7],[74.5,40.7],[74.6,40.6],[74.8,40.6],[74.975,40.775],[75.15,40.725],[75.275,40.8],[75.5,40.8],[75.6,40.85],[75.775,40.85],[75.925,40.9],[76.1,40.9],[76.225,40.85],[76.275,40.725],[76.475,40.75],[76.475,40.9],[76.575,41.0],[76.725,41.025],[76.775,41.175],[76.9,41.225],[77.025,41.375],[77.225,41.375],[77.425,41.425],[77.575,41.55],[77.65,41.55],[77.875,41.75],[78.2,41.75],[78.4,41.875],[78.55,42.025],[78.7,42.05],[78.825,42.125],[78.825,42.2],[78.95,42.275],[79.325,42.325],[79.325,42.275],[79.625,42.3],[79.9,42.15],[80.2,42.15],[80.2,43.15],[80.275,43.225],[80.45,43.225],[80.45,43.65],[80.475,43.8],[80.675,43.85],[80.675,44.6],[80.6,44.7],[80.75,44.725],[80.825,44.825],[80.85,45.125],[80.925,45.2],[81.075,45.225],[81.3,45.325],[81.4,45.425],[81.575,45.375],[81.8,45.375],[81.925,45.425],[82.125,45.625],[82.125,45.7],[82.375,45.95],[82.525,45.95],[82.7,45.75],[82.9,45.75],[82.925,45.825],[82.825,45.9],[82.75,46.05],[82.775,46.425],[82.85,46.625],[83.6,46.625],[83.925,46.475],[84.2,46.425],[84.3,46.5],[84.475,46.525],[84.675,46.8],[84.975,46.8],[85.15,47.05],[85.525,47.05],[85.525,47.075],[86.05,47.075],[86.3,47.05],[86.3,47.35],[86.45,47.575],[86.6,47.575],[86.575,47.825],[86.675,47.825],[86.75,47.725],[87.025,47.625],[87.1,47.725],[87.25,47.775],[87.35,47.95],[87.55,48.0],[87.7,48.175],[87.95,48.175],[88.05,48.25],[88.275,48.225],[88.4,48.15],[88.625,48.15],[88.8,48.0],[88.95,48.0],[89.125,48.075],[89.2,48.0],[89.2,47.875],[89.3,47.8],[89.575,47.75],[89.625,47.8],[89.875,47.775],[90.225,47.675],[90.3,47.6],[90.425,47.35],[90.55,47.225],[90.75,47.175],[90.8,47.25],[90.925,47.275],[91.325,47.275],[91.425,47.2],[91.425,47.05],[91.525,46.9],[91.825,46.675],[92.15,46.725],[92.325,46.575],[92.45,46.575],[92.525,46.5],[92.725,46.425],[92.825,46.325],[93.1,46.225],[93.325,46.05],[93.675,45.95],[93.95,45.725],[94.125,45.65],[94.075,45.5],[94.1,45.175],[93.925,45.125],[93.925,44.95],[93.975,44.925],[94.0,44.7],[93.925,44.575],[93.925,44.45],[93.85,44.25],[93.725,44.025],[93.65,43.7],[93.95,43.575],[94.025,43.375],[94.125,43.325],[94.225,43.175],[94.475,43.1],[94.525,43.05],[94.775,43.025],[95.1,42.9],[95.325,42.925],[95.35,42.7],[95.4,42.6],[95.4,42.15],[95.55,41.925],[95.55,41.8],[95.375,41.8],[95.3,41.65],[95.15,41.5],[95.125,41.325],[95.05,41.225],[94.7,41.075],[94.475,41.05],[94.325,40.975],[94.15,40.975],[93.95,40.825],[93.7,40.825],[93.6,40.9],[93.375,40.9],[93.15,40.9],[93.0,41.025],[92.65,41.025],[92.375,40.925],[92.225,40.75],[91.75,40.5],[91.625,40.5],[91.525,40.4],[91.525,40.275],[91.35,40.125],[91.3,39.975],[91.175,39.875],[91.175,39.225],[91.2,39.125],[91.325,38.95],[91.25,38.95],[91.25,38.925],[90.8,38.9],[90.7,38.825],[90.375,38.85],[90.15,38.8],[89.9,38.8],[89.75,38.725],[89.475,38.675],[89.45,38.325],[89.2,38.275],[89.075,38.2],[88.8,38.15],[88.8,37.975],[88.575,37.775],[88.35,37.625],[88.1,37.575],[88.05,37.5],[87.875,37.45],[87.775,37.35],[87.575,37.3],[87.45,37.175],[87.325,37.15],[87.225,37.0],[87.125,37.0],[87.025,36.875],[86.725,36.875],[86.5,36.95],[86.3,36.95],[86.175,37.0],[85.975,37.0],[85.875,36.95],[85.825,36.8],[85.575,36.675],[85.125,36.675],[84.975,36.575],[84.85,36.425],[84.625,36.4],[84.525,36.325],[84.075,36.3],[84.0,36.2],[83.85,36.15],[83.575,36.175],[83.5,36.125],[83.225,36.125],[83.05,36.075],[82.9,35.95],[82.675,35.925],[82.575,35.8],[82.425,35.75],[82.3,35.6],[82.125,35.525],[81.8,35.575],[81.55,35.475],[81.15,35.475],[81.05,35.425],[80.725,35.45],[80.625,35.525],[80.5,35.525],[80.375,35.6],[79.975,35.6],[79.825,35.65],[79.775,35.725],[79.55,35.8],[79.425,35.95],[79.175,35.775],[79.025,35.775],[78.625,35.85],[78.575,35.925],[78.375,35.95],[78.3,36.075],[77.975,36.1],[77.825,36.0],[77.675,36.1],[77.425,36.075],[77.25,35.85],[77.025,35.9],[76.925,35.825],[76.8,35.825],[76.675,35.75],[76.575,35.9],[76.325,35.875],[76.175,36.0],[76.175,36.1],[76.0,36.15],[75.875,36.075],[75.8,36.1],[75.75,36.3],[75.75,36.55],[75.625,36.625],[75.475,36.625],[75.275,36.75],[75.275,36.85],[75.075,36.975],[74.85,36.95],[74.825,37.025],[74.425,37.025],[74.35,36.925],[74.15,36.875],[73.875,36.875],[73.825,36.825],[73.625,36.85],[73.3,36.85],[73.275,36.9],[73.1,36.9],[72.9,36.95],[72.9,37.0],[73.15,37.075]]]}}],"snapped":true}