{"type":"FeatureCollection","features":[{"type":"Feature","properties":{"focus":false,"kind":"state","approx":true,"color":"#a07d5a","name":"Liao","name_zh":"辽","label":[126.37,44.68],"area":183.5},"geometry":{"type":"MultiPolygon","coordinates":[[[[111.2,39.3],[111.15,39.45],[111.275,39.45],[111.1,39.7],[111.075,39.875],[110.875,40.075],[110.6,40.125],[110.4,40.2],[110.425,40.4],[110.225,40.475],[110.225,40.525],[109.675,40.525],[109.675,40.775],[109.55,40.775],[109.55,41.05],[109.65,41.1],[110.0,41.125],[110.125,40.975],[110.475,41.0],[110.725,41.05],[110.775,41.1],[111.0,41.125],[111.1,41.1],[111.175,41.175],[111.5,41.15],[111.65,41.25],[112.0,41.275],[112.1,41.4],[112.35,41.4],[112.65,41.35],[112.775,41.425],[112.8,41.6],[112.95,41.8],[113.075,41.85],[113.6,41.85],[113.675,41.9],[114.1,41.9],[114.2,41.95],[114.4,41.95],[114.45,41.9],[114.725,41.925],[115.025,42.075],[115.2,42.1],[115.25,42.025],[115.375,42.025],[115.575,41.95],[115.775,41.95],[115.975,41.875],[116.1,41.875],[116.15,42.025],[116.325,42.175],[116.65,42.3],[116.7,42.425],[116.825,42.575],[116.75,42.65],[116.8,42.925],[116.9,43.125],[117.0,43.5],[117.15,43.625],[117.05,43.7],[117.025,43.85],[116.85,43.9],[116.775,44.1],[116.725,44.125],[116.75,44.275],[116.7,44.3],[116.7,44.475],[116.625,44.6],[116.65,44.95],[116.475,45.075],[116.4,45.35],[116.325,45.475],[116.325,45.6],[116.575,45.825],[116.775,45.875],[116.825,45.95],[116.975,45.975],[117.05,46.1],[117.025,46.175],[117.025,46.8],[116.95,46.9],[116.95,47.275],[117.025,47.4],[117.025,47.575],[117.075,47.65],[117.075,47.825],[117.0,47.975],[117.0,48.225],[117.1,48.3],[117.225,48.5],[117.175,48.7],[117.175,49.05],[117.1,49.275],[117.025,49.3],[117.075,49.475],[117.175,49.5],[117.2,49.75],[117.475,49.85],[117.55,50.075],[117.6,50.1],[117.575,50.25],[117.7,50.25],[117.825,50.4],[117.85,50.8],[118.0,50.8],[118.2,50.85],[118.25,50.675],[118.425,50.675],[118.65,50.75],[118.75,50.6],[118.85,50.575],[119.075,50.425],[119.2,50.4],[119.275,50.6],[119.45,50.675],[119.55,50.925],[119.65,50.95],[119.75,50.85],[119.875,50.925],[120.0,50.825],[120.125,50.825],[120.275,50.95],[120.375,50.925],[120.45,50.825],[120.6,50.8],[120.75,50.85],[120.825,50.725],[121.1,50.775],[121.2,50.725],[121.225,50.625],[121.375,50.55],[121.425,50.375],[121.55,50.3],[121.55,50.225],[121.725,50.225],[121.875,50.55],[122.075,50.6],[122.1,50.725],[122.2,50.8],[122.4,50.8],[122.575,50.9],[122.65,51.075],[122.875,51.1],[123.1,51.175],[123.2,51.075],[123.3,51.075],[123.45,50.975],[123.625,50.95],[123.725,50.775],[124.0,50.775],[124.15,50.675],[124.45,50.675],[124.525,50.85],[124.775,50.825],[125.0,50.725],[125.075,50.625],[125.2,50.575],[125.425,50.575],[125.55,50.45],[125.7,50.475],[125.775,50.35],[126.05,50.325],[126.275,50.35],[126.4,50.3],[126.425,50.175],[126.625,50.2],[126.95,50.2],[127.15,50.3],[127.35,50.35],[127.35,50.275],[127.575,50.225],[127.5,49.95],[127.55,49.8],[127.675,49.825],[127.725,49.675],[127.9,49.6],[128.0,49.625],[128.075,49.55],[128.35,49.55],[128.375,49.6],[128.8,49.575],[128.8,49.5],[129.0,49.525],[129.05,49.45],[129.275,49.55],[129.325,49.5],[129.5,49.525],[130.175,49.525],[130.4,49.575],[130.425,49.525],[130.7,49.4],[130.975,49.375],[131.1,49.225],[131.25,49.125],[131.425,49.175],[131.6,49.3],[132.025,49.325],[132.05,49.375],[132.3,49.4],[132.325,49.325],[132.225,49.05],[132.3,48.875],[132.5,48.7],[132.5,48.475],[132.575,48.35],[132.575,48.225],[132.775,48.175],[132.85,48.025],[133.05,48.075],[133.075,48.125],[133.575,48.1],[133.7,48.225],[134.0,48.125],[134.2,47.825],[134.6,47.6],[134.55,47.475],[134.275,47.4],[134.2,47.275],[134.35,47.2],[134.525,47.05],[134.625,47.125],[134.775,47.15],[134.825,47.05],[135.0,47.05],[135.0,47.0],[135.2,46.875],[135.325,46.875],[135.45,46.7],[135.5,46.725],[135.825,46.725],[135.9,46.675],[135.95,46.5],[136.15,46.275],[136.15,46.175],[136.325,46.125],[136.625,45.825],[136.75,45.65],[136.75,45.55],[137.075,45.35],[137.076,45.348],[136.804,45.171],[136.737,45.08],[136.604,44.978],[136.46,44.822],[136.251,44.667],[136.209,44.562],[136.142,44.489],[136.094,44.474],[136.032,44.398],[135.76,44.238],[135.533,43.971],[135.489,43.899],[135.483,43.835],[135.26,43.685],[135.131,43.526],[134.917,43.427],[134.692,43.291],[134.637,43.265],[134.568,43.212],[134.138,42.992],[134.037,42.964],[134.01,42.947],[133.709,42.83],[133.587,42.828],[133.329,42.764],[133.16,42.697],[133.106,42.711],[132.952,42.669],[132.867,42.794],[132.864,42.794],[132.73,42.865],[132.605,42.873],[132.576,42.872],[132.568,42.875],[132.484,42.88],[132.441,42.904],[132.304,42.883],[132.313,42.992],[132.18,43.188],[132.098,43.162],[132.029,43.119],[131.947,43.095],[131.89,43.095],[131.674,43.026],[131.833,43.264],[131.8,43.257],[131.795,43.255],[131.722,43.203],[131.516,42.996],[131.393,42.822],[131.292,42.772],[131.245,42.697],[131.158,42.626],[131.025,42.645],[130.946,42.634],[130.913,42.641],[130.8,42.56],[130.834,42.523],[130.73,42.326],[130.687,42.303],[130.637,42.275],[130.569,42.292],[130.458,42.302],[130.331,42.224],[130.203,42.132],[130.18,42.097],[130.106,42.063],[130.015,41.998],[130.007,41.991],[129.928,41.897],[129.876,41.806],[129.756,41.712],[129.686,41.595],[129.682,41.494],[129.759,41.392],[129.766,41.304],[129.712,41.124],[129.742,40.932],[129.717,40.875],[129.7,40.875],[129.575,40.95],[129.45,40.95],[129.25,41.05],[129.15,41.15],[129.05,41.075],[129.025,40.8],[128.775,40.55],[128.5,40.55],[128.325,40.65],[128.0,40.625],[127.95,40.575],[127.775,40.65],[127.225,40.475],[127.15,40.375],[126.875,40.35],[126.775,40.45],[126.35,40.45],[126.025,40.525],[126.0,40.475],[125.825,40.475],[125.7,40.375],[125.6,40.425],[125.35,40.45],[125.05,40.25],[125.075,40.025],[124.975,40.025],[124.875,39.8],[124.833,39.612],[124.688,39.604],[124.547,39.541],[124.442,39.573],[124.149,39.82],[124.461,39.838],[124.459,39.838],[124.149,39.821],[124.122,39.849],[124.106,39.841],[123.985,39.835],[123.915,39.806],[123.244,39.703],[123.227,39.687],[123.068,39.676],[123.036,39.671],[123.02,39.664],[122.961,39.62],[122.882,39.608],[122.629,39.503],[122.335,39.366],[122.225,39.267],[122.121,39.152],[122.048,39.094],[121.982,39.053],[121.923,39.037],[121.864,38.996],[121.805,38.991],[121.745,39.01],[121.677,39.003],[121.633,38.955],[121.67,38.892],[121.65,38.865],[121.517,38.831],[121.326,38.809],[121.321,38.808],[121.236,38.766],[121.207,38.744],[121.165,38.732],[121.163,38.731],[121.162,38.735],[121.122,38.813],[121.108,38.915],[121.106,38.92],[121.107,38.92],[121.107,38.921],[121.188,38.947],[121.201,38.949],[121.414,39.014],[121.48,39.037],[121.436,39.066],[121.315,39.031],[121.637,39.323],[121.465,39.375],[121.421,39.376],[121.282,39.349],[121.213,39.483],[121.239,39.552],[121.481,39.768],[121.517,39.845],[121.601,39.876],[122.035,40.264],[122.105,40.354],[122.082,40.487],[122.25,40.558],[122.179,40.603],[122.14,40.688],[121.859,40.842],[121.835,40.974],[121.809,40.969],[121.766,40.876],[121.729,40.846],[121.599,40.843],[121.537,40.878],[121.175,40.901],[121.086,40.842],[121.003,40.749],[120.922,40.683],[120.841,40.649],[120.774,40.592],[120.479,40.23],[120.063,40.076],[119.85,39.987],[119.614,39.91],[119.592,39.902],[119.406,39.764],[119.393,39.754],[119.264,39.566],[119.261,39.561],[119.225,39.408],[119.093,39.276],[119.04,39.222],[119.039,39.221],[118.977,39.183],[118.914,39.167],[118.912,39.166],[118.81,39.17],[118.752,39.16],[118.636,39.176],[118.625,39.176],[118.618,39.174],[118.472,39.118],[118.298,39.067],[118.297,39.067],[118.147,39.194],[118.036,39.225],[117.867,39.191],[117.788,39.136],[117.675,38.95],[117.675,39.0],[117.5,39.0],[117.225,39.075],[117.075,39.25],[116.925,39.275],[116.85,39.375],[116.625,39.375],[116.575,39.425],[116.3,39.425],[116.25,39.475],[115.9,39.475],[115.65,39.575],[115.65,39.775],[115.525,39.825],[115.375,40.0],[115.2,40.0],[115.075,39.9],[114.875,39.65],[114.55,39.525],[114.2,39.5],[114.15,39.55],[113.875,39.6],[113.775,39.5],[113.7,39.5],[113.25,39.35],[112.925,39.275],[112.8,39.4],[112.575,39.3],[112.45,39.3],[112.4,39.175],[112.45,39.075],[112.25,39.025],[112.15,38.9],[112.05,38.875],[111.825,38.675],[111.675,38.6],[111.55,38.6],[111.5,38.75],[111.0,38.725],[111.0,38.75],[110.975,38.75],[110.975,39.025],[111.1,39.05],[111.2,39.3]]],[[[121.065,38.75],[121.081,38.781],[121.097,38.751],[121.065,38.75]]]]}},{"type":"Feature","properties":{"focus":false,"kind":"state","approx":true,"color":"#b0805f","name":"Dingnan Circuit (Tangut)","name_zh":"定难军 (党项)","label":[108.73,39.47],"area":14.0},"geometry":{"type":"Polygon","coordinates":[[[107.425,41.55],[107.65,41.525],[107.575,41.3],[107.675,41.3],[107.8,41.2],[108.275,41.2],[108.275,41.175],[108.625,41.15],[108.875,41.425],[109.025,41.525],[109.025,41.65],[109.225,41.575],[109.325,41.475],[109.525,41.4],[109.6,41.325],[109.65,41.1],[109.55,41.05],[109.55,40.775],[109.675,40.775],[109.675,40.525],[110.225,40.525],[110.225,40.475],[110.425,40.4],[110.4,40.2],[110.6,40.125],[110.875,40.075],[111.075,39.875],[111.1,39.7],[111.275,39.45],[111.15,39.45],[111.2,39.3],[111.1,39.05],[110.975,39.025],[110.975,38.75],[110.95,38.75],[110.9,38.525],[110.775,38.45],[110.675,38.3],[110.5,38.2],[110.5,37.975],[110.575,37.95],[110.7,37.725],[110.55,37.65],[110.5,37.275],[110.375,37.275],[110.075,37.325],[109.65,37.325],[109.425,37.3],[109.375,37.25],[109.125,37.225],[108.85,37.325],[108.775,37.225],[108.525,37.15],[108.125,37.15],[108.0,37.075],[107.9,37.175],[107.6,37.225],[107.525,37.325],[107.375,37.3],[107.4,37.65],[107.325,37.825],[107.25,37.875],[107.225,38.05],[107.225,38.375],[107.275,38.55],[107.425,38.775],[107.325,38.9],[107.275,39.075],[107.15,39.25],[107.15,39.55],[106.975,39.55],[106.775,39.5],[106.775,39.725],[106.725,39.85],[106.725,40.075],[107.025,40.325],[107.1,40.5],[107.1,40.625],[106.95,40.8],[106.95,40.975],[107.2,41.175],[107.15,41.325],[107.175,41.325],[107.225,41.4],[107.375,41.45],[107.425,41.55]]]}},{"type":"Feature","properties":{"focus":false,"kind":"state","approx":true,"color":"#6f9460","name":"Tibetan tribes","name_zh":"吐蕃诸部","label":[89.94,32.77],"area":414.1},"geometry":{"type":"Polygon","coordinates":[[[78.75,28.125],[78.6,28.175],[78.55,28.275],[78.525,28.5],[78.325,28.725],[78.25,28.725],[78.25,28.875],[78.1,28.95],[78.125,29.3],[78.0,29.6],[78.175,29.65],[78.175,29.95],[78.3,30.125],[78.325,30.125],[78.425,30.15],[78.225,30.475],[78.2,30.675],[78.25,30.825],[78.375,30.9],[78.55,31.075],[78.575,31.35],[78.475,31.4],[78.45,31.575],[78.325,31.625],[78.325,31.775],[78.025,31.95],[77.85,31.95],[77.8,32.175],[77.75,32.2],[77.725,32.525],[77.625,32.6],[77.375,32.925],[77.3,32.975],[77.075,32.975],[76.95,33.05],[76.775,33.25],[76.675,33.3],[76.525,33.575],[76.375,33.625],[76.275,33.825],[76.325,33.825],[76.5,34.0],[76.525,34.175],[76.625,34.3],[76.625,34.525],[76.375,34.675],[76.325,34.825],[76.225,34.825],[76.225,34.975],[76.0,35.075],[75.925,35.15],[75.925,35.275],[76.0,35.325],[76.0,35.525],[76.125,35.525],[76.325,35.725],[76.325,35.85],[76.4,35.95],[76.275,35.975],[76.275,36.1],[76.05,36.175],[76.0,36.275],[75.875,36.35],[75.875,36.45],[75.675,36.7],[75.425,36.75],[75.4,36.9],[75.25,37.05],[75.125,37.05],[75.1,37.175],[75.175,37.25],[75.15,37.625],[75.025,37.7],[75.0,38.1],[75.125,38.25],[75.35,38.25],[75.375,38.325],[75.275,38.5],[75.1,38.625],[75.0,38.525],[74.875,38.525],[74.825,38.65],[74.7,38.775],[74.775,38.825],[74.8,39.025],[74.675,39.15],[74.475,39.25],[74.175,39.25],[74.025,39.075],[73.775,39.075],[73.7,39.225],[73.575,39.275],[73.575,39.4],[73.725,39.475],[73.725,39.725],[73.65,39.9],[73.775,39.975],[73.825,40.075],[73.925,40.1],[73.9,40.25],[73.975,40.375],[73.95,40.475],[74.05,40.5],[74.1,40.7],[74.275,40.775],[74.525,40.65],[74.6,40.575],[74.775,40.525],[74.975,40.55],[75.325,40.725],[76.05,40.725],[76.125,40.65],[76.3,40.625],[76.525,40.675],[76.725,40.775],[76.775,40.95],[77.075,41.15],[77.175,41.275],[77.75,41.325],[77.975,41.55],[78.25,41.575],[78.3,41.7],[78.425,41.65],[78.65,41.675],[78.675,41.975],[78.85,42.05],[79.1,42.025],[79.2,42.125],[79.675,42.125],[79.825,42.05],[80.125,42.05],[80.2,42.1],[80.525,42.1],[80.575,42.2],[80.775,42.225],[81.175,42.225],[81.325,42.35],[81.525,42.425],[81.725,42.425],[81.9,42.35],[82.15,42.4],[82.2,42.475],[82.35,42.5],[82.55,42.65],[82.825,42.7],[83.35,42.7],[83.55,42.525],[83.675,42.5],[83.825,42.575],[84.025,42.55],[84.3,42.475],[84.425,42.575],[84.625,42.575],[84.725,42.7],[84.975,42.75],[85.075,42.675],[85.275,42.675],[85.4,42.725],[85.4,42.85],[85.625,43.15],[85.925,43.15],[86.025,43.25],[86.4,43.225],[86.5,43.125],[86.7,43.125],[87.05,42.975],[87.15,42.725],[87.575,42.725],[87.725,42.675],[87.825,42.575],[88.075,42.55],[88.125,42.5],[88.45,42.475],[88.575,42.425],[88.825,42.4],[88.85,42.575],[88.95,42.65],[89.075,42.95],[89.275,43.15],[89.275,43.45],[89.45,43.45],[89.575,43.375],[90.0,43.4],[90.075,43.45],[90.35,43.475],[90.675,43.475],[90.675,43.5],[91.175,43.5],[91.35,43.65],[91.575,43.725],[91.65,43.8],[92.025,43.75],[92.25,43.525],[92.55,43.45],[92.925,43.45],[92.925,43.425],[93.25,43.425],[93.7,43.275],[93.775,43.2],[94.0,43.15],[93.975,43.15],[93.8,42.975],[93.675,42.6],[93.575,42.425],[93.55,42.15],[93.375,41.9],[93.375,41.8],[93.275,41.775],[93.25,41.35],[93.15,41.175],[93.025,41.1],[92.675,41.05],[92.575,41.0],[92.575,40.875],[92.7,40.725],[92.7,40.2],[92.65,40.15],[92.675,39.95],[92.775,39.7],[92.8,39.475],[92.85,39.4],[92.85,39.15],[93.2,39.15],[93.45,39.225],[93.7,39.175],[94.025,39.2],[94.1,39.15],[94.275,39.15],[94.525,39.225],[94.675,39.125],[94.925,39.125],[95.0,39.075],[95.3,39.1],[95.45,39.05],[95.475,38.975],[95.625,38.875],[95.675,38.775],[95.9,38.55],[95.85,38.375],[96.05,38.4],[96.175,38.3],[96.475,38.225],[96.55,38.325],[97.0,38.325],[97.15,38.35],[97.225,38.225],[97.5,38.225],[97.55,38.275],[97.925,38.25],[97.95,38.2],[98.25,38.225],[98.325,38.275],[98.875,38.25],[99.075,38.275],[99.15,38.175],[99.425,38.1],[99.5,37.975],[99.65,37.875],[99.825,37.875],[100.075,37.925],[100.225,37.8],[100.425,37.8],[100.625,37.85],[100.7,37.8],[100.925,37.775],[101.0,37.85],[101.425,37.775],[101.475,37.875],[101.45,38.025],[101.375,38.075],[101.375,38.375],[101.625,38.45],[101.75,38.65],[101.7,38.675],[101.7,38.85],[101.75,38.9],[101.825,39.2],[101.975,39.275],[102.125,39.275],[102.075,39.5],[102.075,39.7],[102.225,40.075],[102.3,40.075],[102.45,40.15],[102.825,40.15],[103.0,40.075],[103.05,39.95],[103.575,40.05],[103.725,40.225],[103.85,40.25],[103.925,40.35],[104.2,40.4],[104.325,40.35],[104.425,40.2],[104.55,40.1],[104.525,40.1],[104.3,39.925],[104.325,39.775],[104.325,39.375],[104.375,39.325],[104.425,39.025],[104.35,38.875],[104.35,38.475],[104.45,38.225],[104.5,37.975],[104.475,37.625],[104.525,37.475],[104.625,37.45],[104.625,37.35],[104.525,37.2],[104.6,37.125],[104.6,37.0],[104.75,36.95],[104.85,36.825],[104.95,36.825],[105.2,36.65],[105.225,36.375],[105.4,36.25],[105.575,36.225],[105.625,36.05],[105.525,35.975],[105.525,35.875],[105.375,35.725],[105.325,35.525],[105.2,35.35],[105.275,35.325],[105.25,35.075],[105.125,34.8],[104.85,34.775],[104.725,34.825],[104.65,34.65],[104.65,34.375],[104.6,34.35],[104.475,34.45],[104.3,34.475],[104.075,34.3],[104.025,34.15],[103.875,34.275],[103.675,34.275],[103.55,34.2],[103.35,34.275],[102.9,34.275],[102.725,34.2],[102.825,34.025],[102.875,34.025],[103.05,33.85],[103.05,33.5],[103.175,33.375],[103.35,33.1],[103.425,33.075],[103.45,32.85],[103.225,32.825],[102.925,32.7],[102.675,32.325],[102.575,32.275],[102.45,32.125],[102.45,32.025],[102.6,31.85],[102.55,31.625],[102.35,31.575],[102.35,31.475],[102.25,31.35],[102.25,31.2],[102.05,31.225],[101.925,31.175],[101.9,31.25],[101.75,31.275],[101.75,31.025],[101.625,30.925],[101.8,30.725],[101.825,30.525],[101.725,30.45],[101.725,29.9],[101.775,29.775],[101.55,29.5],[101.55,29.325],[101.65,29.225],[101.675,29.0],[101.75,28.9],[101.875,28.85],[101.975,28.7],[102.2,28.625],[102.35,28.625],[102.325,28.5],[102.5,28.375],[102.575,28.25],[102.725,28.175],[102.6,28.0],[102.65,27.875],[102.825,27.675],[102.8,27.5],[102.925,27.45],[102.925,27.275],[103.05,27.225],[103.075,27.025],[103.225,26.725],[103.225,26.55],[103.3,26.35],[103.3,26.2],[103.35,25.975],[103.3,25.875],[103.2,25.875],[103.175,25.775],[103.025,25.65],[103.05,25.45],[102.925,25.35],[102.925,25.175],[102.975,25.075],[102.9,24.975],[102.9,24.825],[102.8,24.825],[102.675,24.725],[102.65,24.625],[102.5,24.65],[102.35,24.475],[102.225,24.475],[102.1,24.375],[102.0,24.375],[101.975,24.175],[101.7,23.925],[101.575,23.975],[101.625,23.7],[101.725,23.6],[101.75,23.375],[101.575,23.325],[101.25,23.05],[101.225,22.95],[101.1,22.85],[101.1,22.7],[101.175,22.6],[101.15,22.425],[101.0,22.375],[100.95,22.2],[100.725,22.075],[100.475,22.125],[100.4,21.975],[100.4,21.825],[100.15,21.85],[100.0,21.7],[99.825,21.75],[99.775,21.925],[99.65,21.9],[99.425,21.975],[99.4,22.1],[99.525,22.175],[99.5,22.475],[99.3,22.55],[99.3,22.5],[99.125,22.45],[99.025,22.525],[98.9,22.525],[98.85,22.45],[98.65,22.45],[98.65,22.525],[98.525,22.725],[98.525,22.825],[98.4,22.825],[98.325,23.0],[98.25,23.025],[98.2,23.2],[98.25,23.35],[98.075,23.35],[98.05,23.475],[98.175,23.6],[98.225,23.75],[98.425,23.8],[98.4,23.975],[98.575,24.1],[98.675,24.1],[98.675,24.225],[98.75,24.275],[98.75,24.475],[98.85,24.625],[98.775,24.7],[98.725,24.9],[98.725,25.725],[98.625,25.65],[98.325,25.525],[98.35,25.4],[98.2,25.3],[98.025,25.275],[98.0,25.2],[97.275,25.2],[97.225,24.975],[97.125,24.95],[97.05,24.825],[97.075,24.55],[96.95,24.65],[96.75,24.625],[96.675,24.725],[96.45,24.8],[96.325,24.55],[96.175,24.55],[96.125,24.75],[95.825,24.675],[95.8,24.6],[95.6,24.6],[95.35,24.475],[95.3,24.375],[95.2,24.35],[95.125,24.225],[95.0,24.225],[94.7,24.25],[94.6,24.125],[94.25,24.2],[94.0,24.2],[94.0,24.275],[94.15,24.5],[94.175,24.85],[94.225,25.0],[94.325,25.125],[94.25,25.275],[93.95,25.25],[93.875,25.075],[93.625,25.125],[93.6,25.225],[93.35,25.225],[93.275,25.15],[92.975,25.1],[92.925,25.175],[92.7,25.225],[92.65,25.325],[92.525,25.375],[92.4,25.5],[92.2,25.55],[92.2,25.7],[92.3,25.8],[92.4,26.075],[92.35,26.125],[92.25,26.45],[92.125,26.425],[92.05,26.3],[91.875,26.275],[91.75,26.6],[91.55,26.925],[91.55,27.1],[91.775,27.1],[91.775,27.25],[91.975,27.325],[91.975,27.5],[92.175,27.7],[92.225,27.975],[92.05,28.125],[91.9,28.175],[91.575,28.15],[91.55,28.3],[91.3,28.475],[90.975,28.425],[90.875,28.325],[90.65,28.275],[90.525,28.125],[90.425,28.1],[90.35,28.2],[90.125,28.275],[90.05,28.2],[89.875,28.175],[89.85,28.225],[89.675,28.25],[89.3,27.975],[89.25,27.825],[89.075,27.825],[89.0,27.95],[88.7,28.075],[88.525,28.075],[88.2,27.9],[87.95,27.9],[87.9,27.95],[87.725,27.925],[87.6,28.1],[87.45,27.975],[87.45,27.775],[87.375,27.65],[87.225,27.55],[87.15,27.425],[87.225,27.4],[87.275,27.125],[87.175,27.025],[87.175,26.825],[87.075,26.775],[86.975,26.625],[86.975,26.525],[86.8,26.375],[86.8,26.275],[86.65,26.15],[86.55,26.15],[86.475,25.95],[86.45,25.775],[86.525,25.65],[86.675,25.575],[86.65,25.475],[86.5,25.475],[86.4,25.325],[86.05,25.325],[85.85,25.5],[85.6,25.475],[85.55,25.55],[85.325,25.5],[85.05,25.175],[84.925,25.125],[84.775,25.15],[84.7,25.225],[84.4,25.325],[84.175,25.575],[83.975,25.525],[83.875,25.35],[83.6,25.275],[83.475,25.125],[83.225,25.175],[82.925,25.175],[82.875,25.1],[82.75,25.1],[82.6,25.2],[82.475,25.15],[82.425,25.225],[82.075,25.275],[81.925,25.325],[81.9,25.45],[81.675,25.475],[81.6,25.575],[81.375,25.65],[81.375,25.775],[81.05,26.0],[81.025,26.075],[80.775,26.05],[80.75,26.125],[80.625,26.125],[80.525,26.375],[80.4,26.425],[80.25,26.6],[80.25,26.675],[80.125,26.75],[80.1,26.875],[80.0,26.95],[79.95,27.125],[79.825,27.125],[79.65,27.275],[79.625,27.425],[79.55,27.55],[79.35,27.65],[79.25,27.65],[79.15,27.825],[79.0,27.825],[78.75,28.125]]]}},{"type":"Feature","properties":{"focus":false,"kind":"state","approx":true,"color":"#6f9460","name":"Ganzhou Uyghurs","name_zh":"甘州回鹘","label":[99.43,39.3],"area":14.6},"geometry":{"type":"Polygon","coordinates":[[[97.375,38.85],[97.425,39.125],[97.35,39.25],[97.475,39.4],[97.35,39.575],[97.175,39.575],[97.15,39.75],[97.05,39.8],[97.125,39.975],[97.175,40.25],[97.275,40.45],[97.4,40.825],[97.4,40.95],[97.3,41.1],[97.175,41.15],[97.125,41.3],[97.0,41.425],[97.0,41.525],[97.25,41.525],[97.25,41.5],[97.725,41.5],[97.875,41.65],[97.875,41.725],[98.025,41.85],[98.2,41.8],[98.25,41.85],[98.675,41.875],[98.8,41.825],[98.825,41.725],[99.025,41.55],[99.25,41.25],[99.4,41.225],[99.45,41.15],[99.7,41.15],[99.8,41.1],[100.0,41.1],[100.2,41.025],[100.425,40.85],[100.7,40.775],[101.15,40.75],[101.4,40.65],[101.65,40.5],[101.775,40.475],[101.875,40.3],[102.075,40.2],[102.175,40.075],[102.225,40.075],[102.075,39.7],[102.075,39.5],[102.125,39.275],[101.975,39.275],[101.825,39.2],[101.75,38.9],[101.7,38.85],[101.7,38.675],[101.75,38.65],[101.625,38.45],[101.375,38.375],[101.375,38.075],[101.45,38.025],[101.475,37.875],[101.425,37.775],[101.0,37.85],[100.925,37.775],[100.7,37.8],[100.625,37.85],[100.425,37.8],[100.225,37.8],[100.075,37.925],[99.825,37.875],[99.65,37.875],[99.5,37.975],[99.425,38.1],[99.15,38.175],[99.075,38.275],[98.875,38.25],[98.325,38.275],[98.25,38.225],[97.95,38.2],[97.925,38.25],[97.55,38.275],[97.5,38.225],[97.225,38.225],[97.15,38.35],[97.2,38.5],[97.2,38.675],[97.275,38.8],[97.375,38.85]]]}},{"type":"Feature","properties":{"focus":false,"kind":"state","approx":true,"color":"#a3727a","name":"Guiyi Circuit","name_zh":"归义军","label":[94.95,40.33],"area":13.9},"geometry":{"type":"Polygon","coordinates":[[[94.3,42.575],[94.6,42.3],[94.75,41.975],[94.75,41.8],[94.85,41.75],[95.075,41.775],[95.125,41.825],[95.35,41.875],[95.6,41.875],[95.675,41.925],[96.05,41.9],[96.125,41.825],[96.3,41.825],[96.375,41.725],[96.575,41.65],[96.775,41.5],[96.9,41.525],[97.0,41.525],[97.0,41.425],[97.125,41.3],[97.175,41.15],[97.3,41.1],[97.4,40.95],[97.4,40.825],[97.275,40.45],[97.175,40.25],[97.125,39.975],[97.05,39.8],[97.15,39.75],[97.175,39.575],[97.35,39.575],[97.475,39.4],[97.35,39.25],[97.425,39.125],[97.375,38.85],[97.275,38.8],[97.2,38.675],[97.2,38.5],[97.15,38.35],[97.0,38.325],[96.55,38.325],[96.475,38.225],[96.175,38.3],[96.05,38.4],[95.85,38.375],[95.9,38.55],[95.675,38.775],[95.625,38.875],[95.475,38.975],[95.45,39.05],[95.3,39.1],[95.0,39.075],[94.925,39.125],[94.675,39.125],[94.525,39.225],[94.275,39.15],[94.1,39.15],[94.025,39.2],[93.7,39.175],[93.45,39.225],[93.2,39.15],[92.85,39.15],[92.85,39.4],[92.8,39.475],[92.775,39.7],[92.675,39.95],[92.65,40.15],[92.7,40.2],[92.7,40.725],[92.575,40.875],[92.575,41.0],[92.675,41.05],[93.025,41.1],[93.15,41.175],[93.25,41.35],[93.275,41.775],[93.375,41.8],[93.375,41.9],[93.55,42.15],[93.575,42.425],[93.675,42.6],[93.8,42.975],[93.975,43.15],[94.05,43.15],[94.225,43.125],[94.2,42.8],[94.3,42.575]]]}},{"type":"Feature","properties":{"focus":false,"kind":"state","approx":true,"color":"#a3727a","name":"Jiaozhi (Đại Cồ Việt)","name_zh":"交趾","label":[105.24,20.44],"area":12.9},"geometry":{"type":"MultiPolygon","coordinates":[[[[103.675,19.825],[103.9,20.05],[103.925,20.175],[103.75,20.325],[103.725,20.6],[103.6,20.775],[103.625,20.9],[103.75,20.975],[103.9,21.15],[103.9,21.25],[104.075,21.425],[104.275,21.425],[104.275,21.6],[104.175,21.675],[104.15,21.85],[104.0,21.925],[104.0,22.15],[103.875,22.2],[103.85,22.3],[104.0,22.425],[104.1,22.4],[104.2,22.625],[104.425,22.625],[104.575,22.675],[104.45,22.9],[104.475,23.025],[104.6,23.125],[104.575,23.4],[104.975,23.525],[105.025,23.6],[105.35,23.475],[105.575,23.475],[105.65,23.425],[105.875,23.4],[106.0,23.3],[106.15,23.25],[106.175,23.25],[106.25,22.85],[106.2,22.75],[106.325,22.675],[106.6,22.425],[106.7,22.375],[106.95,22.05],[107.0,21.85],[107.15,21.7],[107.575,21.675],[107.675,21.6],[107.763,21.456],[107.707,21.406],[107.638,21.369],[107.637,21.368],[107.412,21.285],[107.373,21.132],[107.373,21.128],[107.354,21.055],[107.167,20.95],[107.164,20.948],[107.161,20.949],[107.112,20.96],[107.085,20.988],[107.068,20.997],[106.994,20.978],[106.981,20.971],[106.971,20.972],[106.886,20.95],[106.821,20.958],[106.803,20.967],[106.684,20.992],[106.727,20.832],[106.737,20.806],[106.753,20.735],[106.694,20.674],[106.554,20.529],[106.568,20.419],[106.573,20.392],[106.518,20.289],[106.517,20.288],[106.172,19.998],[106.166,19.992],[106.165,19.992],[106.063,19.986],[105.983,19.937],[105.945,19.858],[105.815,19.589],[105.814,19.574],[105.812,19.467],[105.802,19.435],[105.791,19.295],[105.791,19.294],[105.716,19.128],[105.716,19.127],[105.638,19.052],[105.638,19.05],[105.624,18.962],[105.732,18.779],[105.738,18.762],[105.778,18.694],[105.808,18.646],[105.817,18.625],[105.885,18.508],[105.888,18.502],[106.066,18.316],[106.07,18.313],[106.233,18.224],[106.24,18.221],[106.412,18.053],[106.499,17.946],[106.459,17.874],[106.479,17.72],[106.356,17.765],[106.371,17.747],[106.517,17.663],[106.533,17.642],[106.45,17.625],[106.4,17.5],[106.225,17.35],[106.15,17.35],[106.075,17.475],[105.975,17.5],[105.825,17.675],[105.725,17.675],[105.45,17.875],[105.225,18.175],[105.025,18.225],[105.025,18.4],[104.925,18.525],[104.675,18.575],[104.6,18.725],[104.4,18.95],[104.175,19.0],[104.075,19.125],[103.775,19.125],[103.625,19.2],[103.5,19.325],[103.6,19.475],[103.775,19.575],[103.75,19.775],[103.675,19.825]]],[[[107.406,21.102],[107.397,21.104],[107.433,21.178],[107.453,21.235],[107.476,21.269],[107.483,21.265],[107.599,21.217],[107.603,21.217],[107.602,21.216],[107.458,21.091],[107.454,21.092],[107.404,21.094],[107.406,21.102]]],[[[107.52,20.926],[107.466,20.901],[107.421,20.902],[107.4,20.903],[107.399,20.903],[107.473,20.949],[107.478,20.952],[107.479,20.954],[107.519,21.013],[107.551,21.034],[107.551,20.981],[107.521,20.927],[107.521,20.926],[107.52,20.926]]],[[[106.953,20.867],[107.044,20.837],[107.064,20.817],[107.064,20.8],[107.042,20.761],[107.031,20.747],[107.024,20.746],[106.99,20.743],[106.91,20.824],[106.953,20.867]]],[[[106.795,20.928],[106.855,20.858],[106.866,20.816],[106.854,20.796],[106.769,20.864],[106.791,20.917],[106.795,20.928]]]]}},{"type":"Feature","properties":{"focus":false,"kind":"state","approx":true,"color":"#b0805f","name":"Southwestern tribes","name_zh":"西南诸蛮","label":[106.7,26.65],"area":11.2},"geometry":{"type":"Polygon","coordinates":[[[104.225,26.75],[104.45,26.85],[104.9,26.85],[105.05,26.9],[105.125,27.0],[105.125,27.125],[105.225,27.325],[105.65,27.35],[105.65,27.775],[105.725,27.925],[105.8,27.875],[106.0,27.95],[106.15,27.95],[106.275,28.125],[106.25,28.325],[106.375,28.4],[106.375,28.525],[106.5,28.425],[106.625,28.425],[106.725,28.3],[106.925,28.275],[107.0,28.475],[107.2,28.65],[107.2,28.95],[107.525,29.0],[107.625,28.8],[107.775,28.775],[107.675,28.625],[107.65,28.475],[107.775,28.45],[107.8,28.525],[108.0,28.5],[107.975,28.325],[108.1,28.225],[108.175,28.05],[108.325,28.05],[108.35,27.975],[108.55,27.925],[108.475,27.625],[108.6,27.4],[108.8,27.375],[109.025,27.15],[108.975,27.025],[109.05,26.85],[109.075,26.625],[108.925,26.575],[108.725,26.6],[108.7,26.425],[108.55,26.325],[108.4,26.325],[108.25,26.4],[108.15,26.275],[108.15,26.125],[108.0,26.125],[107.925,26.025],[107.725,26.075],[107.6,25.95],[107.6,25.85],[107.5,25.8],[107.5,25.475],[107.475,25.325],[107.225,25.225],[107.025,25.025],[106.925,25.15],[106.725,24.925],[106.625,24.9],[106.475,24.775],[106.4,24.775],[106.4,24.825],[106.2,24.95],[106.125,24.725],[105.975,24.675],[105.875,24.75],[105.825,24.875],[105.675,24.925],[105.525,25.05],[105.375,25.325],[105.225,25.325],[105.075,25.5],[104.95,25.7],[104.675,25.675],[104.625,25.75],[104.475,25.75],[104.325,25.825],[104.275,25.925],[104.125,26.0],[104.125,26.225],[104.075,26.275],[104.1,26.425],[104.025,26.525],[104.1,26.75],[104.225,26.75]]]}},{"type":"Feature","properties":{"name":"Champa","name_zh":"占城","focus":false,"color":"#9a8a4a","label":[108.56,13.29],"area":10.1},"geometry":{"type":"Polygon","coordinates":[[[106.533,17.642],[106.736,17.367],[106.926,17.221],[107.12,17.056],[107.18,16.898],[107.355,16.794],[107.549,16.643],[107.541,16.609],[107.593,16.568],[107.724,16.488],[107.803,16.403],[107.834,16.322],[107.882,16.31],[107.936,16.329],[107.991,16.337],[108.029,16.331],[108.082,16.252],[108.095,16.25],[108.15,16.182],[108.17,16.164],[108.178,16.149],[108.222,16.095],[108.241,16.101],[108.267,16.09],[108.274,16.029],[108.286,15.989],[108.395,15.872],[108.447,15.763],[108.578,15.585],[108.674,15.484],[108.743,15.427],[108.821,15.378],[108.898,15.181],[108.94,15.001],[109.022,14.803],[109.085,14.716],[109.087,14.553],[109.137,14.384],[109.191,14.27],[109.207,14.154],[109.224,14.097],[109.245,14.053],[109.303,13.856],[109.288,13.765],[109.247,13.855],[109.252,13.591],[109.288,13.451],[109.272,13.279],[109.31,13.219],[109.377,13.025],[109.424,12.956],[109.42,12.719],[109.445,12.6],[109.381,12.671],[109.336,12.752],[109.274,12.709],[109.219,12.646],[109.305,12.391],[109.207,12.415],[109.216,12.073],[109.256,11.993],[109.259,11.955],[109.247,11.909],[109.22,11.959],[109.215,12.01],[109.199,11.999],[109.2,11.972],[109.167,11.912],[109.158,11.837],[109.193,11.773],[109.199,11.725],[109.173,11.665],[109.133,11.601],[109.047,11.593],[109.037,11.577],[109.018,11.468],[108.987,11.336],[108.876,11.322],[108.694,11.145],[108.439,11.058],[108.419,11.041],[108.272,10.934],[108.176,10.92],[108.095,10.897],[108.001,10.72],[107.845,10.7],[107.83,10.692],[107.671,10.526],[107.411,10.366],[107.265,10.347],[107.156,10.389],[107.084,10.337],[107.078,10.388],[107.115,10.404],[107.035,10.435],[106.975,10.481],[106.825,10.825],[106.825,11.1],[106.875,11.375],[106.95,11.55],[107.1,11.65],[107.1,11.85],[107.2,12.025],[107.5,12.3],[107.775,12.225],[107.85,12.3],[107.925,12.7],[107.775,12.875],[107.5,13.05],[107.425,13.05],[107.4,13.225],[107.45,13.225],[107.45,13.45],[107.5,13.5],[107.5,13.7],[107.625,13.875],[107.85,13.975],[107.975,13.975],[108.0,14.1],[107.85,14.15],[107.825,14.325],[107.775,14.35],[107.8,14.675],[107.9,14.775],[107.875,15.0],[107.725,15.0],[107.575,15.075],[107.55,15.25],[107.375,15.3],[107.2,15.4],[107.15,15.475],[107.125,15.675],[107.05,15.675],[106.95,15.825],[106.875,15.85],[106.825,15.975],[106.825,16.275],[106.625,16.35],[106.475,16.575],[106.55,16.725],[106.5,16.925],[106.325,17.0],[106.2,17.35],[106.225,17.35],[106.4,17.5],[106.45,17.625],[106.533,17.642]]]}},{"type":"Feature","properties":{"name":"Mon States","name_zh":"孟人诸国","focus":false,"color":"#b0805f","label":[96.03,17.74],"area":8.3},"geometry":{"type":"Polygon","coordinates":[[[95.05,18.575],[95.075,18.675],[95.175,18.75],[95.675,18.9],[95.725,18.95],[96.1,18.95],[96.2,19.025],[96.425,19.1],[96.425,19.25],[96.35,19.325],[96.6,19.4],[96.7,19.5],[96.9,19.525],[96.975,19.4],[96.975,19.175],[97.075,18.95],[97.05,18.7],[97.1,18.65],[97.1,18.475],[97.15,18.4],[97.4,18.375],[97.475,18.325],[97.625,18.325],[97.65,18.175],[97.75,18.0],[97.65,17.875],[97.75,17.4],[97.675,17.375],[97.625,16.925],[97.45,16.85],[97.4,16.75],[97.292,16.704],[97.285,16.724],[97.267,16.743],[97.212,16.893],[97.199,16.955],[96.907,17.3],[96.851,17.203],[96.909,17.031],[96.858,16.921],[96.811,16.778],[96.765,16.71],[96.622,16.564],[96.507,16.514],[96.461,16.509],[96.323,16.443],[96.293,16.41],[96.135,16.343],[96.118,16.346],[96.037,16.307],[96.032,16.285],[96.012,16.254],[95.763,16.169],[95.711,16.073],[95.679,15.977],[95.556,15.838],[95.39,15.723],[95.382,15.724],[95.329,15.677],[95.222,15.804],[95.217,15.867],[95.177,15.826],[95.078,15.839],[94.943,15.818],[94.937,15.837],[94.828,15.842],[94.82,15.852],[94.805,15.819],[94.784,15.794],[94.743,15.812],[94.733,15.823],[94.791,15.889],[94.753,15.937],[94.755,15.95],[94.662,15.904],[94.656,15.989],[94.651,16.065],[94.681,16.133],[94.68,16.159],[94.618,16.139],[94.566,16.019],[94.477,15.946],[94.412,15.848],[94.388,15.994],[94.494,16.075],[94.515,16.107],[94.418,16.076],[94.303,15.948],[94.144,16.005],[94.143,16.214],[94.391,16.906],[94.463,17.264],[94.419,18.138],[94.346,18.325],[94.35,18.325],[94.55,18.55],[94.95,18.55],[95.05,18.575]]]}},{"type":"Feature","properties":{"name":"Pagan","name_zh":"蒲甘","focus":false,"color":"#7272a8","label":[95.34,20.48],"area":14.2},"geometry":{"type":"Polygon","coordinates":[[[93.775,23.875],[93.975,24.2],[94.25,24.2],[94.6,24.125],[94.7,24.25],[95.0,24.225],[95.1,24.225],[95.325,23.95],[95.325,23.8],[95.45,23.675],[95.525,23.675],[95.75,23.45],[95.75,23.3],[95.95,23.2],[95.95,22.75],[95.9,22.725],[95.975,22.6],[95.975,22.375],[96.025,22.35],[96.0,22.2],[96.075,22.225],[96.525,22.225],[96.675,22.575],[96.775,22.575],[96.825,22.4],[96.825,22.2],[96.925,21.95],[96.9,21.85],[97.025,21.85],[97.175,21.75],[97.35,21.7],[97.35,21.6],[97.2,21.525],[97.175,21.3],[97.125,21.2],[97.125,20.875],[96.975,20.675],[96.8,20.675],[96.725,20.55],[96.775,20.35],[96.775,20.15],[96.875,19.85],[96.9,19.525],[96.7,19.5],[96.6,19.4],[96.35,19.325],[96.425,19.25],[96.425,19.1],[96.2,19.025],[96.1,18.95],[95.725,18.95],[95.675,18.9],[95.175,18.75],[95.075,18.675],[95.05,18.575],[94.95,18.55],[94.55,18.55],[94.35,18.325],[94.346,18.325],[94.297,18.449],[94.267,18.505],[94.35,18.6],[94.425,18.775],[94.35,18.9],[94.35,19.1],[94.275,19.275],[94.2,19.325],[94.2,19.5],[94.325,19.6],[94.325,19.775],[94.2,19.95],[94.125,20.275],[94.075,20.275],[94.0,20.5],[93.9,20.575],[93.9,20.7],[93.825,20.8],[93.8,21.0],[93.875,21.1],[93.875,21.225],[93.8,21.275],[93.75,21.525],[93.575,21.7],[93.525,21.9],[93.55,22.175],[93.5,22.325],[93.525,22.65],[93.525,23.3],[93.575,23.35],[93.575,23.6],[93.6,23.6],[93.675,23.7],[93.775,23.725],[93.775,23.875]]]}},{"type":"Feature","properties":{"name":"Sindh","name_zh":"","focus":false,"color":"#a07d5a","label":[71.01,24.77],"area":14.2},"geometry":{"type":"Polygon","coordinates":[[[70.575,26.825],[70.675,26.725],[71.15,26.575],[71.25,26.475],[71.475,26.5],[71.7,26.375],[71.75,26.3],[71.875,26.275],[71.95,26.15],[72.225,25.9],[72.375,25.7],[72.375,25.55],[72.475,25.525],[72.6,25.4],[72.6,25.325],[72.75,25.225],[72.95,24.975],[72.95,24.7],[73.05,24.55],[73.075,24.55],[72.9,24.4],[72.85,24.3],[72.875,24.175],[72.875,23.85],[72.775,23.625],[72.725,23.6],[72.675,23.3],[72.575,23.125],[72.5,22.875],[72.175,22.875],[72.025,22.8],[71.7,22.8],[71.525,22.75],[71.325,22.6],[71.3,22.5],[71.15,22.475],[70.95,22.55],[70.65,22.55],[70.2,22.425],[70.15,22.375],[70.0,22.4],[70.0,22.545],[70.006,22.548],[70.084,22.554],[70.177,22.573],[70.328,22.816],[70.367,22.87],[70.309,22.828],[70.044,22.777],[70.0,22.778],[69.664,22.788],[69.106,22.898],[68.79,23.028],[68.372,23.325],[68.072,23.674],[68.864,24.481],[69.738,26.382],[70.0,26.813],[70.0,26.814],[70.0,27.0],[70.2,27.025],[70.275,27.075],[70.5,27.1],[70.575,26.825]]]}},{"type":"Feature","properties":{"name":"Vallabhi","name_zh":"","focus":false,"color":"#6f9460","label":[71.57,22.42],"area":5.4},"geometry":{"type":"Polygon","coordinates":[[[70.95,22.55],[71.15,22.475],[71.3,22.5],[71.325,22.6],[71.525,22.75],[71.7,22.8],[72.025,22.8],[72.175,22.875],[72.5,22.875],[72.625,22.725],[72.725,22.45],[72.875,22.3],[73.1,22.3],[73.3,22.1],[73.35,21.925],[73.3,21.925],[73.15,21.85],[73.05,21.725],[73.025,21.6],[72.825,21.4],[72.662,21.411],[72.687,21.436],[72.711,21.454],[72.71,21.465],[72.668,21.456],[72.613,21.462],[72.701,21.537],[72.683,21.692],[72.543,21.697],[72.592,21.878],[72.644,21.938],[72.677,21.958],[72.678,21.969],[72.617,21.962],[72.522,21.976],[72.544,22.106],[72.315,22.108],[72.127,21.826],[72.13,21.787],[72.171,21.774],[72.21,21.728],[72.257,21.661],[72.255,21.588],[72.287,21.548],[72.255,21.352],[72.119,21.155],[71.893,20.989],[71.023,20.657],[70.855,20.65],[70.467,20.776],[70.209,20.947],[70.0,21.144],[69.126,21.967],[68.894,22.284],[69.491,22.248],[69.97,22.352],[70.0,22.37],[70.0,22.4],[70.15,22.375],[70.2,22.425],[70.65,22.55],[70.95,22.55]]]}},{"type":"Feature","properties":{"name":"Cholas","name_zh":"","focus":false,"color":"#a07d5a","label":[79.57,14.53],"area":3.6},"geometry":{"type":"Polygon","coordinates":[[[79.575,16.0],[79.8,15.65],[79.975,15.525],[80.175,15.475],[80.199,15.446],[80.089,15.174],[80.116,14.742],[80.165,14.578],[80.179,14.478],[80.17,14.349],[80.143,14.299],[80.16,14.018],[80.224,13.858],[80.244,13.773],[80.246,13.686],[80.307,13.485],[80.266,13.521],[80.233,13.606],[80.156,13.714],[80.096,13.645],[80.216,13.476],[80.29,13.437],[80.342,13.361],[80.314,13.196],[80.312,13.104],[80.299,13.103],[80.299,13.102],[80.312,13.103],[80.289,13.045],[80.229,12.69],[80.226,12.683],[79.95,12.7],[79.575,12.85],[79.425,12.85],[79.25,12.95],[78.9,12.95],[78.9,13.025],[78.625,13.225],[78.6,13.225],[78.7,13.375],[79.075,13.625],[79.175,13.775],[79.175,13.95],[79.25,14.025],[79.275,14.325],[79.175,14.575],[79.175,14.875],[79.075,15.125],[79.075,15.25],[78.95,15.3],[78.95,15.425],[78.85,15.525],[78.85,15.7],[78.975,15.875],[78.925,16.0],[79.025,16.1],[79.35,16.225],[79.5,16.2],[79.55,16.2],[79.575,16.0]]]}},{"type":"Feature","properties":{"name":"Dali","name_zh":"大理","focus":false,"color":"#a07d5a","label":[103.62,22.97],"area":21.2},"geometry":{"type":"Polygon","coordinates":[[[100.45,21.025],[100.55,21.175],[100.55,21.475],[100.425,21.55],[100.4,21.825],[100.4,21.975],[100.475,22.125],[100.725,22.075],[100.95,22.2],[101.0,22.375],[101.15,22.425],[101.175,22.6],[101.1,22.7],[101.1,22.85],[101.225,22.95],[101.25,23.05],[101.575,23.325],[101.75,23.375],[101.725,23.6],[101.625,23.7],[101.575,23.975],[101.7,23.925],[101.975,24.175],[102.0,24.375],[102.1,24.375],[102.225,24.475],[102.35,24.475],[102.5,24.65],[102.65,24.625],[102.675,24.725],[102.8,24.825],[102.9,24.825],[102.9,24.975],[102.975,25.075],[102.925,25.175],[102.925,25.35],[103.05,25.45],[103.025,25.65],[103.175,25.775],[103.2,25.875],[103.3,25.875],[103.35,25.975],[103.3,26.2],[103.4,26.25],[103.6,26.25],[103.675,26.2],[103.925,26.175],[104.075,26.275],[104.125,26.225],[104.125,26.0],[104.275,25.925],[104.325,25.825],[104.475,25.75],[104.625,25.75],[104.675,25.675],[104.95,25.7],[105.075,25.5],[105.225,25.325],[105.375,25.325],[105.525,25.05],[105.675,24.925],[105.825,24.875],[105.875,24.75],[105.975,24.675],[106.125,24.725],[106.2,24.95],[106.4,24.825],[106.4,24.775],[106.425,24.775],[106.375,24.525],[106.15,24.525],[106.05,24.425],[105.975,24.25],[106.025,24.05],[106.1,23.95],[106.2,23.95],[106.225,23.75],[106.225,23.425],[106.2,23.25],[106.15,23.25],[106.0,23.3],[105.875,23.4],[105.65,23.425],[105.575,23.475],[105.35,23.475],[105.025,23.6],[104.975,23.525],[104.575,23.4],[104.6,23.125],[104.475,23.025],[104.45,22.9],[104.575,22.675],[104.425,22.625],[104.2,22.625],[104.1,22.4],[104.0,22.425],[103.85,22.3],[103.875,22.2],[104.0,22.15],[104.0,21.925],[104.15,21.85],[104.175,21.675],[104.275,21.6],[104.275,21.425],[104.075,21.425],[103.9,21.25],[103.9,21.15],[103.75,20.975],[103.625,20.9],[103.6,20.775],[103.725,20.6],[103.75,20.325],[103.925,20.175],[103.9,20.05],[103.675,19.825],[103.75,19.775],[103.775,19.575],[103.6,19.475],[103.5,19.325],[103.325,19.425],[103.0,19.275],[102.95,19.35],[102.8,19.375],[102.675,19.325],[102.55,19.375],[102.4,19.55],[102.175,19.55],[102.025,19.325],[101.95,19.45],[101.825,19.475],[101.825,19.65],[101.9,19.675],[102.0,19.85],[101.95,19.975],[101.725,19.925],[101.575,19.8],[101.375,19.8],[101.3,19.6],[101.25,19.675],[101.075,19.725],[101.0,19.825],[100.775,19.85],[100.625,19.8],[100.575,19.975],[100.575,20.15],[100.45,20.175],[100.35,20.375],[100.225,20.375],[100.1,20.275],[100.125,20.475],[100.2,20.675],[100.35,20.85],[100.475,20.85],[100.45,21.025]]]}},{"type":"Feature","properties":{"name":"Pallava","name_zh":"","focus":false,"color":"#4f8f86","label":[77.78,11.35],"area":12.2},"geometry":{"type":"Polygon","coordinates":[[[75.8,12.375],[76.0,12.225],[76.2,12.225],[76.375,12.35],[76.6,12.675],[76.725,12.675],[77.05,12.875],[77.225,12.925],[77.35,13.075],[77.7,13.075],[77.825,13.025],[78.025,13.2],[78.45,13.175],[78.5,13.225],[78.625,13.225],[78.9,13.025],[78.9,12.95],[79.25,12.95],[79.425,12.85],[79.575,12.85],[79.95,12.7],[80.226,12.683],[80.143,12.452],[80.038,12.296],[79.982,12.235],[79.919,12.109],[79.823,11.868],[79.771,11.69],[79.754,11.575],[79.793,11.447],[79.749,11.371],[79.721,11.342],[79.723,11.32],[79.799,11.339],[79.835,11.269],[79.849,11.197],[79.85,10.769],[79.838,10.323],[79.811,10.317],[79.789,10.25],[79.313,10.254],[79.254,10.175],[79.258,10.035],[79.088,9.806],[79.071,9.759],[78.927,9.496],[78.927,9.494],[78.825,9.575],[78.6,9.675],[78.325,9.7],[78.275,9.75],[78.1,9.75],[77.95,9.7],[77.7,9.7],[77.5,9.75],[77.375,9.675],[77.3,9.55],[77.225,9.55],[77.125,9.7],[77.15,10.125],[77.075,10.15],[77.025,10.3],[76.825,10.325],[76.7,10.4],[76.375,10.325],[76.189,10.221],[76.123,10.327],[76.096,10.402],[75.923,10.784],[75.867,10.979],[75.734,11.252],[75.759,11.273],[75.759,11.274],[75.734,11.253],[75.284,11.982],[75.23,12.023],[75.197,12.058],[74.99,12.475],[75.3,12.475],[75.55,12.4],[75.575,12.35],[75.8,12.375]]]}},{"type":"Feature","properties":{"name":"Pandya state","name_zh":"","focus":false,"color":"#a07d5a","label":[77.77,9.35],"area":3.3},"geometry":{"type":"Polygon","coordinates":[[[77.025,10.3],[77.075,10.15],[77.15,10.125],[77.125,9.7],[77.225,9.55],[77.3,9.55],[77.375,9.675],[77.5,9.75],[77.7,9.7],[77.95,9.7],[78.1,9.75],[78.275,9.75],[78.325,9.7],[78.6,9.675],[78.825,9.575],[78.927,9.494],[78.926,9.489],[78.942,9.431],[79.115,9.308],[79.18,9.298],[79.175,9.275],[79.175,9.258],[79.112,9.261],[78.313,8.994],[78.181,8.811],[78.134,8.499],[78.063,8.385],[78.037,8.369],[77.77,8.19],[77.718,8.173],[77.483,8.028],[77.341,8.053],[77.128,8.271],[77.066,8.316],[76.967,8.407],[76.845,8.561],[76.703,8.706],[76.676,8.774],[76.617,8.847],[76.553,8.903],[76.483,9.091],[76.472,9.161],[76.452,9.189],[76.419,9.208],[76.403,9.237],[76.325,9.452],[76.292,9.676],[76.242,9.927],[76.285,9.91],[76.343,9.827],[76.372,9.707],[76.376,9.54],[76.42,9.52],[76.437,9.528],[76.384,9.748],[76.297,9.971],[76.249,10.018],[76.223,10.024],[76.196,10.086],[76.193,10.164],[76.201,10.201],[76.189,10.221],[76.375,10.325],[76.7,10.4],[76.825,10.325],[77.025,10.3]]]}},{"type":"Feature","properties":{"name":"Lambakannas","name_zh":"","focus":false,"color":"#6f9460","label":[80.73,7.62],"area":5.3},"geometry":{"type":"MultiPolygon","coordinates":[[[[79.708,8.066],[79.713,8.182],[79.75,8.294],[79.75,8.049],[79.783,8.018],[79.809,8.05],[79.817,8.142],[79.724,8.415],[79.805,8.645],[79.674,8.804],[79.705,8.929],[79.896,8.923],[80.05,9.112],[80.076,9.278],[80.117,9.347],[80.111,9.453],[80.086,9.578],[80.145,9.557],[80.123,9.636],[80.046,9.65],[79.979,9.699],[79.954,9.742],[79.967,9.793],[79.982,9.813],[80.078,9.807],[80.181,9.81],[80.253,9.796],[80.376,9.642],[80.711,9.366],[80.893,9.086],[80.91,9.025],[80.935,8.971],[80.979,8.957],[81.016,8.933],[81.198,8.662],[81.219,8.608],[81.216,8.549],[81.227,8.506],[81.275,8.484],[81.334,8.472],[81.373,8.431],[81.422,8.215],[81.422,8.148],[81.436,8.119],[81.517,8.0],[81.419,8.0],[81.445,7.928],[81.803,7.312],[81.865,7.083],[81.778,6.753],[81.598,6.448],[81.201,6.079],[80.85,5.951],[80.341,5.969],[80.222,6.058],[80.127,6.215],[79.854,7.061],[79.833,8.0],[79.721,8.0],[79.708,8.066]],[[80.258,9.611],[80.174,9.627],[80.344,9.473],[80.368,9.48],[80.428,9.481],[80.385,9.549],[80.258,9.611]]],[[[79.97,9.631],[79.907,9.62],[79.857,9.686],[79.846,9.715],[79.859,9.734],[79.872,9.744],[79.888,9.741],[79.912,9.679],[79.97,9.631]]],[[[79.875,9.051],[79.904,8.975],[79.821,9.027],[79.767,9.07],[79.748,9.105],[79.86,9.066],[79.875,9.051]]]]}},{"type":"Feature","properties":{"name":"Yamato","name_zh":"日本","focus":false,"color":"#7d6b5a","label":[139.25,36.9],"area":30.8},"geometry":{"type":"MultiPolygon","coordinates":[[[[132.202,34.032],[132.159,33.944],[132.146,33.839],[132.09,33.855],[131.995,33.911],[131.993,33.804],[131.652,33.91],[130.899,33.903],[130.779,33.966],[130.891,34.243],[130.889,34.262],[130.904,34.3],[130.952,34.35],[131.004,34.393],[131.132,34.407],[131.262,34.393],[131.354,34.413],[131.433,34.47],[131.515,34.55],[131.608,34.615],[131.734,34.667],[131.856,34.726],[131.963,34.809],[132.065,34.9],[132.158,34.967],[132.259,35.022],[132.662,35.379],[132.671,35.381],[132.698,35.418],[132.747,35.449],[132.923,35.511],[133.157,35.559],[133.267,35.557],[133.376,35.459],[133.435,35.472],[133.495,35.497],[133.615,35.511],[133.739,35.495],[133.86,35.495],[133.981,35.507],[134.214,35.539],[134.337,35.578],[134.456,35.628],[134.882,35.663],[135.174,35.747],[135.221,35.741],[135.265,35.722],[135.269,35.66],[135.232,35.592],[135.268,35.551],[135.327,35.526],[135.602,35.518],[135.68,35.503],[135.795,35.55],[135.903,35.607],[135.93,35.625],[135.977,35.971],[136.016,36.01],[136.067,36.117],[136.156,36.223],[136.262,36.288],[136.359,36.362],[136.556,36.572],[136.663,36.7],[136.64,37.169],[136.721,37.264],[136.774,37.279],[136.843,37.382],[136.962,37.414],[137.199,37.497],[137.323,37.522],[137.341,37.485],[137.338,37.437],[137.311,37.415],[137.333,37.273],[137.011,37.028],[137.006,36.994],[137.019,36.96],[137.013,36.895],[137.017,36.837],[137.124,36.774],[137.246,36.753],[137.298,36.754],[137.343,36.77],[137.483,36.925],[137.514,36.952],[137.913,37.065],[138.11,37.151],[138.181,37.166],[138.345,37.237],[138.548,37.392],[138.633,37.472],[138.709,37.561],[138.771,37.663],[138.819,37.775],[138.885,37.844],[139.247,38.009],[139.364,38.099],[139.401,38.143],[139.446,38.269],[139.477,38.4],[139.521,38.503],[139.58,38.599],[139.66,38.697],[139.749,38.788],[139.802,38.882],[139.879,39.105],[139.912,39.229],[139.939,39.273],[139.977,39.311],[139.996,39.338],[140.029,39.481],[140.011,39.686],[139.862,39.782],[139.81,39.878],[139.742,39.921],[139.755,39.959],[139.826,39.966],[139.874,39.986],[139.908,40.022],[139.972,40.137],[139.977,40.153],[139.915,40.573],[139.923,40.578],[139.923,40.598],[139.967,40.673],[140.029,40.733],[140.085,40.747],[140.146,40.752],[140.199,40.774],[140.299,40.886],[140.326,40.948],[140.344,41.006],[140.315,41.161],[140.344,41.203],[140.386,41.23],[140.441,41.21],[140.498,41.206],[140.564,41.212],[140.628,41.195],[140.64,41.156],[140.679,40.893],[140.702,40.858],[140.749,40.83],[140.801,40.834],[140.846,40.875],[140.876,40.93],[140.936,40.941],[141.119,40.882],[141.139,40.896],[141.074,41.097],[140.936,41.114],[140.887,41.156],[140.801,41.139],[140.802,41.23],[140.774,41.254],[140.809,41.275],[140.86,41.425],[140.892,41.48],[140.937,41.506],[141.05,41.476],[141.106,41.456],[141.229,41.373],[141.269,41.354],[141.455,41.405],[141.425,41.273],[141.435,41.268],[141.462,40.614],[141.463,40.611],[141.542,40.531],[141.646,40.474],[141.797,40.291],[141.878,40.067],[141.935,39.958],[141.978,39.844],[141.991,39.792],[141.992,39.74],[141.984,39.696],[141.997,39.67],[141.997,39.448],[141.907,39.19],[141.901,39.111],[141.854,39.094],[141.815,39.052],[141.807,39.04],[141.798,39.034],[141.568,38.785],[141.539,38.728],[141.519,38.632],[141.509,38.498],[141.49,38.455],[141.495,38.421],[141.47,38.41],[141.467,38.404],[141.446,38.399],[141.025,38.209],[140.929,38.025],[140.928,37.95],[140.96,37.823],[141.003,37.698],[141.036,37.467],[141.002,37.115],[140.968,37.002],[140.965,36.998],[140.962,36.956],[140.701,36.668],[140.627,36.503],[140.619,36.445],[140.619,36.386],[140.592,36.308],[140.574,36.231],[140.59,36.142],[140.622,36.059],[140.76,35.846],[140.813,35.783],[140.874,35.725],[140.805,35.706],[140.833,35.677],[140.425,35.427],[140.413,35.395],[140.417,35.267],[140.393,35.221],[140.355,35.181],[140.346,35.175],[140.315,35.033],[139.83,34.835],[139.788,34.961],[139.831,35.068],[139.83,35.072],[139.851,35.232],[139.826,35.297],[139.906,35.345],[139.944,35.423],[139.983,35.452],[139.997,35.487],[139.91,35.551],[139.727,35.465],[139.65,35.409],[139.666,35.319],[139.7,35.274],[139.744,35.252],[139.731,35.222],[139.675,35.149],[139.636,35.142],[139.564,35.243],[139.52,35.271],[139.421,35.165],[139.209,35.164],[139.116,35.082],[139.122,34.956],[139.086,34.839],[139.028,34.754],[139.021,34.688],[138.862,34.567],[138.778,34.579],[138.749,34.649],[138.75,34.919],[138.68,34.988],[138.447,34.899],[138.294,34.762],[138.148,34.527],[137.759,34.551],[137.248,34.481],[137.147,34.601],[137.062,34.583],[137.077,34.621],[137.116,34.637],[137.04,34.727],[136.939,34.773],[136.944,34.722],[136.913,34.709],[136.871,34.733],[136.883,34.798],[136.729,34.868],[136.615,34.757],[136.566,34.643],[136.616,34.589],[136.842,34.464],[136.88,34.434],[136.881,34.38],[136.854,34.324],[136.819,34.31],[136.897,34.257],[136.765,34.169],[136.394,34.111],[136.217,34.012],[136.073,33.778],[135.916,33.562],[135.898,33.556],[135.754,33.342],[135.062,33.69],[134.969,34.133],[135.113,34.25],[135.1,34.288],[135.132,34.317],[135.252,34.374],[135.313,34.465],[135.285,34.593],[135.208,34.616],[134.934,34.54],[134.425,34.626],[133.824,34.385],[133.585,34.441],[133.183,34.327],[133.142,34.302],[133.116,34.308],[132.552,34.149],[132.56,34.127],[132.578,34.115],[132.549,34.075],[132.461,34.087],[132.496,34.122],[132.505,34.136],[132.481,34.129],[132.384,34.266],[132.276,34.276],[132.238,34.227],[132.202,34.032]]],[[[134.824,34.203],[134.731,34.209],[134.683,34.247],[134.668,34.294],[134.757,34.368],[134.834,34.473],[134.904,34.519],[134.961,34.545],[135.005,34.544],[134.905,34.398],[134.933,34.288],[134.824,34.203]]],[[[134.675,33.848],[134.739,33.821],[134.549,33.729],[134.546,33.728],[134.518,33.65],[134.207,33.35],[134.206,33.347],[134.182,33.247],[134.134,33.28],[133.997,33.148],[133.721,33.376],[133.516,33.393],[133.263,33.306],[133.24,33.25],[133.146,33.083],[133.101,33.028],[133.074,33.02],[132.969,32.765],[132.9,32.669],[132.698,32.548],[132.467,32.757],[132.341,33.105],[132.121,33.346],[132.179,33.377],[132.086,33.34],[132.033,33.34],[132.114,33.395],[132.288,33.47],[132.366,33.512],[132.536,33.633],[132.556,33.644],[132.706,33.816],[132.716,33.852],[132.752,33.906],[132.784,33.992],[132.839,34.021],[132.935,34.095],[132.99,34.088],[133.051,33.997],[133.134,33.927],[133.193,33.933],[133.299,33.969],[133.35,33.977],[133.472,33.973],[133.582,34.017],[133.627,34.069],[133.643,34.135],[133.603,34.244],[133.656,34.233],[133.706,34.237],[133.826,34.307],[133.948,34.348],[134.076,34.358],[134.219,34.319],[134.357,34.256],[134.496,34.215],[134.638,34.227],[134.635,34.044],[134.655,33.983],[134.66,33.976],[134.65,33.95],[134.67,33.963],[134.695,33.928],[134.675,33.848]]],[[[134.188,34.496],[134.182,34.519],[134.326,34.534],[134.372,34.522],[134.352,34.484],[134.333,34.464],[134.315,34.469],[134.252,34.423],[134.238,34.467],[134.188,34.496]]],[[[132.267,33.871],[132.209,33.873],[132.201,33.928],[132.208,33.948],[132.266,33.945],[132.315,33.909],[132.403,33.92],[132.419,33.888],[132.411,33.88],[132.36,33.847],[132.267,33.871]]],[[[131.91,32.974],[132.009,32.919],[132.002,32.882],[131.977,32.844],[131.732,32.593],[131.66,32.466],[131.61,32.325],[131.565,32.223],[131.531,32.117],[131.506,32.002],[131.46,31.883],[131.475,31.778],[131.46,31.671],[131.337,31.405],[131.25,31.41],[131.249,31.41],[131.209,31.352],[131.089,31.275],[131.098,31.256],[130.902,31.112],[130.901,31.112],[130.743,30.887],[130.579,30.906],[130.554,30.968],[130.674,31.211],[130.716,31.482],[130.581,31.525],[130.536,31.489],[130.528,31.46],[130.54,31.403],[130.566,31.352],[130.645,31.267],[130.621,31.218],[130.589,31.179],[130.406,31.237],[130.403,31.229],[130.231,31.026],[130.086,31.121],[130.06,31.215],[130.165,31.369],[130.147,31.408],[130.202,31.422],[130.204,31.425],[130.218,31.556],[130.058,31.971],[130.195,32.082],[130.194,32.091],[130.214,32.115],[130.246,32.124],[130.441,32.282],[130.491,32.563],[130.361,32.756],[130.34,32.702],[130.298,32.675],[130.246,32.677],[130.193,32.706],[130.152,32.748],[130.054,32.771],[129.953,32.723],[129.844,32.587],[129.816,32.6],[129.769,32.571],[129.79,32.611],[129.733,32.637],[129.63,32.864],[129.46,32.986],[129.343,33.15],[129.376,33.176],[129.37,33.176],[129.417,33.231],[129.423,33.257],[129.462,33.331],[129.538,33.358],[129.57,33.361],[129.508,33.284],[129.507,33.279],[129.528,33.296],[129.595,33.289],[129.61,33.344],[129.66,33.365],[129.702,33.36],[129.844,33.322],[129.858,33.375],[129.837,33.404],[129.826,33.437],[129.919,33.483],[130.072,33.522],[130.103,33.54],[130.131,33.578],[130.168,33.598],[130.275,33.598],[130.365,33.634],[130.439,33.734],[130.457,33.789],[130.484,33.835],[130.67,33.915],[130.716,33.928],[130.84,33.918],[130.953,33.872],[131.009,33.776],[131.058,33.673],[131.175,33.603],[131.309,33.573],[131.366,33.571],[131.419,33.584],[131.499,33.624],[131.583,33.652],[131.643,33.638],[131.696,33.603],[131.724,33.554],[131.711,33.502],[131.619,33.395],[131.668,33.308],[131.616,33.264],[131.717,33.252],[131.897,33.255],[131.855,33.182],[131.848,33.118],[131.903,33.088],[131.949,33.047],[131.937,33.01],[131.91,32.974]],[[130.222,32.847],[130.28,32.867],[130.288,32.865],[130.259,32.907],[130.169,32.92],[130.175,32.851],[130.222,32.847]]],[[[130.256,32.431],[130.242,32.463],[130.365,32.527],[130.461,32.516],[130.419,32.458],[130.381,32.424],[130.293,32.419],[130.256,32.431]]],[[[130.083,32.23],[130.004,32.194],[129.993,32.228],[129.96,32.244],[130.017,32.292],[130.015,32.314],[129.979,32.346],[130.021,32.469],[130.01,32.522],[130.168,32.541],[130.197,32.492],[130.2,32.341],[130.083,32.23]]]]}},{"type":"Feature","properties":{"name":"Ainu","name_zh":"","focus":false,"color":"#7272a8","label":[143.26,43.52],"area":18.8},"geometry":{"type":"MultiPolygon","coordinates":[[[[149.999,46.044],[149.999,45.831],[149.683,45.633],[149.437,45.583],[149.667,45.849],[149.854,45.922],[149.999,46.044]]],[[[147.111,44.792],[147.473,44.971],[147.504,45.042],[147.655,45.075],[147.763,45.188],[147.882,45.222],[147.856,45.355],[147.931,45.42],[147.999,45.275],[148.073,45.248],[148.321,45.27],[148.7,45.519],[148.855,45.473],[148.824,45.334],[148.582,45.315],[148.267,45.213],[147.867,44.971],[147.762,44.938],[147.619,44.961],[147.594,44.923],[147.621,44.896],[147.547,44.812],[147.293,44.667],[147.208,44.55],[147.022,44.506],[146.947,44.408],[146.84,44.415],[146.846,44.475],[147.145,44.669],[147.111,44.792]]],[[[146.903,43.839],[146.654,43.704],[146.598,43.732],[146.599,43.793],[146.841,43.873],[146.903,43.839]]],[[[146.343,44.421],[146.567,44.437],[146.507,44.358],[146.103,44.243],[145.932,44.12],[145.778,43.928],[145.597,43.856],[145.553,43.65],[145.437,43.716],[145.409,43.834],[145.744,44.051],[146.127,44.506],[146.343,44.421]]],[[[146.124,43.459],[146.08,43.517],[146.225,43.524],[146.204,43.481],[146.124,43.459]]],[[[141.72,42.538],[141.397,42.518],[140.929,42.255],[140.859,42.39],[140.698,42.544],[140.542,42.537],[140.349,42.431],[140.324,42.376],[140.315,42.334],[140.327,42.293],[140.417,42.201],[140.528,42.132],[140.578,42.119],[140.684,42.123],[140.734,42.116],[140.912,41.978],[141.108,41.848],[141.151,41.805],[141.109,41.779],[141.154,41.749],[140.978,41.652],[140.587,41.674],[140.267,41.324],[140.112,41.273],[140.012,41.381],[139.977,41.502],[140.002,41.551],[139.995,41.576],[140.021,41.696],[140.084,41.803],[140.105,41.898],[140.099,41.937],[139.852,42.035],[139.777,42.112],[139.711,42.476],[139.858,42.574],[139.86,42.582],[139.891,42.649],[139.951,42.671],[140.015,42.685],[140.115,42.733],[140.224,42.796],[140.329,42.867],[140.432,42.954],[140.486,43.05],[140.41,43.151],[140.373,43.185],[140.389,43.202],[140.379,43.237],[140.392,43.303],[140.487,43.338],[140.547,43.322],[140.597,43.325],[140.73,43.24],[140.781,43.215],[140.819,43.205],[140.954,43.201],[141.138,43.18],[141.245,43.185],[141.296,43.2],[141.299,43.202],[141.301,43.719],[141.518,43.828],[141.601,43.919],[141.645,44.019],[141.661,44.264],[141.716,44.371],[141.733,44.414],[141.744,44.626],[141.566,44.969],[141.522,45.181],[141.597,45.278],[141.614,45.287],[141.653,45.349],[141.654,45.377],[141.668,45.401],[141.778,45.419],[141.829,45.439],[141.879,45.483],[141.938,45.51],[141.981,45.483],[142.0,45.459],[142.0,45.327],[143.02,44.463],[143.791,44.026],[144.615,43.842],[144.751,43.882],[145.139,44.177],[145.346,44.242],[145.062,43.783],[145.447,43.169],[144.993,42.937],[144.753,42.866],[144.59,42.859],[144.365,42.948],[144.167,42.941],[144.003,42.877],[143.507,42.418],[143.329,42.195],[143.212,41.926],[143.032,41.958],[142.0,42.464],[141.925,42.501],[141.72,42.538]]],[[[141.598,52.215],[141.811,52.63],[141.838,52.958],[141.689,53.165],[141.767,53.271],[141.828,53.275],[141.824,53.34],[141.852,53.389],[141.964,53.456],[142.0,53.464],[142.0,53.286],[142.213,53.299],[142.673,53.539],[142.862,53.339],[143.055,53.061],[143.137,52.855],[143.142,52.511],[143.032,52.311],[142.943,51.958],[142.943,51.617],[143.073,51.269],[143.339,50.884],[143.633,50.233],[144.037,49.508],[144.538,48.753],[143.597,49.232],[143.153,49.257],[142.849,49.119],[142.646,48.656],[142.489,47.898],[142.616,47.456],[142.99,46.956],[143.235,46.862],[143.443,46.57],[143.302,46.011],[143.004,46.574],[142.613,46.711],[142.512,46.697],[142.327,46.562],[142.0,46.069],[142.0,45.977],[141.962,46.013],[141.897,45.914],[141.708,46.139],[141.622,46.557],[141.906,47.074],[141.731,47.471],[141.81,47.674],[142.0,47.92],[142.034,47.964],[142.0,48.152],[141.976,48.284],[141.739,48.806],[141.921,48.945],[142.0,49.199],[142.048,49.354],[142.151,50.889],[142.112,51.217],[142.016,51.428],[142.0,51.445],[141.643,51.813],[141.598,52.215]]],[[[140.9,52.15],[140.775,52.275],[140.775,52.4],[140.65,52.6],[140.7,52.75],[141.05,52.8],[141.089,52.897],[141.256,52.84],[141.266,52.653],[141.245,52.55],[141.166,52.47],[141.15,52.475],[141.15,52.454],[141.132,52.436],[141.15,52.404],[141.15,52.4],[141.152,52.401],[141.17,52.368],[141.33,52.271],[141.409,52.234],[141.485,52.179],[141.386,52.057],[141.367,51.921],[141.258,51.861],[141.129,51.728],[141.05,51.684],[141.05,51.8],[141.0,51.95],[140.9,52.025],[140.9,52.15]]]]}},{"type":"Feature","properties":{"name":"Malay","name_zh":"","focus":false,"color":"#8a6f9e","label":[120.59,15.69],"area":27.4},"geometry":{"type":"MultiPolygon","coordinates":[[[[122.337,8.028],[122.387,8.046],[122.589,8.093],[122.673,8.133],[122.753,8.133],[122.796,8.271],[122.888,8.341],[123.017,8.397],[123.018,8.398],[123.051,8.434],[123.096,8.481],[123.147,8.516],[123.293,8.541],[123.341,8.57],[123.38,8.616],[123.435,8.703],[123.499,8.682],[123.564,8.647],[123.68,8.621],[123.783,8.548],[123.849,8.433],[123.861,8.376],[123.877,8.189],[123.853,8.145],[123.753,8.058],[123.755,8.058],[123.805,8.082],[123.868,8.09],[123.931,8.128],[123.997,8.159],[124.113,8.189],[124.117,8.193],[124.21,8.445],[124.348,8.543],[124.358,8.559],[124.405,8.6],[124.451,8.606],[124.622,8.523],[124.683,8.545],[124.741,8.917],[124.805,8.92],[124.806,8.924],[124.869,8.972],[124.944,8.957],[125.046,8.891],[125.12,8.874],[125.185,8.949],[125.21,9.027],[125.248,9.027],[125.376,8.992],[125.427,9.001],[125.459,9.059],[125.438,9.369],[125.362,9.623],[125.428,9.782],[125.461,9.742],[125.471,9.757],[125.521,9.759],[125.642,9.654],[125.877,9.513],[125.955,9.427],[126.006,9.321],[126.088,9.261],[126.193,9.277],[126.192,9.125],[126.209,9.081],[126.305,8.952],[126.32,8.845],[126.263,8.744],[126.22,8.696],[126.142,8.627],[126.14,8.596],[126.173,8.56],[126.282,8.539],[126.365,8.484],[126.38,8.327],[126.459,8.203],[126.457,8.149],[126.436,8.0],[126.257,8.0],[126.278,7.736],[126.371,7.535],[126.32,7.148],[126.044,6.608],[125.954,6.652],[125.909,6.848],[125.748,7.181],[125.606,7.221],[125.282,6.596],[125.464,6.243],[125.531,5.939],[125.46,5.717],[125.288,5.488],[125.072,5.722],[125.161,5.906],[125.123,6.052],[124.962,6.077],[124.802,5.785],[124.224,6.089],[123.973,6.336],[123.88,6.565],[123.864,6.85],[124.071,7.263],[124.023,7.473],[123.813,7.658],[123.466,7.788],[123.343,7.772],[123.246,7.592],[123.021,7.478],[122.725,7.452],[122.712,7.673],[122.623,7.775],[122.453,7.689],[121.99,6.872],[121.839,6.967],[121.824,7.055],[122.093,7.774],[122.211,7.901],[122.383,7.984],[122.594,8.0],[122.305,8.0],[122.337,8.028]]],[[[125.736,11.05],[125.674,11.121],[125.628,11.132],[125.432,11.113],[125.351,11.133],[125.323,11.123],[125.28,11.143],[125.233,11.145],[125.215,11.175],[125.069,11.244],[124.883,11.433],[124.854,11.491],[124.915,11.645],[124.886,11.775],[124.884,11.775],[124.821,11.852],[124.805,11.88],[124.33,12.208],[124.264,12.416],[124.322,12.425],[124.295,12.569],[124.566,12.526],[124.84,12.535],[125.15,12.573],[125.24,12.528],[125.31,12.446],[125.328,12.387],[125.32,12.322],[125.352,12.293],[125.409,12.285],[125.481,12.252],[125.536,12.191],[125.503,12.136],[125.513,12.055],[125.457,11.953],[125.464,11.772],[125.497,11.714],[125.5,11.655],[125.492,11.594],[125.506,11.544],[125.593,11.378],[125.609,11.323],[125.582,11.279],[125.574,11.238],[125.627,11.234],[125.704,11.165],[125.749,11.074],[125.736,11.05]]],[[[125.522,10.192],[125.525,10.31],[125.58,10.364],[125.606,10.38],[125.648,10.437],[125.667,10.44],[125.685,10.392],[125.647,10.245],[125.703,10.072],[125.684,9.963],[125.692,9.939],[125.69,9.914],[125.673,9.886],[125.649,9.944],[125.591,9.998],[125.534,10.09],[125.495,10.119],[125.522,10.192]]],[[[125.281,9.982],[125.288,9.933],[125.159,10.063],[125.133,10.155],[125.176,10.151],[125.231,10.116],[125.281,9.982]]],[[[124.988,10.368],[125.005,10.197],[125.024,10.115],[125.027,10.033],[124.929,10.096],[124.813,10.135],[124.781,10.168],[124.792,10.275],[124.79,10.328],[124.738,10.44],[124.799,10.682],[124.797,10.732],[124.787,10.781],[124.739,10.88],[124.663,10.962],[124.616,10.962],[124.503,10.904],[124.446,10.924],[124.412,11.15],[124.366,11.371],[124.331,11.427],[124.308,11.486],[124.331,11.535],[124.374,11.515],[124.436,11.457],[124.511,11.424],[124.548,11.395],[124.575,11.343],[124.644,11.308],[124.724,11.322],[124.821,11.401],[124.93,11.373],[124.994,11.256],[125.027,11.212],[125.044,11.135],[125.04,10.952],[125.013,10.786],[125.034,10.751],[125.084,10.722],[125.128,10.685],[125.164,10.637],[125.188,10.585],[125.197,10.457],[125.26,10.35],[125.268,10.308],[125.253,10.264],[125.148,10.272],[125.14,10.235],[125.143,10.189],[125.105,10.218],[125.044,10.323],[124.988,10.368]]],[[[124.854,11.595],[124.836,11.543],[124.807,11.558],[124.781,11.581],[124.744,11.659],[124.731,11.715],[124.788,11.683],[124.821,11.627],[124.854,11.595]]],[[[124.608,11.492],[124.483,11.486],[124.429,11.532],[124.36,11.666],[124.437,11.695],[124.511,11.687],[124.565,11.64],[124.622,11.55],[124.608,11.492]]],[[[121.628,14.581],[121.649,14.481],[121.752,14.234],[121.767,14.168],[121.8,14.114],[121.853,14.063],[121.912,14.02],[122.08,13.947],[122.116,13.939],[122.17,14.01],[121.956,14.156],[121.946,14.181],[121.946,14.205],[121.959,14.229],[122.175,14.049],[122.173,14.013],[122.229,14.087],[122.203,14.112],[122.2,14.148],[122.238,14.175],[122.283,14.191],[122.343,14.234],[122.397,14.305],[122.482,14.318],[122.491,14.322],[122.627,14.318],[122.761,14.285],[122.856,14.251],[122.934,14.188],[123.015,14.08],[123.071,13.96],[123.071,13.903],[123.057,13.845],[123.06,13.789],[123.102,13.75],[123.18,13.749],[123.301,13.886],[123.305,13.937],[123.259,13.975],[123.28,14.025],[123.32,14.062],[123.377,14.029],[123.432,13.966],[123.633,13.898],[123.684,13.897],[123.726,13.884],[123.816,13.837],[123.858,13.8],[123.806,13.722],[123.662,13.709],[123.557,13.631],[123.608,13.528],[123.704,13.432],[123.765,13.354],[123.819,13.269],[123.817,13.192],[123.785,13.111],[123.873,13.117],[123.955,13.1],[124.069,13.032],[124.105,13.025],[124.143,13.036],[124.137,12.791],[124.06,12.567],[123.962,12.595],[123.878,12.69],[123.895,12.805],[123.932,12.882],[124.0,12.95],[123.925,12.95],[123.925,12.935],[123.918,12.94],[123.864,12.931],[123.802,12.906],[123.736,12.897],[123.693,12.903],[123.675,12.892],[123.238,13.025],[123.195,13.239],[123.092,13.379],[122.483,13.88],[122.471,13.88],[122.494,13.82],[122.504,13.763],[122.5,13.703],[122.508,13.657],[122.596,13.562],[122.609,13.517],[122.668,13.395],[122.675,13.253],[122.6,13.194],[122.515,13.26],[122.513,13.314],[122.498,13.364],[122.47,13.403],[122.393,13.302],[122.066,13.651],[121.625,13.896],[121.603,13.895],[121.501,13.842],[121.451,13.791],[121.446,13.712],[121.344,13.649],[121.204,13.64],[121.119,13.671],[121.009,13.655],[120.691,13.861],[120.637,13.804],[120.627,13.902],[120.598,13.921],[120.51,14.111],[120.637,14.231],[120.643,14.244],[120.688,14.291],[120.922,14.493],[120.94,14.533],[120.896,14.551],[120.705,14.727],[120.55,14.777],[120.547,14.766],[120.583,14.595],[120.589,14.483],[120.556,14.441],[120.496,14.44],[120.439,14.453],[120.396,14.493],[120.377,14.563],[120.362,14.53],[119.971,14.904],[119.771,15.469],[119.809,15.951],[119.808,15.952],[119.769,16.008],[119.762,16.055],[119.762,16.056],[119.681,16.187],[119.762,16.358],[119.817,16.319],[119.831,16.327],[119.886,16.287],[119.93,16.239],[119.931,16.238],[119.985,16.215],[120.033,16.185],[120.064,16.145],[120.195,16.052],[120.291,16.23],[120.246,16.873],[120.311,17.073],[120.359,17.636],[120.358,17.638],[120.359,17.64],[120.393,18.042],[120.564,18.43],[120.593,18.445],[120.6,18.508],[120.709,18.546],[120.814,18.603],[120.868,18.599],[120.925,18.585],[121.051,18.614],[121.102,18.615],[121.254,18.563],[121.593,18.376],[121.717,18.33],[121.846,18.295],[121.86,18.294],[122.049,18.446],[122.1,18.41],[122.147,18.487],[122.221,18.501],[122.266,18.459],[122.3,18.403],[122.315,18.32],[122.294,18.234],[122.223,18.157],[122.179,18.064],[122.151,17.756],[122.152,17.664],[122.175,17.576],[122.237,17.435],[122.269,17.395],[122.362,17.345],[122.388,17.307],[122.393,17.238],[122.408,17.178],[122.468,17.155],[122.519,17.125],[122.5,17.058],[122.468,16.99],[122.426,16.823],[122.226,16.435],[122.214,16.352],[122.135,16.185],[121.975,16.158],[121.789,16.077],[121.685,16.015],[121.595,15.933],[121.561,15.827],[121.59,15.778],[121.609,15.726],[121.607,15.67],[121.579,15.623],[121.49,15.51],[121.452,15.417],[121.412,15.375],[121.392,15.324],[121.399,15.267],[121.435,15.216],[121.544,14.999],[121.661,14.79],[121.67,14.78],[121.65,14.775],[121.65,14.701],[121.627,14.682],[121.628,14.581]]],[[[122.92,10.85],[122.98,10.875],[122.983,10.887],[123.024,10.912],[123.222,10.989],[123.257,10.994],[123.511,10.923],[123.563,10.816],[123.568,10.781],[123.528,10.662],[123.493,10.582],[123.407,10.459],[123.344,10.325],[123.296,10.125],[123.266,10.059],[123.187,9.933],[123.162,9.864],[123.163,9.715],[123.149,9.659],[123.15,9.606],[123.308,9.357],[123.322,9.317],[123.321,9.273],[123.293,9.217],[123.229,9.121],[123.192,9.088],[123.131,9.064],[123.065,9.053],[122.999,9.059],[122.941,9.047],[122.395,9.477],[122.303,9.649],[122.347,9.814],[122.404,9.835],[122.426,9.896],[122.471,9.962],[122.523,9.979],[122.648,9.982],[122.66,9.983],[122.699,10.031],[122.822,10.488],[122.817,10.504],[122.832,10.523],[122.92,10.85]]],[[[122.726,11.608],[122.838,11.596],[122.931,11.529],[122.917,11.51],[122.913,11.45],[123.103,11.541],[123.158,11.536],[123.156,11.443],[123.144,11.364],[123.12,11.287],[123.075,11.197],[123.017,11.117],[122.939,11.058],[122.847,11.022],[122.803,10.99],[122.789,10.941],[122.791,10.88],[122.77,10.824],[122.673,10.801],[122.522,10.692],[122.281,10.641],[122.097,10.563],[122.052,10.514],[121.988,10.458],[121.954,10.444],[121.938,10.471],[121.934,10.494],[121.873,10.468],[121.992,11.744],[121.941,11.758],[121.891,11.791],[121.916,11.854],[121.964,11.897],[122.029,11.895],[122.087,11.855],[122.291,11.772],[122.399,11.702],[122.496,11.615],[122.613,11.564],[122.726,11.608]],[[122.017,11.737],[122.102,11.668],[122.101,11.681],[122.067,11.724],[122.017,11.737]]],[[[122.737,10.655],[122.681,10.498],[122.65,10.473],[122.622,10.459],[122.597,10.461],[122.538,10.425],[122.517,10.493],[122.538,10.608],[122.626,10.695],[122.648,10.723],[122.673,10.739],[122.701,10.741],[122.729,10.706],[122.737,10.655]]],[[[121.815,13.424],[121.866,13.566],[121.915,13.54],[121.977,13.537],[121.996,13.547],[122.115,13.463],[122.107,13.421],[122.122,13.365],[122.055,13.269],[122.042,13.236],[122.005,13.205],[121.876,13.282],[121.829,13.329],[121.815,13.424]]],[[[120.915,13.501],[120.981,13.486],[121.025,13.429],[121.079,13.411],[121.122,13.381],[121.203,13.432],[121.284,13.374],[121.357,13.265],[121.442,13.188],[121.523,13.131],[121.539,13.089],[121.49,13.02],[121.475,12.932],[121.48,12.837],[121.541,12.638],[121.519,12.584],[121.458,12.508],[121.412,12.423],[121.418,12.389],[121.4,12.361],[121.394,12.301],[121.357,12.313],[121.322,12.304],[121.289,12.277],[121.237,12.219],[121.155,12.236],[121.121,12.252],[121.093,12.201],[120.733,12.549],[120.546,13.149],[120.34,13.386],[120.457,13.389],[120.455,13.394],[120.438,13.405],[120.388,13.402],[120.338,13.412],[120.353,13.473],[120.401,13.517],[120.468,13.522],[120.653,13.498],[120.704,13.479],[120.755,13.471],[120.915,13.501]]],[[[119.616,10.707],[119.684,10.552],[119.687,10.5],[119.595,10.407],[119.541,10.379],[119.422,10.354],[119.369,10.327],[119.285,10.252],[119.232,10.152],[119.219,10.101],[119.192,10.061],[118.949,9.993],[118.835,9.949],[118.782,9.916],[118.755,9.862],[118.774,9.767],[118.57,9.423],[118.504,9.333],[118.435,9.256],[118.35,9.201],[118.229,9.168],[118.134,9.101],[118.069,8.984],[117.99,8.877],[117.889,8.798],[117.78,8.729],[117.68,8.678],[117.572,8.642],[117.54,8.596],[117.517,8.538],[117.469,8.511],[117.413,8.496],[117.311,8.44],[117.219,8.367],[117.228,8.455],[117.127,8.469],[117.378,8.894],[118.087,9.431],[118.507,9.92],[118.532,9.793],[118.533,9.794],[118.726,10.033],[118.699,10.035],[118.756,10.168],[118.848,10.215],[118.988,10.392],[119.106,10.624],[119.207,11.128],[119.352,11.211],[119.397,11.152],[119.465,11.294],[119.501,11.346],[119.553,11.314],[119.56,11.267],[119.535,11.157],[119.533,11.102],[119.562,11.046],[119.527,10.953],[119.528,10.949],[119.525,10.95],[119.55,10.875],[119.554,10.878],[119.616,10.707]]],[[[115.787,5.739],[115.969,5.881],[116.098,6.096],[116.336,6.357],[116.595,6.898],[116.738,6.691],[116.877,6.648],[117.03,6.835],[117.168,6.614],[117.506,6.391],[117.539,6.24],[117.355,5.881],[117.374,5.795],[117.865,5.903],[117.917,5.802],[117.787,5.617],[117.795,5.59],[118.255,5.662],[118.376,5.637],[118.996,5.276],[119.041,5.169],[118.907,5.0],[115.432,5.0],[115.413,5.113],[115.203,5.275],[115.291,5.452],[115.716,5.472],[115.787,5.739]]],[[[117.355,8.215],[117.287,8.191],[117.272,8.254],[117.281,8.315],[117.33,8.308],[117.354,8.289],[117.355,8.215]]],[[[114.799,5.0],[114.852,5.014],[114.848,5.0],[114.799,5.0]]]]}},{"type":"Feature","properties":{"name":"Tatar tribes","name_zh":"鞑靼诸部","focus":false,"color":"#7d6b5a","label":[103.81,44.73],"area":281.7},"geometry":{"type":"Polygon","coordinates":[[[81.225,48.15],[81.075,48.4],[81.075,48.575],[81.15,48.7],[81.35,48.775],[81.45,48.925],[81.775,49.025],[81.775,49.2],[81.85,49.35],[81.95,49.425],[82.175,49.425],[82.3,49.475],[82.4,49.6],[82.55,49.975],[82.85,49.925],[82.975,50.05],[83.225,50.2],[83.425,50.2],[83.725,50.275],[84.0,50.275],[84.225,50.45],[84.225,50.625],[84.3,50.625],[84.45,50.75],[84.525,50.75],[84.65,50.6],[84.8,50.625],[85.25,50.6],[85.375,50.65],[85.475,50.5],[85.65,50.425],[86.0,50.45],[86.125,50.35],[86.225,50.175],[86.25,49.925],[86.475,49.925],[86.525,49.875],[86.75,49.9],[86.875,49.8],[87.05,49.8],[87.1,49.95],[87.325,50.0],[87.25,50.45],[87.425,50.4],[87.75,50.4],[88.3,50.35],[88.4,50.3],[88.525,50.4],[88.55,50.6],[88.65,50.7],[88.825,50.7],[88.975,50.75],[88.975,51.0],[89.35,50.875],[89.525,50.875],[89.6,50.95],[89.825,51.025],[90.125,51.025],[90.35,51.175],[90.4,51.35],[90.775,51.35],[90.875,51.55],[91.175,51.525],[91.25,51.775],[91.475,51.775],[91.525,51.675],[91.675,51.575],[91.675,51.5],[91.9,51.4],[91.9,51.225],[92.0,51.1],[92.2,51.1],[92.275,51.05],[92.55,51.1],[92.75,51.05],[93.0,51.05],[93.2,50.95],[93.55,50.95],[93.725,50.9],[93.95,50.9],[94.075,50.975],[94.375,50.95],[94.7,50.825],[94.95,50.775],[95.15,50.775],[95.175,50.725],[95.425,50.725],[95.475,50.65],[95.65,50.675],[95.725,50.625],[96.0,50.625],[96.075,50.575],[96.4,50.6],[96.475,50.525],[96.65,50.525],[96.775,50.6],[96.875,50.925],[97.05,51.125],[97.375,51.125],[97.575,51.025],[97.7,51.175],[97.825,51.175],[98.0,51.1],[98.05,51.025],[98.375,51.075],[98.55,50.95],[98.625,51.1],[98.725,51.125],[98.8,51.3],[98.75,51.475],[98.85,51.475],[98.85,51.575],[98.975,51.625],[98.975,51.8],[99.1,51.825],[99.25,51.975],[99.6,51.975],[99.725,51.95],[99.85,51.775],[100.55,51.825],[100.625,51.95],[100.975,51.825],[100.975,51.625],[101.15,51.375],[101.275,51.425],[101.6,51.425],[102.0,51.35],[102.125,51.275],[102.175,51.15],[102.425,51.125],[102.5,51.075],[102.85,51.05],[102.925,51.125],[103.075,51.1],[103.45,51.1],[103.6,51.075],[103.65,51.125],[103.825,51.1],[103.95,51.0],[104.075,50.8],[104.35,50.925],[104.525,50.925],[104.55,50.975],[104.875,51.1],[105.1,51.1],[105.225,51.25],[105.4,51.325],[105.525,51.325],[105.7,51.4],[105.75,51.475],[106.175,51.475],[106.425,51.65],[106.5,51.575],[106.7,51.575],[106.825,51.425],[106.95,51.475],[106.975,51.4],[107.075,51.45],[107.15,51.275],[107.45,51.275],[107.575,51.125],[107.7,51.1],[107.775,50.9],[107.975,50.925],[108.1,50.675],[108.075,50.45],[108.15,50.45],[108.15,50.575],[108.225,50.625],[108.525,50.6],[108.675,50.525],[108.775,50.6],[109.15,50.6],[109.55,50.75],[109.975,50.75],[110.05,50.7],[110.225,50.7],[110.35,50.5],[110.35,50.225],[110.3,50.175],[110.575,50.175],[110.875,50.05],[111.075,50.1],[111.2,50.325],[111.3,50.325],[111.4,50.45],[111.475,50.45],[111.5,50.6],[111.675,50.6],[111.825,50.65],[111.975,50.55],[112.225,50.55],[112.25,50.75],[112.35,50.8],[112.7,50.775],[112.95,50.825],[113.1,50.775],[113.225,50.825],[113.325,50.65],[113.9,50.75],[113.95,50.85],[114.275,50.8],[114.35,50.925],[114.45,50.975],[114.475,51.075],[114.675,51.25],[114.775,51.15],[115.275,51.15],[115.375,51.025],[115.625,51.025],[115.825,51.125],[115.85,51.05],[116.275,51.125],[116.575,51.125],[116.75,51.2],[116.825,51.0],[117.025,51.0],[117.2,51.075],[117.25,51.15],[117.375,51.125],[117.6,50.9],[117.575,50.8],[117.85,50.8],[117.825,50.4],[117.7,50.25],[117.575,50.25],[117.6,50.1],[117.55,50.075],[117.475,49.85],[117.2,49.75],[117.175,49.5],[117.075,49.475],[117.025,49.3],[117.1,49.275],[117.175,49.05],[117.175,48.7],[117.225,48.5],[117.1,48.3],[117.0,48.225],[117.0,47.975],[117.075,47.825],[117.075,47.65],[117.025,47.575],[117.025,47.4],[116.95,47.275],[116.95,46.9],[117.025,46.8],[117.025,46.175],[117.05,46.1],[116.975,45.975],[116.825,45.95],[116.775,45.875],[116.575,45.825],[116.325,45.6],[116.325,45.475],[116.4,45.35],[116.475,45.075],[116.65,44.95],[116.625,44.6],[116.7,44.475],[116.7,44.3],[116.75,44.275],[116.725,44.125],[116.775,44.1],[116.85,43.9],[117.025,43.85],[117.05,43.7],[117.15,43.625],[117.0,43.5],[116.9,43.125],[116.8,42.925],[116.75,42.65],[116.825,42.575],[116.7,42.425],[116.65,42.3],[116.325,42.175],[116.15,42.025],[116.1,41.875],[115.975,41.875],[115.775,41.95],[115.575,41.95],[115.375,42.025],[115.25,42.025],[115.2,42.1],[115.025,42.075],[114.725,41.925],[114.45,41.9],[114.4,41.95],[114.2,41.95],[114.1,41.9],[113.675,41.9],[113.6,41.85],[113.075,41.85],[112.95,41.8],[112.8,41.6],[112.775,41.425],[112.65,41.35],[112.35,41.4],[112.1,41.4],[112.0,41.275],[111.65,41.25],[111.5,41.15],[111.175,41.175],[111.1,41.1],[111.0,41.125],[110.775,41.1],[110.725,41.05],[110.475,41.0],[110.125,40.975],[110.0,41.125],[109.65,41.1],[109.6,41.325],[109.525,41.4],[109.325,41.475],[109.225,41.575],[109.025,41.65],[109.025,41.525],[108.875,41.425],[108.625,41.15],[108.275,41.175],[108.275,41.2],[107.8,41.2],[107.675,41.3],[107.575,41.3],[107.65,41.525],[107.425,41.55],[107.375,41.45],[107.225,41.4],[107.175,41.325],[107.125,41.325],[107.05,41.275],[106.725,41.225],[106.25,40.875],[106.125,40.65],[105.9,40.65],[105.85,40.6],[105.65,40.575],[105.475,40.475],[105.375,40.35],[105.15,40.35],[104.825,40.275],[104.675,40.1],[104.55,40.1],[104.425,40.2],[104.325,40.35],[104.2,40.4],[103.925,40.35],[103.85,40.25],[103.725,40.225],[103.575,40.05],[103.05,39.95],[103.0,40.075],[102.825,40.15],[102.45,40.15],[102.3,40.075],[102.175,40.075],[102.075,40.2],[101.875,40.3],[101.775,40.475],[101.65,40.5],[101.4,40.65],[101.15,40.75],[100.7,40.775],[100.425,40.85],[100.2,41.025],[100.0,41.1],[99.8,41.1],[99.7,41.15],[99.45,41.15],[99.4,41.225],[99.25,41.25],[99.025,41.55],[98.825,41.725],[98.8,41.825],[98.675,41.875],[98.25,41.85],[98.2,41.8],[98.025,41.85],[97.875,41.725],[97.875,41.65],[97.725,41.5],[97.25,41.5],[97.25,41.525],[96.9,41.525],[96.775,41.5],[96.575,41.65],[96.375,41.725],[96.3,41.825],[96.125,41.825],[96.05,41.9],[95.675,41.925],[95.6,41.875],[95.35,41.875],[95.125,41.825],[95.075,41.775],[94.85,41.75],[94.75,41.8],[94.75,41.975],[94.6,42.3],[94.3,42.575],[94.2,42.8],[94.225,43.125],[94.05,43.15],[94.0,43.15],[93.775,43.2],[93.7,43.275],[93.25,43.425],[92.925,43.425],[92.925,43.45],[92.55,43.45],[92.25,43.525],[92.025,43.75],[91.65,43.8],[91.575,43.725],[91.35,43.65],[91.225,43.85],[91.2,44.025],[91.2,45.125],[90.975,45.175],[90.725,45.275],[90.625,45.4],[90.6,45.675],[90.55,45.75],[90.325,45.85],[90.35,46.1],[90.25,46.25],[90.15,46.575],[90.05,46.625],[90.025,46.8],[90.125,46.925],[90.125,47.175],[89.875,47.125],[89.7,46.925],[89.325,46.8],[89.2,46.725],[88.95,46.725],[88.775,46.575],[88.625,46.55],[88.475,46.45],[88.375,46.575],[88.2,46.625],[87.8,46.6],[87.525,46.625],[87.325,46.55],[87.15,46.65],[86.85,46.6],[86.775,46.85],[86.575,46.85],[86.425,47.025],[86.075,47.025],[86.075,47.05],[85.15,47.05],[85.0,46.825],[84.75,46.825],[84.6,46.725],[84.525,46.55],[84.3,46.5],[84.225,46.425],[83.9,46.45],[83.75,46.425],[83.6,46.75],[83.6,47.05],[83.475,47.05],[83.275,47.15],[82.975,47.15],[82.8,47.2],[82.275,47.2],[82.0,47.275],[81.975,47.325],[81.75,47.35],[81.675,47.425],[81.3,47.425],[81.25,47.475],[81.2,47.475],[81.175,47.675],[81.225,47.725],[81.225,48.15]]]}},{"type":"Feature","properties":{"name":"Jurchens","name_zh":"女真","focus":false,"color":"#9a8a4a","label":[126.37,52.16],"area":222.9},"geometry":{"type":"Polygon","coordinates":[[[117.25,51.15],[117.2,51.075],[117.025,51.0],[116.825,51.0],[116.75,51.2],[116.575,51.125],[116.275,51.125],[115.85,51.05],[115.825,51.125],[115.625,51.025],[115.375,51.025],[115.275,51.15],[114.775,51.15],[114.675,51.25],[114.475,51.075],[114.45,50.975],[114.35,50.925],[114.275,50.8],[113.95,50.85],[113.9,50.75],[113.325,50.65],[113.225,50.825],[113.1,50.775],[112.95,50.825],[112.7,50.775],[112.35,50.8],[112.25,50.75],[112.225,50.55],[111.975,50.55],[111.825,50.65],[111.675,50.6],[111.5,50.6],[111.45,51.125],[111.6,51.225],[111.5,51.55],[111.5,51.8],[111.55,51.875],[111.7,51.925],[111.725,52.0],[111.85,52.0],[111.925,52.275],[112.0,52.325],[111.925,52.5],[111.875,52.725],[111.875,53.275],[112.125,53.375],[112.225,53.5],[112.225,53.625],[112.325,53.825],[112.325,54.25],[112.425,54.275],[112.425,54.4],[112.525,54.5],[112.675,54.525],[112.725,54.45],[112.9,54.425],[113.025,54.65],[113.2,54.725],[113.2,54.85],[113.5,54.975],[113.8,55.15],[113.95,55.175],[114.0,55.35],[114.1,55.45],[114.025,55.625],[114.25,55.625],[114.375,55.675],[114.4,56.0],[114.23,56.0],[115.637,58.0],[140.346,57.999],[140.027,57.644],[138.864,57.123],[138.344,56.803],[137.254,56.0],[137.419,56.0],[137.384,55.975],[137.19,55.892],[137.033,55.807],[137.0,55.8],[137.0,55.79],[136.794,55.694],[136.566,55.614],[136.521,55.589],[136.369,55.521],[136.351,55.51],[136.175,55.352],[135.751,55.161],[135.541,55.114],[135.263,54.943],[135.235,54.903],[135.212,54.841],[135.258,54.731],[135.325,54.707],[135.438,54.692],[135.852,54.584],[136.238,54.614],[136.322,54.614],[136.35,54.6],[136.36,54.614],[136.58,54.614],[136.715,54.624],[136.797,54.621],[136.824,54.561],[136.82,54.452],[136.77,54.353],[136.729,54.061],[136.683,53.931],[136.719,53.804],[136.803,53.782],[136.886,53.839],[137.019,53.848],[137.04,53.861],[137.165,53.842],[137.258,54.025],[137.172,54.057],[137.096,54.129],[137.142,54.182],[137.378,54.282],[137.525,54.291],[137.666,54.283],[137.513,54.156],[137.451,54.13],[137.403,54.124],[137.339,54.101],[137.476,54.028],[137.623,53.97],[137.835,53.947],[137.786,53.903],[137.645,53.866],[137.517,53.707],[137.363,53.65],[137.35,53.65],[137.348,53.644],[137.314,53.632],[137.221,53.579],[137.254,53.546],[137.328,53.539],[137.738,53.56],[137.95,53.604],[138.253,53.726],[138.379,53.909],[138.411,53.924],[138.416,54.09],[138.715,54.087],[138.705,54.148],[138.716,54.223],[138.657,54.298],[138.696,54.32],[139.105,54.218],[139.32,54.193],[139.707,54.277],[139.796,54.256],[139.858,54.205],[140.179,54.052],[140.242,54.001],[140.347,53.813],[140.688,53.596],[141.006,53.495],[141.015,53.454],[141.05,53.434],[141.05,53.425],[141.061,53.427],[141.218,53.334],[141.374,53.293],[141.402,53.184],[141.328,53.097],[141.181,53.015],[141.112,53.033],[141.088,52.985],[141.022,52.941],[141.087,52.898],[141.089,52.897],[141.05,52.8],[140.7,52.75],[140.65,52.6],[140.775,52.4],[140.775,52.275],[140.9,52.15],[140.9,52.025],[141.0,51.95],[141.05,51.8],[141.05,51.684],[140.933,51.62],[140.839,51.414],[140.688,51.232],[140.671,51.051],[140.646,50.987],[140.521,50.8],[140.476,50.546],[140.535,50.131],[140.564,50.107],[140.625,50.082],[140.613,50.054],[140.585,50.033],[140.463,49.911],[140.465,49.826],[140.511,49.762],[140.517,49.596],[140.431,49.331],[140.399,49.29],[140.364,49.221],[140.349,49.159],[140.326,49.12],[140.309,49.054],[140.334,48.995],[140.378,48.964],[140.224,48.773],[140.171,48.524],[140.113,48.423],[139.998,48.324],[139.761,48.181],[139.676,48.09],[139.521,47.975],[139.373,47.887],[139.167,47.635],[139.001,47.383],[138.957,47.348],[138.948,47.322],[138.577,47.043],[138.53,46.976],[138.5,46.89],[138.392,46.745],[138.337,46.543],[138.21,46.463],[138.106,46.251],[137.769,45.929],[137.685,45.818],[137.425,45.64],[137.147,45.394],[137.076,45.348],[137.075,45.35],[136.75,45.55],[136.75,45.65],[136.625,45.825],[136.325,46.125],[136.15,46.175],[136.15,46.275],[135.95,46.5],[135.9,46.675],[135.825,46.725],[135.5,46.725],[135.45,46.7],[135.325,46.875],[135.2,46.875],[135.0,47.0],[135.0,47.05],[134.825,47.05],[134.775,47.15],[134.625,47.125],[134.525,47.05],[134.35,47.2],[134.2,47.275],[134.275,47.4],[134.55,47.475],[134.6,47.6],[134.2,47.825],[134.0,48.125],[133.7,48.225],[133.575,48.1],[133.075,48.125],[133.05,48.075],[132.85,48.025],[132.775,48.175],[132.575,48.225],[132.575,48.35],[132.5,48.475],[132.5,48.7],[132.3,48.875],[132.225,49.05],[132.325,49.325],[132.3,49.4],[132.05,49.375],[132.025,49.325],[131.6,49.3],[131.425,49.175],[131.25,49.125],[131.1,49.225],[130.975,49.375],[130.7,49.4],[130.425,49.525],[130.4,49.575],[130.175,49.525],[129.5,49.525],[129.325,49.5],[129.275,49.55],[129.05,49.45],[129.0,49.525],[128.8,49.5],[128.8,49.575],[128.375,49.6],[128.35,49.55],[128.075,49.55],[128.0,49.625],[127.9,49.6],[127.725,49.675],[127.675,49.825],[127.55,49.8],[127.5,49.95],[127.575,50.225],[127.35,50.275],[127.35,50.35],[127.15,50.3],[126.95,50.2],[126.625,50.2],[126.425,50.175],[126.4,50.3],[126.275,50.35],[126.05,50.325],[125.775,50.35],[125.7,50.475],[125.55,50.45],[125.425,50.575],[125.2,50.575],[125.075,50.625],[125.0,50.725],[124.775,50.825],[124.525,50.85],[124.45,50.675],[124.15,50.675],[124.0,50.775],[123.725,50.775],[123.625,50.95],[123.45,50.975],[123.3,51.075],[123.2,51.075],[123.1,51.175],[122.875,51.1],[122.65,51.075],[122.575,50.9],[122.4,50.8],[122.2,50.8],[122.1,50.725],[122.075,50.6],[121.875,50.55],[121.725,50.225],[121.55,50.225],[121.55,50.3],[121.425,50.375],[121.375,50.55],[121.225,50.625],[121.2,50.725],[121.1,50.775],[120.825,50.725],[120.75,50.85],[120.6,50.8],[120.45,50.825],[120.375,50.925],[120.275,50.95],[120.125,50.825],[120.0,50.825],[119.875,50.925],[119.75,50.85],[119.65,50.95],[119.55,50.925],[119.45,50.675],[119.275,50.6],[119.2,50.4],[119.075,50.425],[118.85,50.575],[118.75,50.6],[118.65,50.75],[118.425,50.675],[118.25,50.675],[118.2,50.85],[118.0,50.8],[117.575,50.8],[117.6,50.9],[117.375,51.125],[117.25,51.15]]]}},{"type":"Feature","properties":{"name":"Paleo-Siberian hunter-gatherers","name_zh":"","focus":false,"color":"#7d6b5a","nolabel":true,"label":[80.62,56.52],"area":81.1},"geometry":{"type":"MultiPolygon","coordinates":[[[[115.205,57.386],[114.867,58.0],[115.636,57.999],[115.205,57.386]]],[[[99.7,55.65],[99.625,55.55],[99.425,55.5],[99.375,55.275],[99.175,55.275],[99.075,55.175],[99.0,54.975],[98.75,54.725],[98.6,54.7],[98.375,54.875],[98.225,54.875],[98.1,54.725],[97.95,54.7],[97.825,54.775],[97.65,54.75],[97.525,54.675],[97.225,54.6],[97.15,54.55],[96.9,54.5],[96.9,54.4],[96.7,54.25],[96.675,54.475],[96.7,54.6],[96.85,54.6],[96.925,54.8],[96.925,55.1],[96.8,55.225],[96.775,55.575],[96.6,55.6],[96.575,56.0],[96.044,56.0],[93.699,56.483],[78.362,56.41],[74.439,56.0],[72.7,56.0],[72.6,55.8],[71.975,55.65],[71.775,55.575],[71.575,55.55],[71.0,55.55],[70.725,55.525],[70.375,55.45],[70.0,55.425],[70.0,55.536],[65.311,55.046],[60.0,56.229],[60.0,56.558],[62.804,56.955],[65.855,58.0],[104.255,57.999],[100.183,56.0],[99.825,56.0],[99.875,55.85],[99.875,55.675],[99.7,55.65]]]]}},{"type":"Feature","properties":{"name":"Finno-Ugric taiga hunter-gatherers","name_zh":"","focus":false,"color":"#5f87a3","nolabel":true,"label":[62.17,57.48],"area":5.1},"geometry":{"type":"Polygon","coordinates":[[[60.0,56.559],[60.0,58.0],[65.854,57.999],[62.804,56.955],[60.0,56.559]]]}},{"type":"Feature","properties":{"name":"Goryeo","name_zh":"高丽","focus":false,"color":"#5f87a3","label":[128.09,37.13],"area":17.9},"geometry":{"type":"MultiPolygon","coordinates":[[[[125.05,40.25],[125.35,40.45],[125.6,40.425],[125.7,40.375],[125.825,40.475],[126.0,40.475],[126.025,40.525],[126.35,40.45],[126.775,40.45],[126.875,40.35],[127.15,40.375],[127.225,40.475],[127.775,40.65],[127.95,40.575],[128.0,40.625],[128.325,40.65],[128.5,40.55],[128.775,40.55],[129.025,40.8],[129.05,41.075],[129.15,41.15],[129.25,41.05],[129.45,40.95],[129.575,40.95],[129.7,40.875],[129.717,40.875],[129.709,40.857],[129.502,40.784],[129.476,40.682],[129.226,40.637],[129.11,40.491],[128.945,40.428],[128.843,40.358],[128.815,40.35],[128.446,40.065],[128.235,39.969],[127.931,39.955],[127.924,39.952],[127.867,39.896],[127.605,39.796],[127.545,39.733],[127.527,39.696],[127.547,39.563],[127.549,39.461],[127.523,39.377],[127.457,39.401],[127.422,39.374],[127.383,39.296],[127.395,39.208],[127.497,39.179],[127.581,39.143],[127.699,39.125],[127.786,39.084],[127.942,38.927],[128.065,38.848],[128.123,38.816],[128.163,38.786],[128.249,38.745],[128.329,38.681],[128.375,38.623],[128.619,38.176],[128.822,37.925],[129.048,37.684],[129.081,37.636],[129.335,37.275],[129.349,37.238],[129.432,37.057],[129.422,36.988],[129.426,36.926],[129.441,36.867],[129.473,36.774],[129.468,36.761],[129.473,36.742],[129.433,36.637],[129.445,36.471],[129.435,36.422],[129.437,36.4],[129.422,36.376],[129.393,36.323],[129.391,36.202],[129.402,36.138],[129.404,36.052],[129.426,36.019],[129.458,36.006],[129.51,36.038],[129.556,36.077],[129.57,36.05],[129.573,36.051],[129.572,36.046],[129.587,36.018],[129.438,35.475],[129.347,35.366],[129.329,35.333],[129.214,35.182],[129.182,35.168],[129.135,35.112],[128.978,35.084],[128.968,35.101],[128.85,35.096],[128.81,35.084],[128.764,35.099],[128.643,35.12],[128.511,35.101],[128.458,35.069],[128.45,35.058],[128.5,35.007],[128.433,34.834],[128.335,34.871],[128.329,34.894],[128.276,34.911],[128.214,34.913],[128.202,34.888],[128.066,34.924],[128.012,34.984],[127.883,34.971],[127.873,34.966],[127.765,34.958],[127.646,34.901],[127.639,34.89],[127.663,34.843],[127.685,34.827],[127.772,34.842],[127.746,34.727],[127.639,34.616],[127.556,34.651],[127.564,34.767],[127.483,34.842],[127.393,34.763],[127.39,34.743],[127.421,34.692],[127.513,34.591],[127.388,34.471],[127.315,34.443],[127.253,34.468],[127.16,34.414],[127.114,34.462],[127.182,34.485],[127.124,34.537],[127.2,34.632],[127.199,34.608],[127.261,34.662],[127.268,34.716],[127.047,34.618],[127.031,34.607],[126.941,34.493],[126.888,34.412],[126.811,34.445],[126.8,34.49],[126.796,34.494],[126.755,34.512],[126.716,34.482],[126.671,34.408],[126.683,34.394],[126.7,34.396],[126.753,34.344],[126.77,34.296],[126.764,34.297],[126.773,34.286],[126.7,34.284],[126.633,34.33],[126.599,34.3],[126.523,34.316],[126.478,34.345],[126.461,34.481],[126.402,34.518],[126.341,34.401],[126.186,34.351],[126.174,34.356],[126.17,34.355],[126.164,34.361],[126.106,34.387],[126.113,34.397],[126.109,34.399],[126.123,34.444],[126.191,34.502],[126.243,34.572],[126.288,34.57],[126.269,34.668],[126.264,34.673],[126.267,34.677],[126.266,34.682],[126.303,34.75],[126.339,34.712],[126.426,34.695],[126.499,34.697],[126.476,34.723],[126.505,34.738],[126.473,34.756],[126.539,34.779],[126.593,34.824],[126.548,34.837],[126.536,34.832],[126.51,34.77],[126.375,34.785],[126.406,34.892],[126.398,34.933],[126.394,34.939],[126.318,34.932],[126.249,35.115],[126.298,35.134],[126.291,35.154],[126.361,35.217],[126.396,35.314],[126.397,35.317],[126.421,35.405],[126.456,35.445],[126.46,35.456],[126.493,35.501],[126.51,35.508],[126.523,35.523],[126.578,35.533],[126.582,35.534],[126.614,35.571],[126.58,35.584],[126.498,35.578],[126.474,35.634],[126.488,35.641],[126.488,35.647],[126.542,35.669],[126.602,35.714],[126.717,35.769],[126.753,35.872],[126.727,35.892],[126.615,35.89],[126.631,35.966],[126.679,35.995],[126.68,35.997],[126.544,36.136],[126.464,36.573],[126.505,36.594],[126.488,36.694],[126.433,36.678],[126.389,36.651],[126.325,36.667],[126.293,36.581],[126.275,36.679],[126.231,36.689],[126.172,36.672],[126.128,36.75],[126.184,36.877],[126.29,36.961],[126.295,36.922],[126.349,36.956],[126.355,36.995],[126.441,36.998],[126.451,36.983],[126.487,37.007],[126.494,37.008],[126.502,37.051],[126.553,37.016],[126.578,37.02],[126.671,36.969],[126.78,36.962],[126.784,36.948],[126.839,36.846],[126.872,36.824],[126.879,36.862],[126.958,36.906],[126.96,36.91],[126.908,36.919],[126.756,37.044],[126.771,37.134],[126.687,37.124],[126.656,37.248],[126.442,37.474],[126.395,37.598],[126.216,37.746],[125.909,37.511],[125.741,37.781],[125.589,37.823],[125.582,37.815],[125.51,37.769],[125.269,37.484],[125.073,37.771],[124.754,37.952],[124.738,37.946],[124.717,37.933],[124.697,37.92],[124.674,37.923],[124.651,37.914],[124.633,37.94],[124.625,37.945],[124.627,37.95],[124.615,37.967],[124.633,37.971],[124.636,37.981],[124.652,37.976],[124.742,37.998],[124.697,38.127],[124.691,38.129],[124.696,38.132],[124.693,38.139],[124.736,38.278],[124.929,38.463],[124.972,38.477],[124.974,38.48],[125.067,38.557],[125.279,38.652],[125.284,38.69],[125.027,38.815],[125.292,39.366],[125.204,39.485],[124.922,39.617],[124.833,39.612],[124.875,39.8],[124.975,40.025],[125.075,40.025],[125.05,40.25]]],[[[128.503,34.844],[128.489,34.865],[128.49,34.866],[128.49,34.867],[128.496,34.87],[128.586,34.932],[128.668,35.009],[128.722,35.014],[128.741,34.799],[128.738,34.796],[128.74,34.781],[128.585,34.703],[128.589,34.774],[128.54,34.806],[128.526,34.805],[128.503,34.844]]],[[[128.014,34.883],[128.024,34.912],[128.084,34.83],[128.062,34.817],[128.066,34.806],[128.058,34.735],[128.059,34.701],[128.013,34.705],[127.984,34.703],[127.981,34.708],[127.86,34.719],[127.822,34.842],[127.834,34.856],[127.832,34.875],[127.864,34.892],[127.897,34.932],[127.905,34.915],[127.915,34.921],[127.966,34.893],[128.014,34.883]]],[[[127.737,34.631],[127.767,34.662],[127.768,34.663],[127.787,34.682],[127.793,34.65],[127.811,34.64],[127.798,34.572],[127.739,34.604],[127.748,34.621],[127.737,34.631]]],[[[127.711,34.525],[127.769,34.537],[127.797,34.484],[127.78,34.474],[127.711,34.525]]],[[[126.325,36.565],[126.319,36.613],[126.365,36.584],[126.375,36.589],[126.379,36.576],[126.387,36.571],[126.418,36.493],[126.412,36.465],[126.43,36.403],[126.335,36.438],[126.324,36.565],[126.325,36.565]]],[[[126.062,34.927],[126.093,34.908],[126.09,34.904],[126.169,34.83],[126.172,34.731],[126.159,34.707],[126.115,34.714],[126.071,34.783],[126.052,34.838],[126.023,34.857],[125.986,34.86],[126.062,34.927]]],[[[126.059,35.089],[126.137,35.141],[126.161,35.142],[126.105,35.046],[126.059,35.089]]],[[[125.888,34.732],[125.908,34.771],[126.004,34.767],[125.97,34.733],[126.007,34.69],[125.97,34.647],[125.888,34.732]]],[[[124.89,39.602],[124.935,39.608],[124.905,39.536],[124.849,39.508],[124.846,39.559],[124.89,39.602]]]]}},{"type":"Feature","properties":{"name":"Palas","name_zh":"波罗王朝","focus":false,"color":"#7272a8","label":[88.62,23.3],"area":46.0},"geometry":{"type":"MultiPolygon","coordinates":[[[[85.525,20.425],[85.525,20.7],[85.3,20.825],[85.25,21.05],[85.15,21.1],[84.95,21.45],[85.0,21.625],[84.9,21.75],[84.675,21.7],[84.625,21.975],[84.475,22.05],[84.425,22.15],[84.25,22.3],[84.225,22.425],[84.15,22.475],[84.05,22.65],[84.1,22.825],[84.1,23.0],[84.2,23.0],[84.55,23.3],[84.55,23.35],[84.775,23.325],[84.775,23.575],[84.825,23.9],[84.9,24.025],[85.05,24.1],[85.05,24.475],[84.975,24.6],[84.975,24.8],[84.925,24.875],[84.925,25.125],[85.05,25.175],[85.325,25.5],[85.55,25.55],[85.6,25.475],[85.85,25.5],[86.05,25.325],[86.4,25.325],[86.5,25.475],[86.65,25.475],[86.675,25.575],[86.525,25.65],[86.45,25.775],[86.475,25.95],[86.55,26.15],[86.65,26.15],[86.8,26.275],[86.8,26.375],[86.975,26.525],[86.975,26.625],[87.075,26.775],[87.175,26.825],[87.175,27.025],[87.275,27.125],[87.225,27.4],[87.15,27.425],[87.225,27.55],[87.375,27.65],[87.45,27.775],[87.45,27.975],[87.6,28.1],[87.725,27.925],[87.9,27.95],[87.95,27.9],[88.2,27.9],[88.525,28.075],[88.7,28.075],[89.0,27.95],[89.075,27.825],[89.25,27.825],[89.3,27.975],[89.675,28.25],[89.85,28.225],[89.875,28.175],[90.05,28.2],[90.125,28.275],[90.35,28.2],[90.425,28.1],[90.525,28.125],[90.65,28.275],[90.875,28.325],[90.975,28.425],[91.3,28.475],[91.55,28.3],[91.575,28.15],[91.9,28.175],[92.05,28.125],[92.225,27.975],[92.175,27.7],[91.975,27.5],[91.975,27.325],[91.775,27.25],[91.775,27.1],[91.55,27.1],[91.55,26.925],[91.75,26.6],[91.875,26.275],[92.05,26.3],[92.125,26.425],[92.25,26.45],[92.35,26.125],[92.4,26.075],[92.3,25.8],[92.2,25.7],[92.2,25.55],[92.4,25.5],[92.525,25.375],[92.65,25.325],[92.7,25.225],[92.925,25.175],[92.975,25.1],[93.275,25.15],[93.35,25.225],[93.6,25.225],[93.625,25.125],[93.875,25.075],[93.95,25.25],[94.25,25.275],[94.325,25.125],[94.225,25.0],[94.175,24.85],[94.15,24.5],[94.0,24.275],[94.0,24.2],[93.975,24.2],[93.775,23.875],[93.775,23.725],[93.675,23.7],[93.6,23.6],[93.475,23.6],[93.15,23.475],[92.775,23.45],[92.7,23.575],[92.625,23.575],[92.6,23.4],[92.475,23.4],[92.3,23.325],[92.175,23.2],[92.075,23.0],[91.975,22.975],[91.95,22.825],[91.85,22.825],[91.675,22.7],[91.567,22.546],[91.396,22.713],[91.086,22.557],[91.132,22.417],[91.158,22.365],[91.178,22.283],[91.177,22.279],[91.198,22.216],[91.155,22.193],[91.151,22.175],[91.045,22.105],[91.047,22.136],[90.57,21.881],[90.226,21.815],[90.185,21.822],[90.159,21.817],[90.149,21.827],[90.083,21.838],[89.873,22.105],[89.795,21.832],[89.669,21.719],[89.578,21.7],[89.478,21.871],[89.452,21.821],[89.354,21.721],[89.279,21.707],[89.275,21.708],[89.232,21.655],[89.071,21.762],[89.046,21.718],[89.052,21.654],[89.005,21.647],[88.996,21.631],[89.024,21.546],[88.879,21.514],[88.723,21.539],[88.698,21.655],[88.695,21.662],[88.694,21.673],[88.656,21.85],[88.581,21.886],[88.567,21.832],[88.6,21.714],[88.585,21.66],[88.446,21.614],[88.415,21.638],[88.376,21.577],[88.299,21.551],[88.251,21.623],[88.122,21.636],[88.057,21.694],[88.099,21.794],[88.111,21.828],[88.048,21.922],[87.866,21.696],[87.2,21.544],[87.121,21.51],[87.069,21.472],[86.954,21.365],[86.908,21.302],[86.859,21.23],[86.842,21.106],[86.884,20.997],[86.993,20.806],[86.944,20.739],[86.975,20.7],[86.925,20.62],[86.836,20.534],[86.763,20.419],[86.769,20.356],[86.75,20.313],[86.634,20.248],[86.631,20.203],[86.438,20.08],[86.377,20.007],[86.348,20.023],[86.305,19.995],[86.312,19.988],[86.303,19.945],[86.279,19.919],[86.216,19.896],[86.069,19.854],[86.0,19.9],[85.9,20.175],[85.65,20.425],[85.525,20.425]]],[[[91.439,22.599],[91.456,22.617],[91.484,22.577],[91.523,22.491],[91.525,22.486],[91.5,22.45],[91.432,22.439],[91.411,22.476],[91.439,22.599]]]]}},{"type":"Feature","properties":{"name":"Chauhans","name_zh":"","focus":false,"color":"#5f87a3","label":[76.13,28.17],"area":12.7},"geometry":{"type":"Polygon","coordinates":[[[74.175,28.8],[74.175,28.825],[74.9,28.825],[75.175,28.925],[75.55,29.0],[75.775,29.1],[75.975,29.125],[76.125,29.2],[76.4,29.25],[76.85,29.425],[77.125,29.425],[77.125,29.675],[77.425,29.775],[77.55,29.85],[77.7,29.85],[77.8,29.925],[78.175,30.05],[78.25,30.125],[78.3,30.125],[78.175,29.95],[78.175,29.65],[78.0,29.6],[78.125,29.3],[78.1,28.95],[78.25,28.875],[78.25,28.725],[78.325,28.725],[78.525,28.5],[78.55,28.275],[78.6,28.175],[78.75,28.125],[79.0,27.825],[79.15,27.825],[79.25,27.65],[79.3,27.65],[79.3,27.6],[79.0,27.35],[78.95,27.275],[78.725,27.175],[78.425,27.225],[78.35,27.125],[77.875,27.275],[77.875,27.2],[77.525,27.075],[77.275,26.825],[77.225,26.7],[76.925,26.75],[76.725,26.7],[76.675,26.75],[76.5,26.75],[76.375,26.7],[76.2,26.875],[76.1,26.9],[76.0,27.05],[75.725,27.1],[75.25,26.425],[75.075,26.35],[74.825,26.375],[74.775,26.375],[74.65,26.55],[74.475,26.6],[74.3,26.725],[74.15,26.75],[73.95,26.875],[73.775,26.9],[73.75,27.0],[73.55,27.15],[73.375,27.35],[73.375,27.425],[73.15,27.625],[73.0,27.925],[73.0,28.45],[73.075,28.6],[73.375,28.625],[73.525,28.725],[73.775,28.8],[74.175,28.8]]]}},{"type":"Feature","properties":{"name":"Srivijaya Empire","name_zh":"","focus":false,"color":"#b0805f","label":[100.14,6.96],"area":7.2},"geometry":{"type":"MultiPolygon","coordinates":[[[[98.872,8.024],[98.789,8.06],[98.772,8.099],[98.545,8.26],[98.455,8.223],[98.421,8.178],[98.4,8.181],[98.4,8.375],[98.525,8.525],[98.575,8.65],[98.8,8.675],[98.925,8.775],[99.125,8.8],[99.325,8.925],[99.5,8.925],[99.55,8.825],[99.7,8.85],[99.7,8.975],[99.85,9.125],[99.897,9.137],[99.905,9.113],[99.961,8.671],[99.99,8.589],[100.055,8.512],[100.13,8.531],[100.153,8.442],[100.154,8.443],[100.159,8.474],[100.163,8.508],[100.229,8.425],[100.279,8.269],[100.336,8.0],[100.27,8.0],[100.3,7.885],[100.344,7.44],[100.54,7.046],[100.616,6.977],[100.973,6.852],[101.215,6.802],[101.426,6.827],[101.558,6.738],[101.682,6.46],[102.088,6.143],[102.325,6.098],[102.801,5.56],[103.211,5.0],[100.393,5.0],[100.139,6.177],[100.216,6.526],[100.148,6.597],[99.968,6.507],[99.833,6.538],[99.662,6.71],[99.61,6.938],[99.638,7.066],[99.568,7.262],[99.465,7.336],[99.293,7.319],[99.024,7.87],[98.903,8.0],[98.891,8.013],[98.872,8.024]]],[[[98.599,8.0],[98.558,8.0],[98.529,8.109],[98.604,8.057],[98.599,8.0]]],[[[98.43,8.087],[98.435,8.086],[98.434,8.082],[98.43,8.087]]],[[[95.739,5.467],[96.023,5.215],[96.187,5.144],[96.753,5.064],[97.383,5.179],[97.56,5.0],[95.293,5.0],[95.19,5.409],[95.283,5.549],[95.463,5.568],[95.739,5.467]]]]}},{"type":"Feature","properties":{"name":"Arakan","name_zh":"","focus":false,"color":"#8a6f9e","label":[92.92,21.63],"area":6.5},"geometry":{"type":"MultiPolygon","coordinates":[[[[91.975,22.975],[92.075,23.0],[92.175,23.2],[92.3,23.325],[92.475,23.4],[92.6,23.4],[92.625,23.575],[92.7,23.575],[92.775,23.45],[93.15,23.475],[93.475,23.6],[93.575,23.6],[93.575,23.35],[93.525,23.3],[93.525,22.65],[93.5,22.325],[93.55,22.175],[93.525,21.9],[93.575,21.7],[93.75,21.525],[93.8,21.275],[93.875,21.225],[93.875,21.1],[93.8,21.0],[93.825,20.8],[93.9,20.7],[93.9,20.575],[94.0,20.5],[94.075,20.275],[94.125,20.275],[94.2,19.95],[94.325,19.775],[94.325,19.6],[94.2,19.5],[94.2,19.325],[94.275,19.275],[94.35,19.1],[94.35,18.9],[94.425,18.775],[94.35,18.6],[94.267,18.505],[94.266,18.507],[94.261,18.541],[94.244,18.585],[94.255,18.587],[94.255,18.588],[94.244,18.586],[94.191,18.702],[94.171,18.732],[94.176,18.733],[94.138,18.816],[94.091,18.849],[94.07,18.893],[94.058,18.991],[93.977,19.167],[93.941,19.146],[93.968,18.995],[93.961,18.958],[93.929,18.9],[93.8,18.961],[93.705,19.027],[93.703,19.03],[93.457,19.173],[93.588,19.206],[93.493,19.369],[93.531,19.398],[93.579,19.401],[93.728,19.267],[93.775,19.253],[93.806,19.261],[93.794,19.308],[93.756,19.326],[93.732,19.416],[93.662,19.459],[93.644,19.495],[93.688,19.544],[93.715,19.558],[93.732,19.546],[93.719,19.597],[93.5,19.839],[93.513,19.755],[93.445,19.806],[93.42,19.878],[93.414,19.933],[93.336,20.02],[93.168,20.003],[93.199,19.898],[93.191,19.851],[93.129,19.858],[93.04,20.009],[92.894,20.113],[92.898,20.172],[92.882,20.152],[92.828,20.178],[92.791,20.211],[92.844,20.283],[92.872,20.302],[92.891,20.34],[92.855,20.406],[92.824,20.423],[92.73,20.412],[92.723,20.296],[92.639,20.422],[92.403,20.613],[92.176,20.886],[91.946,21.362],[91.919,21.506],[91.889,21.503],[91.859,21.533],[91.873,21.574],[91.857,21.709],[91.88,21.715],[91.863,21.807],[91.838,21.75],[91.82,21.81],[91.835,21.885],[91.844,21.908],[91.651,22.355],[91.651,22.356],[91.57,22.543],[91.567,22.546],[91.675,22.7],[91.85,22.825],[91.95,22.825],[91.975,22.975]]],[[[93.01,19.924],[93.023,19.829],[92.975,19.868],[92.913,20.0],[92.915,20.086],[92.96,20.046],[93.01,19.924]]],[[[91.557,22.382],[91.51,22.353],[91.467,22.378],[91.432,22.439],[91.5,22.45],[91.525,22.486],[91.548,22.425],[91.557,22.382]]]]}},{"type":"Feature","properties":{"name":"Khmer Empire","name_zh":"真腊 (吴哥)","focus":false,"color":"#4f8f86","label":[102.87,14.15],"area":75.3},"geometry":{"type":"MultiPolygon","coordinates":[[[[97.675,17.375],[97.75,17.4],[97.65,17.875],[97.75,18.0],[97.65,18.175],[97.625,18.325],[97.55,18.325],[97.625,18.45],[97.75,18.475],[97.8,18.325],[98.075,18.325],[98.125,18.475],[98.2,18.525],[98.15,18.675],[98.2,18.975],[98.375,18.975],[98.425,19.075],[98.575,19.2],[98.575,19.4],[98.775,19.45],[98.8,19.325],[98.925,19.3],[98.95,19.2],[99.075,19.275],[99.325,19.225],[99.3,19.6],[99.45,19.8],[99.55,19.8],[99.625,19.9],[99.825,19.95],[99.825,20.15],[99.925,20.225],[99.95,20.35],[100.125,20.475],[100.1,20.275],[100.225,20.375],[100.35,20.375],[100.45,20.175],[100.575,20.15],[100.575,19.975],[100.625,19.8],[100.775,19.85],[101.0,19.825],[101.075,19.725],[101.25,19.675],[101.3,19.6],[101.375,19.8],[101.575,19.8],[101.725,19.925],[101.95,19.975],[102.0,19.85],[101.9,19.675],[101.825,19.65],[101.825,19.475],[101.95,19.45],[102.025,19.325],[102.175,19.55],[102.4,19.55],[102.55,19.375],[102.675,19.325],[102.8,19.375],[102.95,19.35],[103.0,19.275],[103.325,19.425],[103.5,19.325],[103.625,19.2],[103.775,19.125],[104.075,19.125],[104.175,19.0],[104.4,18.95],[104.6,18.725],[104.675,18.575],[104.925,18.525],[105.025,18.4],[105.025,18.225],[105.225,18.175],[105.45,17.875],[105.725,17.675],[105.825,17.675],[105.975,17.5],[106.075,17.475],[106.15,17.35],[106.2,17.35],[106.325,17.0],[106.5,16.925],[106.55,16.725],[106.475,16.575],[106.625,16.35],[106.825,16.275],[106.825,15.975],[106.875,15.85],[106.95,15.825],[107.05,15.675],[107.125,15.675],[107.15,15.475],[107.2,15.4],[107.375,15.3],[107.55,15.25],[107.575,15.075],[107.725,15.0],[107.875,15.0],[107.9,14.775],[107.8,14.675],[107.775,14.35],[107.825,14.325],[107.85,14.15],[108.0,14.1],[107.975,13.975],[107.85,13.975],[107.625,13.875],[107.5,13.7],[107.5,13.5],[107.45,13.45],[107.45,13.225],[107.4,13.225],[107.425,13.05],[107.5,13.05],[107.775,12.875],[107.925,12.7],[107.85,12.3],[107.775,12.225],[107.5,12.3],[107.2,12.025],[107.1,11.85],[107.1,11.65],[106.95,11.55],[106.875,11.375],[106.825,11.1],[106.825,10.825],[106.975,10.481],[106.971,10.485],[106.966,10.441],[106.947,10.4],[106.902,10.383],[106.813,10.433],[106.733,10.529],[106.708,10.458],[106.741,10.444],[106.778,10.376],[106.776,10.339],[106.757,10.296],[106.721,10.294],[106.733,10.19],[106.785,10.151],[106.785,10.116],[106.745,10.085],[106.747,10.067],[106.655,9.743],[106.571,9.651],[106.572,9.641],[106.539,9.604],[106.498,9.57],[106.481,9.552],[106.335,9.52],[106.227,9.543],[106.206,9.503],[106.206,9.502],[106.193,9.448],[106.168,9.397],[106.144,9.386],[106.117,9.335],[105.925,9.188],[105.503,9.028],[105.207,8.653],[105.024,8.519],[104.906,8.474],[104.742,8.493],[104.822,9.471],[104.84,9.528],[104.845,9.606],[104.903,9.816],[104.983,9.866],[104.973,9.984],[104.763,10.176],[104.72,10.19],[104.663,10.17],[104.613,10.208],[104.607,10.226],[104.427,10.284],[104.157,10.518],[104.003,10.536],[103.829,10.473],[103.606,10.473],[103.524,10.524],[103.558,10.58],[103.532,10.605],[103.54,10.669],[103.592,10.721],[103.66,10.75],[103.667,10.762],[103.65,10.882],[103.515,11.055],[103.446,11.044],[103.411,10.977],[103.354,10.922],[103.272,10.909],[103.203,10.912],[103.191,10.904],[103.039,10.897],[102.961,11.367],[102.655,12.066],[102.555,12.13],[102.54,12.109],[102.465,12.159],[102.323,12.186],[101.932,12.571],[101.889,12.593],[101.888,12.594],[101.725,12.653],[101.603,12.659],[101.541,12.643],[101.328,12.558],[101.054,12.66],[100.954,12.621],[100.898,12.654],[100.884,12.677],[100.871,12.678],[100.873,12.697],[100.863,12.715],[100.883,12.777],[100.9,12.91],[100.904,13.035],[100.924,13.107],[100.939,13.229],[100.926,13.303],[100.947,13.358],[100.949,13.369],[100.911,13.44],[100.472,13.508],[100.471,13.508],[100.236,13.484],[100.197,13.469],[100.103,13.423],[100.017,13.353],[99.991,13.243],[100.051,13.171],[100.09,13.046],[99.982,12.771],[99.964,12.69],[100.006,12.355],[99.989,12.171],[99.93,12.047],[99.837,11.937],[99.799,11.749],[99.725,11.662],[99.627,11.463],[99.561,11.215],[99.514,11.101],[99.487,10.89],[99.285,10.569],[99.237,10.388],[99.165,10.32],[99.19,10.266],[99.195,10.175],[99.169,9.934],[99.161,9.734],[99.191,9.627],[99.288,9.415],[99.265,9.353],[99.254,9.265],[99.335,9.225],[99.394,9.214],[99.724,9.314],[99.836,9.288],[99.878,9.195],[99.897,9.137],[99.85,9.125],[99.7,8.975],[99.7,8.85],[99.55,8.825],[99.5,8.925],[99.325,8.925],[99.125,8.8],[98.925,8.775],[98.8,8.675],[98.575,8.65],[98.525,8.525],[98.4,8.375],[98.4,8.181],[98.367,8.186],[98.292,8.155],[98.192,8.372],[98.245,8.404],[98.192,8.373],[98.177,8.599],[98.249,8.936],[98.286,9.047],[98.251,9.041],[98.258,9.095],[98.274,9.13],[98.301,9.139],[98.307,9.111],[98.627,10.087],[98.605,10.1],[98.563,10.035],[98.521,10.107],[98.505,10.158],[98.431,10.201],[98.397,10.562],[98.467,10.664],[98.465,10.676],[98.501,10.719],[98.509,10.724],[98.579,10.826],[98.599,10.864],[98.608,10.879],[98.733,11.411],[98.733,11.435],[98.746,11.521],[98.741,11.592],[98.781,11.65],[98.59,11.695],[98.588,11.821],[98.675,12.053],[98.668,12.112],[98.664,12.127],[98.666,12.132],[98.655,12.225],[98.631,12.225],[98.6,12.245],[98.619,12.3],[98.644,12.32],[98.631,12.43],[98.624,12.441],[98.628,12.451],[98.595,12.736],[98.484,13.11],[98.197,13.644],[98.163,13.733],[98.15,13.648],[98.111,13.713],[98.098,13.898],[98.096,13.905],[97.822,14.616],[97.648,15.947],[97.584,16.02],[97.609,16.144],[97.618,16.174],[97.595,16.35],[97.587,16.377],[97.575,16.253],[97.537,16.24],[97.48,16.306],[97.469,16.461],[97.477,16.467],[97.418,16.482],[97.425,16.524],[97.424,16.524],[97.417,16.482],[97.351,16.527],[97.292,16.704],[97.4,16.75],[97.45,16.85],[97.625,16.925],[97.675,17.375]]],[[[104.028,10.428],[104.064,10.391],[104.083,10.341],[104.076,10.225],[104.037,10.111],[104.048,10.061],[104.018,10.029],[103.952,10.243],[103.868,10.335],[103.85,10.371],[103.898,10.369],[103.986,10.427],[104.028,10.428]]],[[[103.223,10.782],[103.318,10.719],[103.281,10.68],[103.223,10.76],[103.223,10.782]]],[[[98.466,12.084],[98.525,12.005],[98.61,11.957],[98.576,11.925],[98.516,11.905],[98.474,11.899],[98.454,12.061],[98.466,12.084]]],[[[98.554,11.745],[98.528,11.539],[98.465,11.567],[98.435,11.567],[98.397,11.684],[98.4,11.715],[98.376,11.792],[98.524,11.805],[98.554,11.745]]],[[[98.527,11.087],[98.542,10.962],[98.519,10.959],[98.498,10.964],[98.477,10.98],[98.527,11.087]]],[[[98.436,12.571],[98.468,12.571],[98.459,12.474],[98.381,12.354],[98.334,12.336],[98.314,12.336],[98.331,12.511],[98.303,12.612],[98.312,12.678],[98.396,12.647],[98.414,12.598],[98.436,12.571]]],[[[98.301,8.136],[98.322,8.166],[98.351,8.111],[98.43,8.087],[98.434,8.082],[98.409,8.0],[98.276,8.0],[98.301,8.136]]]]}},{"type":"Feature","properties":{"name":"Oghuz Turks","name_zh":"乌古斯","focus":false,"color":"#a3727a","label":[70.74,48.9],"area":415.1},"geometry":{"type":"MultiPolygon","coordinates":[[[[71.575,55.55],[71.775,55.575],[71.975,55.65],[72.6,55.8],[72.7,56.0],[74.439,56.0],[78.362,56.41],[93.699,56.483],[96.045,56.0],[96.575,56.0],[96.6,55.6],[96.775,55.575],[96.8,55.225],[96.925,55.1],[96.925,54.8],[96.85,54.6],[96.7,54.6],[96.675,54.475],[96.7,54.25],[96.9,54.4],[96.9,54.5],[97.15,54.55],[97.225,54.6],[97.525,54.675],[97.65,54.75],[97.825,54.775],[97.95,54.7],[98.1,54.725],[98.225,54.875],[98.375,54.875],[98.6,54.7],[98.75,54.725],[99.0,54.975],[99.075,55.175],[99.175,55.275],[99.375,55.275],[99.425,55.5],[99.625,55.55],[99.7,55.65],[99.875,55.675],[99.875,55.85],[99.825,56.0],[100.183,56.0],[100.184,56.0],[104.256,57.999],[114.866,57.999],[115.204,57.386],[114.23,56.0],[114.4,56.0],[114.375,55.675],[114.25,55.625],[114.025,55.625],[114.1,55.45],[114.0,55.35],[113.95,55.175],[113.8,55.15],[113.5,54.975],[113.2,54.85],[113.2,54.725],[113.025,54.65],[112.9,54.425],[112.725,54.45],[112.675,54.525],[112.525,54.5],[112.425,54.4],[112.425,54.275],[112.325,54.25],[112.325,53.825],[112.225,53.625],[112.225,53.5],[112.125,53.375],[111.875,53.275],[111.875,52.725],[111.925,52.5],[112.0,52.325],[111.925,52.275],[111.85,52.0],[111.725,52.0],[111.7,51.925],[111.55,51.875],[111.5,51.8],[111.5,51.55],[111.6,51.225],[111.45,51.125],[111.5,50.6],[111.475,50.45],[111.4,50.45],[111.3,50.325],[111.2,50.325],[111.075,50.1],[110.875,50.05],[110.575,50.175],[110.3,50.175],[110.35,50.225],[110.35,50.5],[110.225,50.7],[110.05,50.7],[109.975,50.75],[109.55,50.75],[109.15,50.6],[108.775,50.6],[108.675,50.525],[108.525,50.6],[108.225,50.625],[108.15,50.575],[108.15,50.45],[108.075,50.45],[108.1,50.675],[107.975,50.925],[107.775,50.9],[107.7,51.1],[107.575,51.125],[107.45,51.275],[107.15,51.275],[107.075,51.45],[106.975,51.4],[106.95,51.475],[106.825,51.425],[106.7,51.575],[106.5,51.575],[106.425,51.65],[106.175,51.475],[105.75,51.475],[105.7,51.4],[105.525,51.325],[105.4,51.325],[105.225,51.25],[105.1,51.1],[104.875,51.1],[104.55,50.975],[104.525,50.925],[104.35,50.925],[104.075,50.8],[103.95,51.0],[103.825,51.1],[103.65,51.125],[103.6,51.075],[103.45,51.1],[103.075,51.1],[102.925,51.125],[102.85,51.05],[102.5,51.075],[102.425,51.125],[102.175,51.15],[102.125,51.275],[102.0,51.35],[101.6,51.425],[101.275,51.425],[101.15,51.375],[100.975,51.625],[100.975,51.825],[100.625,51.95],[100.55,51.825],[99.85,51.775],[99.725,51.95],[99.6,51.975],[99.25,51.975],[99.1,51.825],[98.975,51.8],[98.975,51.625],[98.85,51.575],[98.85,51.475],[98.75,51.475],[98.8,51.3],[98.725,51.125],[98.625,51.1],[98.55,50.95],[98.375,51.075],[98.05,51.025],[98.0,51.1],[97.825,51.175],[97.7,51.175],[97.575,51.025],[97.375,51.125],[97.05,51.125],[96.875,50.925],[96.775,50.6],[96.65,50.525],[96.475,50.525],[96.4,50.6],[96.075,50.575],[96.0,50.625],[95.725,50.625],[95.65,50.675],[95.475,50.65],[95.425,50.725],[95.175,50.725],[95.15,50.775],[94.95,50.775],[94.7,50.825],[94.375,50.95],[94.075,50.975],[93.95,50.9],[93.725,50.9],[93.55,50.95],[93.2,50.95],[93.0,51.05],[92.75,51.05],[92.55,51.1],[92.275,51.05],[92.2,51.1],[92.0,51.1],[91.9,51.225],[91.9,51.4],[91.675,51.5],[91.675,51.575],[91.525,51.675],[91.475,51.775],[91.25,51.775],[91.175,51.525],[90.875,51.55],[90.775,51.35],[90.4,51.35],[90.35,51.175],[90.125,51.025],[89.825,51.025],[89.6,50.95],[89.525,50.875],[89.35,50.875],[88.975,51.0],[88.975,50.75],[88.825,50.7],[88.65,50.7],[88.55,50.6],[88.525,50.4],[88.4,50.3],[88.3,50.35],[87.75,50.4],[87.425,50.4],[87.25,50.45],[87.325,50.0],[87.1,49.95],[87.05,49.8],[86.875,49.8],[86.75,49.9],[86.525,49.875],[86.475,49.925],[86.25,49.925],[86.225,50.175],[86.125,50.35],[86.0,50.45],[85.65,50.425],[85.475,50.5],[85.375,50.65],[85.25,50.6],[84.8,50.625],[84.65,50.6],[84.525,50.75],[84.45,50.75],[84.3,50.625],[84.225,50.625],[84.225,50.45],[84.0,50.275],[83.725,50.275],[83.425,50.2],[83.225,50.2],[82.975,50.05],[82.85,49.925],[82.55,49.975],[82.4,49.6],[82.3,49.475],[82.175,49.425],[81.95,49.425],[81.85,49.35],[81.775,49.2],[81.775,49.025],[81.45,48.925],[81.35,48.775],[81.15,48.7],[81.075,48.575],[81.075,48.4],[81.225,48.15],[81.225,47.725],[81.175,47.675],[81.2,47.475],[81.025,47.475],[80.875,47.425],[80.675,47.25],[80.375,47.25],[80.2,47.325],[80.0,47.325],[79.775,47.075],[79.675,47.0],[79.6,46.8],[79.45,46.775],[79.125,46.775],[78.825,46.725],[78.575,46.8],[78.475,46.925],[78.225,46.875],[78.075,46.975],[78.05,47.125],[77.95,47.125],[77.925,47.025],[77.75,46.85],[77.425,46.85],[77.3,46.9],[77.15,46.7],[76.95,46.625],[76.6,46.625],[76.375,46.725],[76.35,46.775],[76.2,46.75],[75.825,46.75],[75.475,46.6],[74.45,46.6],[74.35,46.475],[74.275,46.225],[74.125,46.025],[73.975,45.725],[73.775,45.55],[73.75,45.425],[73.525,45.3],[73.35,45.15],[73.2,45.15],[73.125,45.225],[72.8,45.25],[72.5,44.925],[72.425,44.925],[72.225,44.75],[72.025,44.65],[71.9,44.525],[71.775,44.225],[71.65,44.1],[71.5,44.1],[71.375,44.025],[71.025,43.95],[70.95,43.9],[70.675,43.85],[70.525,43.775],[70.1,43.3],[70.0,43.275],[70.0,43.587],[64.948,43.753],[63.52,45.027],[61.457,45.258],[61.25,45.175],[61.174,45.187],[61.02,45.487],[61.039,45.736],[60.998,45.92],[61.031,46.012],[60.998,46.076],[61.12,46.104],[61.366,46.353],[61.631,46.736],[61.624,46.765],[61.463,46.764],[61.248,46.611],[60.938,46.489],[60.799,46.568],[60.783,46.631],[60.855,46.7],[60.837,46.772],[60.656,46.82],[60.524,46.807],[60.526,46.728],[60.727,46.675],[60.724,46.625],[60.603,46.578],[60.502,46.607],[60.428,46.528],[60.261,46.694],[60.075,46.618],[60.0,46.513],[60.0,56.228],[65.312,55.046],[70.0,55.536],[70.0,55.425],[70.375,55.45],[70.725,55.525],[71.0,55.55],[71.575,55.55]]],[[[61.105,38.699],[60.0,38.363],[60.0,41.531],[60.875,40.654],[61.451,39.274],[61.105,38.699]]],[[[60.784,46.151],[60.605,46.126],[60.477,46.202],[60.299,46.163],[60.0,46.21],[60.0,46.497],[60.214,46.286],[60.823,46.212],[60.784,46.151]]]]}},{"type":"Feature","properties":{"name":"Hindu Shahis","name_zh":"","focus":false,"color":"#a3727a","label":[75.07,30.81],"area":26.4},"geometry":{"type":"Polygon","coordinates":[[[71.475,29.875],[71.475,30.075],[71.375,30.275],[71.575,30.525],[71.75,30.575],[71.85,30.675],[71.85,30.775],[71.975,30.9],[72.1,31.1],[72.1,31.575],[72.15,31.675],[72.15,31.925],[72.2,31.975],[72.35,32.375],[72.2,32.575],[72.35,32.675],[72.475,32.675],[72.675,32.8],[72.825,32.825],[72.875,32.975],[73.025,33.125],[73.1,33.125],[73.225,33.325],[73.5,33.6],[73.55,33.6],[73.55,33.825],[73.4,33.975],[73.5,34.275],[73.75,34.15],[73.95,34.125],[73.95,34.05],[74.275,34.025],[74.425,33.925],[74.475,33.775],[74.625,33.55],[74.75,33.55],[74.975,33.475],[74.975,33.65],[75.125,33.65],[75.3,33.55],[75.4,33.4],[75.475,33.4],[75.575,33.625],[75.575,33.825],[75.775,34.025],[75.825,33.975],[76.225,33.95],[76.25,33.825],[76.275,33.825],[76.375,33.625],[76.525,33.575],[76.675,33.3],[76.775,33.25],[76.95,33.05],[77.075,32.975],[77.3,32.975],[77.375,32.925],[77.625,32.6],[77.725,32.525],[77.75,32.2],[77.8,32.175],[77.85,31.95],[78.025,31.95],[78.325,31.775],[78.325,31.625],[78.45,31.575],[78.475,31.4],[78.575,31.35],[78.55,31.075],[78.375,30.9],[78.25,30.825],[78.2,30.675],[78.225,30.475],[78.425,30.15],[78.325,30.125],[78.25,30.125],[78.175,30.05],[77.8,29.925],[77.7,29.85],[77.55,29.85],[77.425,29.775],[77.125,29.675],[77.125,29.425],[76.85,29.425],[76.4,29.25],[76.125,29.2],[75.975,29.125],[75.775,29.1],[75.55,29.0],[75.175,28.925],[74.9,28.825],[74.175,28.825],[74.175,28.8],[73.775,28.8],[73.525,28.725],[73.375,28.625],[73.075,28.6],[72.525,29.175],[72.325,29.275],[72.075,29.55],[72.0,29.5],[71.6,29.475],[71.575,29.425],[71.4,29.425],[71.425,29.5],[71.425,29.825],[71.475,29.875]]]}},{"type":"Feature","properties":{"name":"Multan","name_zh":"","focus":false,"color":"#4f8f86","label":[71.85,27.75],"area":10.6},"geometry":{"type":"Polygon","coordinates":[[[70.85,28.225],[70.925,28.325],[70.925,28.775],[70.95,28.95],[70.9,29.025],[70.875,29.225],[70.925,29.225],[71.0,29.275],[71.05,29.425],[71.2,29.45],[71.375,29.425],[71.575,29.425],[71.6,29.475],[72.0,29.5],[72.075,29.55],[72.325,29.275],[72.525,29.175],[73.075,28.6],[73.0,28.45],[73.0,27.925],[73.15,27.625],[73.375,27.425],[73.375,27.35],[73.55,27.15],[73.75,27.0],[73.775,26.9],[73.95,26.875],[74.15,26.75],[74.3,26.725],[74.475,26.6],[74.65,26.55],[74.775,26.375],[74.8,26.375],[74.825,26.225],[74.725,26.05],[74.675,25.825],[74.55,25.675],[74.375,25.65],[74.225,25.575],[74.15,25.45],[73.925,25.2],[73.825,25.175],[73.7,25.025],[73.6,25.0],[73.475,24.8],[73.4,24.6],[73.225,24.6],[73.15,24.55],[73.05,24.55],[72.95,24.7],[72.95,24.975],[72.75,25.225],[72.6,25.325],[72.6,25.4],[72.475,25.525],[72.375,25.55],[72.375,25.7],[72.225,25.9],[71.95,26.15],[71.875,26.275],[71.75,26.3],[71.7,26.375],[71.475,26.5],[71.25,26.475],[71.15,26.575],[70.675,26.725],[70.575,26.825],[70.5,27.1],[70.45,27.475],[70.6,27.775],[70.775,28.0],[70.85,28.225]]]}},{"type":"Feature","properties":{"name":"Vengi","name_zh":"","focus":false,"color":"#4f8f86","label":[81.0,16.4],"area":2.2},"geometry":{"type":"Polygon","coordinates":[[[80.125,16.45],[80.15,16.55],[80.4,16.55],[80.75,16.875],[80.8,17.125],[80.975,17.275],[81.3,17.25],[81.4,17.325],[81.475,17.325],[81.55,17.175],[81.75,17.025],[81.775,16.875],[81.925,16.75],[82.125,16.5],[82.165,16.5],[82.142,16.485],[82.039,16.443],[81.787,16.328],[81.596,16.302],[81.364,16.34],[81.252,16.223],[81.086,15.826],[80.962,15.723],[80.852,15.777],[80.826,15.766],[80.813,15.796],[80.733,15.835],[80.461,15.773],[80.3,15.644],[80.22,15.499],[80.194,15.51],[80.193,15.509],[80.22,15.498],[80.199,15.446],[80.175,15.475],[79.975,15.525],[79.8,15.65],[79.575,16.0],[79.55,16.2],[79.6,16.2],[79.75,16.325],[79.9,16.35],[80.125,16.45]]]}},{"type":"Feature","properties":{"name":"Banas","name_zh":"","focus":false,"color":"#4f8f86","label":[80.76,19.79],"area":18.2},"geometry":{"type":"Polygon","coordinates":[[[80.95,22.125],[80.975,22.25],[81.15,22.425],[81.4,22.175],[81.55,22.175],[81.7,22.025],[81.9,21.975],[82.1,21.875],[82.425,21.875],[82.5,21.775],[82.825,21.725],[83.0,21.725],[83.0,21.525],[83.05,21.475],[83.075,21.2],[82.975,21.1],[82.925,20.7],[82.825,20.55],[82.75,20.525],[82.625,20.35],[82.45,20.35],[82.6,20.15],[82.6,20.025],[82.525,19.875],[82.4,19.875],[82.225,19.725],[82.1,19.725],[82.075,19.65],[82.25,19.475],[82.325,19.325],[82.35,19.125],[82.45,18.975],[82.625,18.9],[82.8,18.7],[82.525,18.4],[82.475,18.225],[82.25,18.05],[82.15,17.9],[82.0,17.9],[81.525,17.6],[81.45,17.325],[81.4,17.325],[81.3,17.25],[80.975,17.275],[80.8,17.125],[80.75,16.875],[80.4,16.55],[80.15,16.55],[80.125,16.45],[79.9,16.35],[79.75,16.325],[79.6,16.2],[79.5,16.2],[79.35,16.225],[79.025,16.1],[78.95,16.2],[78.875,16.175],[78.625,16.375],[78.475,16.825],[78.475,17.0],[78.35,17.25],[78.325,17.375],[78.45,17.525],[78.475,17.625],[78.675,17.775],[78.7,18.0],[78.5,18.2],[78.65,18.55],[78.825,18.6],[78.9,18.75],[78.9,19.025],[78.95,19.075],[79.1,19.05],[79.125,19.225],[78.95,19.35],[78.875,19.475],[78.9,19.775],[79.0,19.925],[79.125,20.275],[79.275,20.4],[79.325,20.6],[79.4,20.65],[79.475,20.9],[79.575,21.025],[79.575,21.15],[79.65,21.175],[79.775,21.525],[79.875,21.625],[79.85,21.875],[80.075,21.85],[80.3,21.95],[80.825,21.95],[80.95,22.125]]]}},{"type":"Feature","properties":{"name":"Gurjara Pratihara","name_zh":"","focus":false,"color":"#a07d5a","label":[78.44,24.5],"area":48.5},"geometry":{"type":"Polygon","coordinates":[[[72.875,22.3],[72.725,22.45],[72.625,22.725],[72.5,22.875],[72.575,23.125],[72.675,23.3],[72.725,23.6],[72.775,23.625],[72.875,23.85],[72.875,24.175],[72.85,24.3],[72.9,24.4],[73.075,24.55],[73.15,24.55],[73.225,24.6],[73.4,24.6],[73.475,24.8],[73.6,25.0],[73.7,25.025],[73.825,25.175],[73.925,25.2],[74.15,25.45],[74.225,25.575],[74.375,25.65],[74.55,25.675],[74.675,25.825],[74.725,26.05],[74.825,26.225],[74.8,26.375],[74.825,26.375],[75.075,26.35],[75.25,26.425],[75.725,27.1],[76.0,27.05],[76.1,26.9],[76.2,26.875],[76.375,26.7],[76.5,26.75],[76.675,26.75],[76.725,26.7],[76.925,26.75],[77.225,26.7],[77.275,26.825],[77.525,27.075],[77.875,27.2],[77.875,27.275],[78.35,27.125],[78.425,27.225],[78.725,27.175],[78.95,27.275],[79.0,27.35],[79.3,27.6],[79.3,27.65],[79.35,27.65],[79.55,27.55],[79.625,27.425],[79.65,27.275],[79.825,27.125],[79.95,27.125],[80.0,26.95],[80.1,26.875],[80.125,26.75],[80.25,26.675],[80.25,26.6],[80.4,26.425],[80.525,26.375],[80.625,26.125],[80.75,26.125],[80.775,26.05],[81.025,26.075],[81.05,26.0],[81.375,25.775],[81.375,25.65],[81.6,25.575],[81.675,25.475],[81.9,25.45],[81.925,25.325],[82.075,25.275],[82.425,25.225],[82.475,25.15],[82.6,25.2],[82.75,25.1],[82.875,25.1],[82.925,25.175],[83.225,25.175],[83.475,25.125],[83.6,25.275],[83.875,25.35],[83.975,25.525],[84.175,25.575],[84.4,25.325],[84.7,25.225],[84.775,25.15],[84.925,25.125],[84.925,24.875],[84.975,24.8],[84.975,24.6],[85.05,24.475],[85.05,24.1],[84.9,24.025],[84.825,23.9],[84.775,23.575],[84.775,23.325],[84.55,23.35],[84.55,23.3],[84.2,23.0],[84.075,23.0],[83.975,23.075],[83.7,23.05],[83.7,22.875],[83.575,22.775],[83.575,22.45],[83.625,22.275],[83.425,22.2],[83.3,22.0],[83.275,21.875],[83.1,21.725],[82.825,21.725],[82.5,21.775],[82.425,21.875],[82.1,21.875],[81.9,21.975],[81.7,22.025],[81.55,22.175],[81.4,22.175],[81.15,22.425],[80.975,22.25],[80.95,22.125],[80.825,21.95],[80.3,21.95],[80.075,21.85],[79.85,21.875],[79.275,22.125],[79.225,22.225],[78.575,22.2],[78.55,22.125],[78.375,21.925],[78.275,21.875],[78.0,21.825],[77.95,21.775],[77.775,21.825],[77.225,21.825],[76.95,21.8],[76.775,21.9],[76.725,21.975],[76.55,22.05],[76.35,22.025],[75.775,22.025],[75.725,22.15],[75.35,22.15],[75.1,22.075],[74.675,22.075],[74.625,22.025],[74.45,22.025],[74.4,21.975],[74.05,21.925],[74.0,21.85],[73.775,21.85],[73.45,22.0],[73.4,21.925],[73.35,21.925],[73.3,22.1],[73.1,22.3],[72.875,22.3]]]}},{"type":"Feature","properties":{"name":"Rashtrakuta","name_zh":"","focus":false,"color":"#a07d5a","label":[76.06,17.04],"area":51.1},"geometry":{"type":"Polygon","coordinates":[[[78.85,15.525],[78.95,15.425],[78.95,15.3],[79.075,15.25],[79.075,15.125],[79.175,14.875],[79.175,14.575],[79.275,14.325],[79.25,14.025],[79.175,13.95],[79.175,13.775],[79.075,13.625],[78.7,13.375],[78.6,13.225],[78.5,13.225],[78.45,13.175],[78.025,13.2],[77.825,13.025],[77.7,13.075],[77.35,13.075],[77.225,12.925],[77.05,12.875],[76.725,12.675],[76.6,12.675],[76.375,12.35],[76.2,12.225],[76.0,12.225],[75.8,12.375],[75.575,12.35],[75.55,12.4],[75.3,12.475],[74.99,12.475],[74.946,12.565],[74.868,12.845],[74.803,12.977],[74.771,13.077],[74.682,13.507],[74.682,13.584],[74.671,13.668],[74.608,13.85],[74.499,14.046],[74.467,14.169],[74.467,14.217],[74.397,14.407],[74.393,14.431],[74.248,14.683],[74.223,14.709],[74.089,14.902],[74.041,14.949],[73.949,15.075],[73.884,15.306],[73.801,15.397],[73.838,15.397],[73.774,15.571],[73.772,15.573],[73.773,15.574],[73.742,15.657],[73.733,15.657],[73.68,15.709],[73.608,15.871],[73.476,16.054],[73.454,16.152],[73.338,16.46],[73.239,17.199],[73.149,17.527],[73.156,17.622],[73.047,17.907],[72.994,18.098],[72.972,18.259],[72.943,18.366],[72.917,18.576],[72.875,18.643],[72.871,18.683],[72.899,18.779],[72.939,18.856],[72.912,19.037],[72.901,19.015],[72.835,18.976],[72.803,19.079],[72.803,19.219],[72.795,19.252],[72.812,19.299],[72.874,19.291],[72.868,19.329],[72.788,19.363],[72.764,19.413],[72.756,19.451],[72.799,19.52],[72.727,19.578],[72.697,19.757],[72.676,19.798],[72.668,19.831],[72.709,20.078],[72.881,20.563],[72.894,20.673],[72.879,20.829],[72.841,20.952],[72.825,21.08],[72.82,21.084],[72.824,21.086],[72.823,21.087],[72.82,21.085],[72.789,21.122],[72.752,21.129],[72.692,21.178],[72.624,21.372],[72.662,21.411],[72.825,21.4],[73.025,21.6],[73.05,21.725],[73.15,21.85],[73.3,21.925],[73.4,21.925],[73.45,22.0],[73.775,21.85],[74.0,21.85],[74.05,21.925],[74.4,21.975],[74.45,22.025],[74.625,22.025],[74.675,22.075],[75.1,22.075],[75.35,22.15],[75.725,22.15],[75.775,22.025],[76.35,22.025],[76.55,22.05],[76.725,21.975],[76.775,21.9],[76.95,21.8],[77.225,21.825],[77.775,21.825],[77.95,21.775],[78.0,21.825],[78.275,21.875],[78.375,21.925],[78.55,22.125],[78.575,22.2],[79.225,22.225],[79.275,22.125],[79.85,21.875],[79.875,21.625],[79.775,21.525],[79.65,21.175],[79.575,21.15],[79.575,21.025],[79.475,20.9],[79.4,20.65],[79.325,20.6],[79.275,20.4],[79.125,20.275],[79.0,19.925],[78.9,19.775],[78.875,19.475],[78.95,19.35],[79.125,19.225],[79.1,19.05],[78.95,19.075],[78.9,19.025],[78.9,18.75],[78.825,18.6],[78.65,18.55],[78.5,18.2],[78.7,18.0],[78.675,17.775],[78.475,17.625],[78.45,17.525],[78.325,17.375],[78.35,17.25],[78.475,17.0],[78.475,16.825],[78.625,16.375],[78.875,16.175],[78.95,16.2],[79.025,16.1],[78.925,16.0],[78.975,15.875],[78.85,15.7],[78.85,15.525]]]}},{"type":"Feature","properties":{"name":"Kalinga","name_zh":"","focus":false,"color":"#4f8f86","label":[82.5,17.9],"area":2.9},"geometry":{"type":"Polygon","coordinates":[[[83.275,19.05],[83.35,18.975],[83.65,18.975],[83.8,18.775],[84.05,18.65],[84.25,18.65],[84.365,18.578],[84.245,18.44],[84.229,18.449],[84.228,18.448],[84.245,18.439],[84.145,18.349],[84.104,18.293],[84.054,18.268],[83.986,18.207],[83.683,18.081],[83.38,17.71],[83.023,17.492],[82.977,17.462],[82.956,17.452],[82.356,17.086],[82.301,16.892],[82.307,16.879],[82.35,16.825],[82.36,16.783],[82.339,16.707],[82.327,16.664],[82.259,16.56],[82.165,16.5],[82.125,16.5],[81.925,16.75],[81.775,16.875],[81.75,17.025],[81.55,17.175],[81.475,17.325],[81.45,17.325],[81.525,17.6],[82.0,17.9],[82.15,17.9],[82.25,18.05],[82.475,18.225],[82.525,18.4],[82.8,18.7],[82.875,18.75],[82.9,18.875],[83.025,19.075],[83.275,19.05]]]}},{"type":"Feature","properties":{"name":"Somvamsis","name_zh":"","focus":false,"color":"#a07d5a","label":[83.84,20.58],"area":8.8},"geometry":{"type":"Polygon","coordinates":[[[83.425,22.2],[83.625,22.275],[83.575,22.45],[83.575,22.775],[83.7,22.875],[83.7,23.05],[83.975,23.075],[84.075,23.0],[84.1,23.0],[84.1,22.825],[84.05,22.65],[84.15,22.475],[84.225,22.425],[84.25,22.3],[84.425,22.15],[84.475,22.05],[84.625,21.975],[84.675,21.7],[84.9,21.75],[85.0,21.625],[84.95,21.45],[85.15,21.1],[85.25,21.05],[85.3,20.825],[85.525,20.7],[85.525,20.425],[85.65,20.425],[85.9,20.175],[86.0,19.9],[86.069,19.854],[85.859,19.794],[85.713,19.697],[85.426,19.618],[85.226,19.508],[85.021,19.336],[84.473,18.703],[84.463,18.69],[84.449,18.676],[84.365,18.578],[84.25,18.65],[84.05,18.65],[83.8,18.775],[83.65,18.975],[83.35,18.975],[83.275,19.05],[83.025,19.075],[82.9,18.875],[82.875,18.75],[82.8,18.7],[82.625,18.9],[82.45,18.975],[82.35,19.125],[82.325,19.325],[82.25,19.475],[82.075,19.65],[82.1,19.725],[82.225,19.725],[82.4,19.875],[82.525,19.875],[82.6,20.025],[82.6,20.15],[82.45,20.35],[82.625,20.35],[82.75,20.525],[82.825,20.55],[82.925,20.7],[82.975,21.1],[83.075,21.2],[83.05,21.475],[83.0,21.525],[83.0,21.725],[83.1,21.725],[83.275,21.875],[83.3,22.0],[83.425,22.2]],[[85.347,19.666],[85.348,19.666],[85.288,19.783],[85.347,19.666]]]}},{"type":"Feature","properties":{"name":"Karluks","name_zh":"葛逻禄","focus":false,"color":"#6f9460","label":[75.15,42.55],"area":100.3},"geometry":{"type":"Polygon","coordinates":[[[70.95,43.9],[71.025,43.95],[71.375,44.025],[71.5,44.1],[71.65,44.1],[71.775,44.225],[71.9,44.525],[72.025,44.65],[72.225,44.75],[72.425,44.925],[72.5,44.925],[72.8,45.25],[73.125,45.225],[73.2,45.15],[73.35,45.15],[73.525,45.3],[73.75,45.425],[73.775,45.55],[73.975,45.725],[74.125,46.025],[74.275,46.225],[74.35,46.475],[74.45,46.6],[75.475,46.6],[75.825,46.75],[76.2,46.75],[76.35,46.775],[76.375,46.725],[76.6,46.625],[76.95,46.625],[77.15,46.7],[77.3,46.9],[77.425,46.85],[77.75,46.85],[77.925,47.025],[77.95,47.125],[78.05,47.125],[78.075,46.975],[78.225,46.875],[78.475,46.925],[78.575,46.8],[78.825,46.725],[79.125,46.775],[79.45,46.775],[79.6,46.8],[79.675,47.0],[79.775,47.075],[80.0,47.325],[80.2,47.325],[80.375,47.25],[80.675,47.25],[80.875,47.425],[81.025,47.475],[81.25,47.475],[81.3,47.425],[81.675,47.425],[81.75,47.35],[81.975,47.325],[82.0,47.275],[82.275,47.2],[82.8,47.2],[82.975,47.15],[83.275,47.15],[83.475,47.05],[83.6,47.05],[83.6,46.75],[83.75,46.425],[83.9,46.45],[84.225,46.425],[84.3,46.5],[84.525,46.55],[84.6,46.725],[84.75,46.825],[85.0,46.825],[85.15,47.05],[86.075,47.05],[86.075,47.025],[86.425,47.025],[86.575,46.85],[86.775,46.85],[86.85,46.6],[87.15,46.65],[87.325,46.55],[87.525,46.625],[87.8,46.6],[88.2,46.625],[88.375,46.575],[88.475,46.45],[88.625,46.55],[88.775,46.575],[88.95,46.725],[89.2,46.725],[89.325,46.8],[89.7,46.925],[89.875,47.125],[90.125,47.175],[90.125,46.925],[90.025,46.8],[90.05,46.625],[90.15,46.575],[90.25,46.25],[90.35,46.1],[90.325,45.85],[90.55,45.75],[90.6,45.675],[90.625,45.4],[90.725,45.275],[90.975,45.175],[91.2,45.125],[91.2,44.025],[91.225,43.85],[91.35,43.65],[91.175,43.5],[90.675,43.5],[90.675,43.475],[90.35,43.475],[90.075,43.45],[90.0,43.4],[89.575,43.375],[89.45,43.45],[89.275,43.45],[89.275,43.15],[89.075,42.95],[88.95,42.65],[88.85,42.575],[88.825,42.4],[88.575,42.425],[88.45,42.475],[88.125,42.5],[88.075,42.55],[87.825,42.575],[87.725,42.675],[87.575,42.725],[87.15,42.725],[87.05,42.975],[86.7,43.125],[86.5,43.125],[86.4,43.225],[86.025,43.25],[85.925,43.15],[85.625,43.15],[85.4,42.85],[85.4,42.725],[85.275,42.675],[85.075,42.675],[84.975,42.75],[84.725,42.7],[84.625,42.575],[84.425,42.575],[84.3,42.475],[84.025,42.55],[83.825,42.575],[83.675,42.5],[83.55,42.525],[83.35,42.7],[82.825,42.7],[82.55,42.65],[82.35,42.5],[82.2,42.475],[82.15,42.4],[81.9,42.35],[81.725,42.425],[81.525,42.425],[81.325,42.35],[81.175,42.225],[80.775,42.225],[80.575,42.2],[80.525,42.1],[80.2,42.1],[80.125,42.05],[79.825,42.05],[79.675,42.125],[79.2,42.125],[79.1,42.025],[78.85,42.05],[78.675,41.975],[78.65,41.675],[78.425,41.65],[78.3,41.7],[78.25,41.575],[77.975,41.55],[77.75,41.325],[77.175,41.275],[77.075,41.15],[76.775,40.95],[76.725,40.775],[76.525,40.675],[76.3,40.625],[76.125,40.65],[76.05,40.725],[75.325,40.725],[74.975,40.55],[74.775,40.525],[74.6,40.575],[74.525,40.65],[74.275,40.775],[74.25,40.85],[74.1,40.925],[74.075,41.025],[73.925,41.075],[73.625,41.35],[73.475,41.4],[73.45,41.475],[73.325,41.525],[73.125,41.525],[72.95,41.575],[72.9,41.475],[72.8,41.45],[72.675,41.7],[72.7,41.85],[72.35,41.825],[72.2,42.0],[72.025,42.025],[71.725,42.0],[71.675,41.925],[71.5,41.85],[71.3,41.65],[71.125,41.65],[70.975,41.575],[70.9,41.425],[70.75,41.35],[70.525,41.075],[70.375,40.975],[70.325,40.85],[70.225,40.85],[70.075,40.725],[70.0,40.725],[70.0,40.556],[69.967,40.54],[68.587,40.655],[67.205,41.691],[64.948,43.752],[70.0,43.587],[70.0,43.275],[70.1,43.3],[70.525,43.775],[70.675,43.85],[70.95,43.9]]]}},{"type":"Feature","properties":{"name":"Samanid Empire","name_zh":"萨曼王朝","focus":false,"color":"#6f9460","label":[68.26,36.34],"area":154.1},"geometry":{"type":"Polygon","coordinates":[[[70.375,40.975],[70.525,41.075],[70.75,41.35],[70.9,41.425],[70.975,41.575],[71.125,41.65],[71.3,41.65],[71.5,41.85],[71.675,41.925],[71.725,42.0],[72.025,42.025],[72.2,42.0],[72.35,41.825],[72.7,41.85],[72.675,41.7],[72.8,41.45],[72.9,41.475],[72.95,41.575],[73.125,41.525],[73.325,41.525],[73.45,41.475],[73.475,41.4],[73.625,41.35],[73.925,41.075],[74.075,41.025],[74.1,40.925],[74.25,40.85],[74.275,40.775],[74.1,40.7],[74.05,40.5],[73.95,40.475],[73.975,40.375],[73.9,40.25],[73.925,40.1],[73.825,40.075],[73.775,39.975],[73.65,39.9],[73.725,39.725],[73.725,39.475],[73.575,39.4],[73.575,39.275],[73.7,39.225],[73.775,39.075],[74.025,39.075],[74.175,39.25],[74.475,39.25],[74.675,39.15],[74.8,39.025],[74.775,38.825],[74.7,38.775],[74.825,38.65],[74.875,38.525],[75.0,38.525],[75.1,38.625],[75.275,38.5],[75.375,38.325],[75.35,38.25],[75.125,38.25],[75.0,38.1],[75.025,37.7],[75.15,37.625],[75.175,37.25],[75.1,37.175],[75.125,37.05],[75.25,37.05],[75.4,36.9],[75.425,36.75],[75.675,36.7],[75.875,36.45],[75.875,36.35],[76.0,36.275],[76.05,36.175],[76.275,36.1],[76.275,35.975],[76.4,35.95],[76.325,35.85],[76.325,35.725],[76.125,35.525],[76.0,35.525],[76.0,35.325],[75.925,35.275],[75.925,35.15],[76.0,35.075],[76.225,34.975],[76.225,34.825],[76.325,34.825],[76.375,34.675],[76.625,34.525],[76.625,34.3],[76.525,34.175],[76.5,34.0],[76.325,33.825],[76.25,33.825],[76.225,33.95],[75.825,33.975],[75.775,34.025],[75.575,33.825],[75.575,33.625],[75.475,33.4],[75.4,33.4],[75.3,33.55],[75.125,33.65],[74.975,33.65],[74.975,33.475],[74.75,33.55],[74.625,33.55],[74.475,33.775],[74.425,33.925],[74.275,34.025],[73.95,34.05],[73.95,34.125],[73.75,34.15],[73.5,34.275],[73.4,33.975],[73.55,33.825],[73.55,33.6],[73.5,33.6],[73.225,33.325],[73.1,33.125],[73.025,33.125],[72.875,32.975],[72.825,32.825],[72.675,32.8],[72.475,32.675],[72.35,32.675],[72.2,32.575],[72.35,32.375],[72.2,31.975],[72.15,31.925],[72.15,31.675],[72.1,31.575],[72.1,31.1],[71.975,30.9],[71.85,30.775],[71.85,30.675],[71.75,30.575],[71.575,30.525],[71.375,30.275],[71.475,30.075],[71.475,29.875],[71.425,29.825],[71.425,29.5],[71.4,29.425],[71.375,29.425],[71.2,29.45],[71.05,29.425],[71.0,29.275],[70.925,29.225],[70.85,29.225],[70.65,29.025],[70.5,28.925],[70.35,28.925],[70.325,28.825],[70.1,28.75],[70.0,28.675],[70.0,29.164],[70.0,29.165],[60.0,35.709],[60.0,38.362],[61.104,38.699],[61.449,39.276],[60.875,40.654],[60.0,41.532],[60.0,43.62],[60.081,43.613],[60.941,44.439],[61.109,44.715],[61.725,44.932],[61.833,45.025],[61.821,45.056],[61.251,45.175],[61.451,45.258],[63.522,45.027],[67.205,41.691],[68.585,40.656],[69.966,40.54],[70.0,40.557],[70.0,40.725],[70.075,40.725],[70.225,40.85],[70.325,40.85],[70.375,40.975]]]}},{"type":"Feature","properties":{"name":"Saffarids","name_zh":"","focus":false,"color":"#4f8f86","label":[62.76,32.1],"area":75.3},"geometry":{"type":"Polygon","coordinates":[[[70.5,28.925],[70.65,29.025],[70.85,29.225],[70.875,29.225],[70.9,29.025],[70.95,28.95],[70.925,28.775],[70.925,28.325],[70.85,28.225],[70.775,28.0],[70.6,27.775],[70.45,27.475],[70.5,27.1],[70.275,27.075],[70.2,27.025],[70.0,27.0],[70.0,26.814],[69.739,26.383],[68.863,24.48],[68.072,23.675],[68.04,23.763],[67.692,23.814],[67.486,23.928],[67.315,24.092],[67.204,24.585],[67.154,24.648],[66.654,24.783],[66.698,25.116],[66.619,25.317],[66.428,25.487],[66.298,25.493],[65.767,25.309],[64.85,25.204],[64.424,25.173],[64.238,25.209],[64.05,25.399],[63.651,25.335],[63.402,25.164],[62.449,25.161],[61.813,25.053],[61.343,25.026],[60.858,25.095],[60.478,25.297],[60.0,25.322],[60.0,35.708],[70.0,29.164],[70.0,28.675],[70.1,28.75],[70.325,28.825],[70.35,28.925],[70.5,28.925]]]}},{"type":"Feature","properties":{"focus":true,"kind":"state","approx":true,"name":"Song","name_zh":"北宋","label":[110.8,30.19],"area":255.8},"geometry":{"type":"MultiPolygon","coordinates":[[[[103.075,27.025],[103.05,27.225],[102.925,27.275],[102.925,27.45],[102.8,27.5],[102.825,27.675],[102.65,27.875],[102.6,28.0],[102.725,28.175],[102.575,28.25],[102.5,28.375],[102.325,28.5],[102.35,28.625],[102.2,28.625],[101.975,28.7],[101.875,28.85],[101.75,28.9],[101.675,29.0],[101.65,29.225],[101.55,29.325],[101.55,29.5],[101.775,29.775],[101.725,29.9],[101.725,30.45],[101.825,30.525],[101.8,30.725],[101.625,30.925],[101.75,31.025],[101.75,31.275],[101.9,31.25],[101.925,31.175],[102.05,31.225],[102.25,31.2],[102.25,31.35],[102.35,31.475],[102.35,31.575],[102.55,31.625],[102.6,31.85],[102.45,32.025],[102.45,32.125],[102.575,32.275],[102.675,32.325],[102.925,32.7],[103.225,32.825],[103.45,32.85],[103.425,33.075],[103.35,33.1],[103.175,33.375],[103.05,33.5],[103.05,33.85],[102.875,34.025],[102.825,34.025],[102.725,34.2],[102.9,34.275],[103.35,34.275],[103.55,34.2],[103.675,34.275],[103.875,34.275],[104.025,34.15],[104.075,34.3],[104.3,34.475],[104.475,34.45],[104.6,34.35],[104.65,34.375],[104.65,34.65],[104.725,34.825],[104.85,34.775],[105.125,34.8],[105.25,35.075],[105.275,35.325],[105.2,35.35],[105.325,35.525],[105.375,35.725],[105.525,35.875],[105.525,35.975],[105.625,36.05],[105.575,36.225],[105.4,36.25],[105.225,36.375],[105.2,36.65],[104.95,36.825],[104.85,36.825],[104.75,36.95],[104.6,37.0],[104.6,37.125],[104.525,37.2],[104.625,37.35],[104.625,37.45],[104.525,37.475],[104.475,37.625],[104.5,37.975],[104.45,38.225],[104.35,38.475],[104.35,38.875],[104.425,39.025],[104.375,39.325],[104.325,39.375],[104.325,39.775],[104.3,39.925],[104.525,40.1],[104.675,40.1],[104.825,40.275],[105.15,40.35],[105.375,40.35],[105.475,40.475],[105.65,40.575],[105.85,40.6],[105.9,40.65],[106.125,40.65],[106.25,40.875],[106.725,41.225],[107.05,41.275],[107.125,41.325],[107.15,41.325],[107.2,41.175],[106.95,40.975],[106.95,40.8],[107.1,40.625],[107.1,40.5],[107.025,40.325],[106.725,40.075],[106.725,39.85],[106.775,39.725],[106.775,39.5],[106.975,39.55],[107.15,39.55],[107.15,39.25],[107.275,39.075],[107.325,38.9],[107.425,38.775],[107.275,38.55],[107.225,38.375],[107.225,38.05],[107.25,37.875],[107.325,37.825],[107.4,37.65],[107.375,37.3],[107.525,37.325],[107.6,37.225],[107.9,37.175],[108.0,37.075],[108.125,37.15],[108.525,37.15],[108.775,37.225],[108.85,37.325],[109.125,37.225],[109.375,37.25],[109.425,37.3],[109.65,37.325],[110.075,37.325],[110.375,37.275],[110.425,37.275],[110.425,37.1],[110.375,37.025],[110.4,36.65],[110.475,36.6],[110.475,36.1],[110.55,36.1],[110.65,36.225],[110.825,36.125],[111.0,36.1],[111.05,36.2],[111.3,36.2],[111.4,36.05],[111.625,35.95],[111.625,35.875],[112.075,35.9],[112.25,36.075],[112.325,36.075],[112.45,36.2],[112.525,36.2],[112.525,36.425],[112.825,36.45],[112.9,36.6],[113.225,36.8],[113.25,37.025],[113.4,37.2],[113.45,37.425],[113.45,37.65],[113.4,37.7],[113.4,37.975],[113.35,38.075],[113.5,38.2],[113.625,38.5],[113.55,38.65],[113.675,38.725],[113.7,38.825],[113.625,38.875],[113.625,39.075],[113.75,39.175],[113.8,39.45],[113.75,39.5],[113.775,39.5],[113.875,39.6],[114.15,39.55],[114.2,39.5],[114.55,39.525],[114.875,39.65],[115.075,39.9],[115.2,40.0],[115.375,40.0],[115.525,39.825],[115.65,39.775],[115.65,39.575],[115.9,39.475],[116.25,39.475],[116.3,39.425],[116.575,39.425],[116.625,39.375],[116.85,39.375],[116.925,39.275],[117.075,39.25],[117.225,39.075],[117.5,39.0],[117.675,39.0],[117.675,38.95],[117.673,38.947],[117.554,38.689],[117.657,38.423],[117.767,38.312],[117.96,38.212],[118.015,38.183],[118.542,38.095],[118.546,38.096],[118.667,38.126],[118.8,38.127],[118.94,38.043],[119.028,37.904],[119.036,37.809],[119.038,37.78],[119.042,37.773],[119.07,37.749],[119.089,37.701],[119.089,37.7],[119.075,37.69],[119.033,37.661],[119.025,37.657],[118.989,37.633],[118.954,37.33],[119.106,37.205],[119.112,37.201],[119.287,37.138],[119.289,37.138],[119.761,37.156],[119.883,37.251],[119.883,37.28],[119.88,37.296],[119.882,37.336],[119.882,37.35],[119.883,37.35],[119.883,37.351],[120.004,37.415],[120.155,37.495],[120.298,37.612],[120.257,37.678],[120.258,37.678],[120.257,37.679],[120.285,37.692],[120.31,37.695],[120.732,37.828],[120.75,37.834],[121.049,37.725],[121.218,37.601],[121.287,37.592],[121.388,37.579],[121.401,37.572],[121.634,37.463],[121.639,37.461],[121.661,37.46],[121.816,37.457],[121.951,37.446],[121.959,37.446],[121.986,37.469],[122.01,37.496],[122.057,37.529],[122.11,37.522],[122.129,37.501],[122.172,37.455],[122.175,37.454],[122.395,37.406],[122.493,37.408],[122.602,37.426],[122.667,37.403],[122.573,37.318],[122.587,37.181],[122.516,37.138],[122.447,37.068],[122.487,37.022],[122.523,37.003],[122.52,36.947],[122.457,36.915],[122.341,36.832],[122.34,36.832],[122.338,36.832],[122.274,36.834],[122.245,36.848],[122.242,36.849],[122.16,36.958],[121.936,36.959],[121.909,36.948],[121.67,36.836],[121.413,36.738],[121.274,36.698],[121.053,36.611],[121.052,36.611],[120.99,36.598],[120.914,36.623],[120.816,36.632],[120.805,36.601],[120.822,36.587],[120.883,36.539],[120.905,36.485],[120.896,36.444],[120.858,36.43],[120.847,36.426],[120.774,36.453],[120.712,36.412],[120.682,36.339],[120.681,36.168],[120.646,36.137],[120.637,36.129],[120.393,36.053],[120.39,36.055],[120.348,36.079],[120.331,36.109],[120.33,36.11],[120.321,36.226],[120.185,36.202],[120.123,36.155],[120.119,36.152],[120.101,36.111],[120.104,36.107],[120.179,36.02],[120.19,36.016],[120.265,36.007],[120.285,35.984],[120.219,35.935],[120.065,35.866],[120.058,35.862],[120.049,35.848],[120.027,35.799],[119.979,35.74],[119.976,35.739],[119.866,35.643],[119.859,35.64],[119.811,35.618],[119.746,35.597],[119.717,35.586],[119.715,35.584],[119.526,35.358],[119.431,35.301],[119.372,35.16],[119.353,35.114],[119.352,35.113],[119.215,35.009],[119.212,35.0],[119.166,34.852],[119.206,34.75],[119.32,34.749],[119.351,34.749],[119.427,34.714],[119.583,34.582],[119.594,34.577],[119.957,34.449],[119.964,34.448],[120.201,34.326],[120.267,34.274],[120.323,34.169],[120.379,34.003],[120.493,33.729],[120.5,33.716],[120.502,33.681],[120.506,33.637],[120.616,33.491],[120.622,33.478],[120.868,33.021],[120.871,33.017],[120.897,32.843],[120.889,32.829],[120.853,32.762],[120.853,32.761],[120.856,32.66],[120.903,32.627],[120.99,32.567],[121.293,32.457],[121.342,32.425],[121.401,32.372],[121.402,32.337],[121.408,32.202],[121.419,32.19],[121.481,32.129],[121.491,32.121],[121.674,32.051],[121.751,31.993],[121.832,31.9],[121.856,31.816],[121.866,31.704],[121.866,31.703],[121.86,31.703],[121.764,31.7],[121.683,31.712],[121.68,31.712],[121.351,31.858],[121.145,31.842],[120.973,31.869],[120.789,32.032],[120.523,32.105],[120.184,31.966],[120.075,31.96],[120.081,31.928],[120.191,31.906],[120.488,32.016],[120.497,32.02],[120.716,31.984],[120.752,31.923],[120.778,31.848],[120.792,31.818],[121.05,31.721],[121.055,31.719],[121.205,31.628],[121.351,31.485],[121.661,31.32],[121.786,31.163],[121.834,31.062],[121.878,30.917],[121.801,30.884],[121.769,30.87],[121.528,30.841],[121.473,30.815],[121.419,30.79],[121.31,30.7],[121.309,30.699],[120.999,30.558],[120.898,30.394],[120.897,30.393],[120.897,30.392],[120.821,30.354],[120.452,30.387],[120.264,30.27],[120.352,30.248],[120.494,30.303],[120.495,30.303],[120.503,30.293],[120.642,30.134],[120.658,30.136],[120.904,30.161],[121.04,30.236],[121.159,30.302],[121.258,30.304],[121.341,30.282],[121.433,30.227],[121.678,29.979],[121.812,29.952],[121.868,29.928],[122.016,29.888],[122.017,29.888],[122.083,29.87],[122.036,29.846],[121.905,29.779],[121.677,29.584],[121.592,29.545],[121.56,29.521],[121.578,29.495],[121.689,29.511],[121.697,29.516],[121.822,29.605],[121.888,29.628],[121.941,29.606],[121.968,29.491],[121.918,29.135],[121.913,29.135],[121.853,29.128],[121.79,29.224],[121.716,29.255],[121.712,29.255],[121.656,29.236],[121.549,29.237],[121.534,29.235],[121.461,29.151],[121.503,29.122],[121.521,29.118],[121.665,29.011],[121.68,28.953],[121.641,28.916],[121.63,28.918],[121.609,28.903],[121.66,28.853],[121.663,28.851],[121.644,28.805],[121.63,28.767],[121.627,28.766],[121.59,28.735],[121.532,28.717],[121.519,28.711],[121.478,28.643],[121.487,28.619],[121.538,28.521],[121.602,28.367],[121.61,28.292],[121.609,28.292],[121.509,28.322],[121.354,28.229],[121.272,28.222],[121.219,28.337],[121.147,28.327],[121.097,28.287],[121.095,28.284],[121.035,28.157],[120.959,28.037],[120.938,28.027],[120.892,28.003],[120.765,28.006],[120.764,27.977],[120.833,27.938],[120.833,27.891],[120.749,27.808],[120.686,27.745],[120.665,27.642],[120.665,27.639],[120.66,27.636],[120.593,27.582],[120.628,27.485],[120.629,27.482],[120.608,27.412],[120.54,27.318],[120.482,27.268],[120.388,27.159],[120.385,27.156],[120.384,27.155],[120.276,27.092],[120.164,26.924],[120.139,26.886],[120.136,26.879],[120.087,26.676],[120.087,26.672],[120.043,26.634],[119.968,26.586],[119.967,26.586],[119.882,26.61],[119.851,26.688],[119.842,26.689],[119.821,26.737],[119.818,26.772],[119.802,26.812],[119.77,26.783],[119.767,26.775],[119.713,26.731],[119.71,26.728],[119.591,26.757],[119.616,26.688],[119.624,26.676],[119.632,26.644],[119.639,26.625],[119.714,26.611],[119.726,26.609],[119.785,26.547],[119.831,26.45],[119.835,26.434],[119.849,26.404],[119.876,26.371],[119.881,26.334],[119.692,26.236],[119.567,26.127],[119.47,26.059],[119.463,26.054],[119.459,26.055],[119.37,26.054],[119.313,26.063],[119.271,26.085],[119.173,26.1],[119.256,25.984],[119.262,25.976],[119.299,25.961],[119.331,25.949],[119.418,25.955],[119.5,26.009],[119.501,26.009],[119.619,26.004],[119.648,25.919],[119.617,25.823],[119.556,25.704],[119.553,25.698],[119.54,25.595],[119.549,25.574],[119.619,25.437],[119.622,25.391],[119.593,25.368],[119.592,25.368],[119.588,25.37],[119.499,25.409],[119.444,25.445],[119.419,25.458],[119.41,25.458],[119.344,25.446],[119.315,25.454],[119.18,25.449],[119.149,25.411],[119.159,25.381],[119.169,25.357],[119.171,25.355],[119.244,25.307],[119.286,25.232],[119.281,25.23],[119.235,25.205],[118.974,25.205],[118.966,25.194],[118.917,25.128],[118.946,25.034],[118.956,25.005],[118.942,24.983],[118.909,24.928],[118.726,24.859],[118.708,24.85],[118.69,24.846],[118.644,24.829],[118.681,24.788],[118.692,24.782],[118.719,24.746],[118.702,24.712],[118.657,24.621],[118.56,24.58],[118.412,24.6],[118.295,24.572],[118.195,24.625],[118.091,24.626],[118.015,24.56],[118.01,24.518],[118.006,24.482],[117.935,24.474],[117.922,24.476],[117.852,24.471],[117.879,24.397],[117.969,24.386],[118.024,24.38],[118.051,24.327],[118.056,24.246],[117.84,24.013],[117.839,24.012],[117.735,24.008],[117.726,23.999],[117.668,23.939],[117.628,23.836],[117.464,23.836],[117.44,23.795],[117.444,23.783],[117.46,23.771],[117.462,23.736],[117.462,23.735],[117.452,23.71],[117.417,23.621],[117.378,23.595],[117.367,23.588],[117.365,23.596],[117.347,23.636],[117.336,23.684],[117.331,23.7],[117.3,23.712],[117.271,23.694],[117.225,23.647],[117.148,23.599],[117.084,23.579],[117.082,23.578],[117.03,23.623],[116.912,23.638],[116.871,23.491],[116.861,23.453],[116.76,23.383],[116.712,23.36],[116.696,23.359],[116.683,23.352],[116.696,23.285],[116.699,23.278],[116.669,23.228],[116.54,23.18],[116.526,23.06],[116.52,23.007],[116.473,22.949],[116.47,22.945],[116.345,22.941],[116.252,22.977],[116.221,22.948],[116.206,22.919],[116.158,22.888],[116.157,22.887],[115.852,22.801],[115.636,22.851],[115.562,22.823],[115.556,22.813],[115.535,22.765],[115.499,22.72],[115.498,22.718],[115.382,22.718],[115.19,22.815],[115.058,22.751],[115.012,22.709],[114.926,22.688],[114.919,22.684],[114.911,22.676],[114.896,22.64],[114.854,22.617],[114.853,22.616],[114.75,22.626],[114.711,22.733],[114.651,22.752],[114.546,22.621],[114.553,22.542],[114.554,22.529],[114.554,22.528],[114.551,22.529],[114.496,22.527],[114.453,22.559],[114.346,22.592],[114.276,22.547],[114.28,22.518],[114.291,22.499],[114.286,22.468],[114.287,22.462],[114.293,22.453],[114.325,22.437],[114.335,22.396],[114.292,22.371],[114.29,22.367],[114.288,22.325],[114.268,22.296],[114.258,22.3],[114.242,22.267],[114.247,22.264],[114.244,22.234],[114.232,22.211],[114.207,22.195],[114.138,22.268],[114.139,22.269],[114.134,22.292],[114.154,22.294],[114.178,22.331],[114.034,22.375],[113.941,22.365],[113.937,22.365],[113.902,22.396],[113.896,22.428],[114.006,22.506],[113.982,22.519],[113.931,22.531],[113.831,22.605],[113.828,22.607],[113.754,22.733],[113.661,22.801],[113.66,22.803],[113.62,22.861],[113.603,22.969],[113.6,22.979],[113.586,23.02],[113.587,23.029],[113.592,23.077],[113.595,23.081],[113.598,23.105],[113.518,23.101],[113.45,23.054],[113.449,23.042],[113.46,22.996],[113.442,22.941],[113.435,22.939],[113.433,22.921],[113.454,22.904],[113.465,22.905],[113.521,22.852],[113.555,22.804],[113.564,22.758],[113.562,22.76],[113.563,22.757],[113.426,22.858],[113.394,22.922],[113.336,22.896],[113.381,22.833],[113.432,22.789],[113.445,22.745],[113.477,22.7],[113.485,22.692],[113.553,22.594],[113.551,22.405],[113.566,22.383],[113.589,22.35],[113.576,22.297],[113.548,22.223],[113.548,22.222],[113.543,22.22],[113.499,22.202],[113.416,22.178],[113.37,22.166],[113.367,22.165],[113.364,22.163],[113.266,22.088],[113.149,22.075],[113.074,22.19],[113.009,22.118],[112.994,22.017],[112.984,21.938],[112.954,21.907],[112.911,21.885],[112.903,21.881],[112.799,21.94],[112.796,21.938],[112.662,21.86],[112.658,21.856],[112.634,21.82],[112.589,21.779],[112.586,21.776],[112.58,21.78],[112.495,21.818],[112.425,21.878],[112.421,21.88],[112.43,21.953],[112.381,21.979],[112.388,21.814],[112.39,21.801],[112.356,21.768],[112.305,21.742],[112.304,21.741],[112.296,21.743],[112.193,21.763],[112.15,21.788],[111.955,21.847],[111.936,21.817],[111.926,21.776],[111.873,21.717],[111.872,21.717],[111.825,21.71],[111.795,21.715],[111.773,21.715],[111.758,21.702],[111.712,21.655],[111.682,21.608],[111.603,21.559],[111.601,21.559],[111.395,21.535],[111.319,21.486],[111.268,21.49],[111.221,21.494],[111.144,21.482],[111.101,21.485],[111.068,21.507],[111.025,21.51],[110.998,21.436],[110.997,21.43],[110.996,21.43],[110.995,21.43],[110.878,21.396],[110.783,21.388],[110.77,21.385],[110.761,21.378],[110.652,21.279],[110.567,21.214],[110.504,21.207],[110.46,21.23],[110.458,21.23],[110.439,21.299],[110.41,21.302],[110.4,21.267],[110.397,21.248],[110.375,21.172],[110.372,21.17],[110.297,21.09],[110.384,21.093],[110.385,21.093],[110.387,21.091],[110.426,21.06],[110.521,21.083],[110.522,21.083],[110.54,21.039],[110.539,21.018],[110.504,20.968],[110.488,20.975],[110.421,21.006],[110.411,21.006],[110.34,20.998],[110.282,21.001],[110.28,21.001],[110.264,21.025],[110.301,21.074],[110.281,21.093],[110.194,21.037],[110.155,20.945],[110.186,20.859],[110.297,20.845],[110.365,20.838],[110.388,20.791],[110.371,20.752],[110.361,20.745],[110.317,20.671],[110.468,20.552],[110.512,20.518],[110.518,20.46],[110.516,20.458],[110.451,20.357],[110.45,20.355],[110.449,20.355],[110.344,20.294],[110.122,20.263],[109.938,20.295],[109.882,20.364],[109.885,20.413],[109.886,20.413],[109.887,20.413],[109.963,20.402],[109.969,20.444],[109.86,20.514],[109.792,20.621],[109.792,20.622],[109.792,20.624],[109.802,20.717],[109.702,20.859],[109.685,20.874],[109.666,20.91],[109.662,20.916],[109.703,21.05],[109.681,21.131],[109.681,21.132],[109.749,21.215],[109.759,21.227],[109.779,21.337],[109.78,21.337],[109.801,21.343],[109.914,21.376],[109.928,21.465],[109.829,21.483],[109.769,21.544],[109.749,21.539],[109.743,21.528],[109.689,21.525],[109.686,21.524],[109.565,21.69],[109.525,21.674],[109.54,21.565],[109.544,21.538],[109.544,21.537],[109.536,21.534],[109.436,21.479],[109.347,21.454],[109.148,21.425],[109.081,21.44],[109.083,21.444],[109.098,21.487],[109.12,21.522],[109.129,21.541],[109.1,21.59],[109.027,21.626],[109.014,21.626],[108.922,21.624],[108.894,21.628],[108.771,21.63],[108.764,21.636],[108.744,21.651],[108.725,21.671],[108.615,21.77],[108.615,21.772],[108.589,21.816],[108.604,21.846],[108.597,21.895],[108.494,21.903],[108.492,21.744],[108.492,21.741],[108.507,21.711],[108.526,21.671],[108.507,21.642],[108.502,21.633],[108.444,21.607],[108.335,21.694],[108.316,21.664],[108.302,21.622],[108.246,21.558],[108.146,21.564],[108.066,21.525],[108.056,21.524],[107.973,21.508],[107.926,21.499],[107.829,21.497],[107.808,21.495],[107.801,21.489],[107.763,21.456],[107.675,21.6],[107.575,21.675],[107.15,21.7],[107.0,21.85],[106.95,22.05],[106.7,22.375],[106.6,22.425],[106.325,22.675],[106.2,22.75],[106.25,22.85],[106.175,23.25],[106.2,23.25],[106.225,23.425],[106.225,23.75],[106.2,23.95],[106.1,23.95],[106.025,24.05],[105.975,24.25],[106.05,24.425],[106.15,24.525],[106.375,24.525],[106.425,24.775],[106.475,24.775],[106.625,24.9],[106.725,24.925],[106.925,25.15],[107.025,25.025],[107.225,25.225],[107.475,25.325],[107.5,25.475],[107.5,25.8],[107.6,25.85],[107.6,25.95],[107.725,26.075],[107.925,26.025],[108.0,26.125],[108.15,26.125],[108.15,26.275],[108.25,26.4],[108.4,26.325],[108.55,26.325],[108.7,26.425],[108.725,26.6],[108.925,26.575],[109.075,26.625],[109.05,26.85],[108.975,27.025],[109.025,27.15],[108.8,27.375],[108.6,27.4],[108.475,27.625],[108.55,27.925],[108.35,27.975],[108.325,28.05],[108.175,28.05],[108.1,28.225],[107.975,28.325],[108.0,28.5],[107.8,28.525],[107.775,28.45],[107.65,28.475],[107.675,28.625],[107.775,28.775],[107.625,28.8],[107.525,29.0],[107.2,28.95],[107.2,28.65],[107.0,28.475],[106.925,28.275],[106.725,28.3],[106.625,28.425],[106.5,28.425],[106.375,28.525],[106.375,28.4],[106.25,28.325],[106.275,28.125],[106.15,27.95],[106.0,27.95],[105.8,27.875],[105.725,27.925],[105.65,27.775],[105.65,27.35],[105.225,27.325],[105.125,27.125],[105.125,27.0],[105.05,26.9],[104.9,26.85],[104.45,26.85],[104.225,26.75],[104.1,26.75],[104.025,26.525],[104.1,26.425],[104.075,26.275],[103.925,26.175],[103.675,26.2],[103.6,26.25],[103.4,26.25],[103.3,26.2],[103.3,26.35],[103.225,26.55],[103.225,26.725],[103.075,27.025]]],[[[122.367,29.852],[122.331,29.934],[122.332,29.934],[122.332,29.935],[122.351,29.955],[122.402,29.95],[122.404,29.892],[122.394,29.846],[122.367,29.852]]],[[[122.296,29.963],[122.283,29.945],[122.281,29.943],[122.157,30.0],[122.024,30.013],[121.977,30.063],[121.969,30.143],[122.111,30.14],[122.284,30.068],[122.322,30.031],[122.296,29.963]]],[[[122.042,29.735],[122.055,29.759],[122.062,29.773],[122.12,29.782],[122.165,29.701],[122.173,29.679],[122.169,29.66],[122.042,29.735]]],[[[121.336,31.643],[121.331,31.649],[121.227,31.758],[121.211,31.804],[121.211,31.805],[121.339,31.797],[121.464,31.756],[121.478,31.725],[121.492,31.694],[121.494,31.693],[121.542,31.674],[121.576,31.638],[121.728,31.582],[121.808,31.552],[121.844,31.526],[121.863,31.492],[121.862,31.492],[121.78,31.463],[121.519,31.549],[121.336,31.643]]],[[[121.247,28.085],[121.164,28.063],[121.134,28.063],[121.131,28.062],[121.134,28.132],[121.134,28.135],[121.192,28.192],[121.205,28.204],[121.234,28.181],[121.251,28.145],[121.251,28.086],[121.247,28.085]]],[[[119.815,25.614],[119.829,25.607],[119.838,25.591],[119.839,25.56],[119.816,25.52],[119.813,25.51],[119.829,25.483],[119.832,25.48],[119.821,25.457],[119.748,25.411],[119.746,25.41],[119.7,25.432],[119.7,25.434],[119.699,25.495],[119.719,25.54],[119.72,25.548],[119.696,25.59],[119.696,25.591],[119.717,25.629],[119.722,25.638],[119.723,25.639],[119.772,25.652],[119.777,25.653],[119.778,25.653],[119.78,25.65],[119.815,25.614]]],[[[118.09,24.446],[118.076,24.501],[118.079,24.506],[118.093,24.541],[118.102,24.551],[118.103,24.552],[118.104,24.552],[118.171,24.519],[118.183,24.496],[118.15,24.436],[118.149,24.436],[118.09,24.446]]],[[[113.998,22.212],[113.998,22.21],[113.997,22.21],[113.877,22.21],[113.876,22.211],[113.852,22.22],[113.84,22.239],[113.839,22.241],[113.839,22.242],[113.882,22.28],[114.044,22.333],[114.042,22.331],[113.998,22.212]]],[[[112.8,21.69],[112.79,21.602],[112.771,21.582],[112.77,21.584],[112.742,21.618],[112.737,21.648],[112.712,21.697],[112.713,21.698],[112.782,21.772],[112.839,21.765],[112.863,21.753],[112.862,21.752],[112.802,21.697],[112.8,21.69]]],[[[112.559,21.675],[112.646,21.71],[112.647,21.71],[112.648,21.71],[112.644,21.64],[112.643,21.639],[112.637,21.638],[112.546,21.619],[112.525,21.623],[112.559,21.675]]],[[[109.318,19.904],[109.506,19.903],[109.51,19.904],[109.583,19.969],[109.584,19.97],[109.651,19.984],[109.906,19.963],[110.078,19.992],[110.145,20.036],[110.172,20.054],[110.213,20.056],[110.344,20.039],[110.359,20.019],[110.371,20.017],[110.393,20.058],[110.394,20.059],[110.418,20.055],[110.519,20.008],[110.571,19.987],[110.589,20.059],[110.589,20.072],[110.598,20.096],[110.598,20.097],[110.598,20.098],[110.652,20.138],[110.679,20.137],[110.731,20.075],[110.806,20.016],[110.808,20.015],[110.824,20.01],[110.889,19.992],[110.938,19.948],[110.971,19.883],[110.998,19.765],[111.014,19.655],[111.013,19.655],[110.913,19.586],[110.831,19.561],[110.82,19.555],[110.641,19.291],[110.603,19.207],[110.573,19.173],[110.572,19.17],[110.563,19.135],[110.566,19.099],[110.519,18.97],[110.478,18.813],[110.451,18.748],[110.451,18.747],[110.408,18.707],[110.4,18.698],[110.399,18.698],[110.397,18.698],[110.334,18.673],[110.305,18.671],[110.251,18.655],[110.25,18.655],[110.156,18.57],[110.067,18.516],[110.064,18.514],[110.066,18.477],[110.066,18.476],[110.067,18.448],[110.067,18.447],[110.02,18.416],[109.814,18.395],[109.731,18.303],[109.703,18.259],[109.681,18.247],[109.59,18.226],[109.522,18.219],[109.519,18.218],[109.342,18.299],[109.334,18.301],[109.183,18.325],[109.046,18.363],[109.029,18.367],[109.01,18.377],[108.922,18.416],[108.721,18.525],[108.701,18.535],[108.638,18.866],[108.638,18.867],[108.636,18.908],[108.65,19.265],[108.666,19.304],[108.694,19.338],[108.791,19.418],[108.795,19.42],[109.0,19.561],[109.063,19.614],[109.115,19.641],[109.232,19.721],[109.233,19.722],[109.232,19.753],[109.177,19.768],[109.219,19.843],[109.22,19.843],[109.263,19.883],[109.315,19.904],[109.318,19.904]]]]}},{"type":"Feature","properties":{"focus":true,"kind":"state","approx":true,"color":"#a06a6a","name":"Northern Han","name_zh":"北汉","label":[112.14,38.18],"area":8.1},"geometry":{"type":"Polygon","coordinates":[[[110.575,37.95],[110.5,37.975],[110.5,38.2],[110.675,38.3],[110.775,38.45],[110.9,38.525],[110.95,38.75],[111.0,38.75],[111.0,38.725],[111.5,38.75],[111.55,38.6],[111.675,38.6],[111.825,38.675],[112.05,38.875],[112.15,38.9],[112.25,39.025],[112.45,39.075],[112.4,39.175],[112.45,39.3],[112.575,39.3],[112.8,39.4],[112.925,39.275],[113.25,39.35],[113.7,39.5],[113.75,39.5],[113.8,39.45],[113.75,39.175],[113.625,39.075],[113.625,38.875],[113.7,38.825],[113.675,38.725],[113.55,38.65],[113.625,38.5],[113.5,38.2],[113.35,38.075],[113.4,37.975],[113.4,37.7],[113.45,37.65],[113.45,37.425],[113.4,37.2],[113.25,37.025],[113.225,36.8],[112.9,36.6],[112.825,36.45],[112.525,36.425],[112.525,36.2],[112.45,36.2],[112.325,36.075],[112.25,36.075],[112.075,35.9],[111.625,35.875],[111.625,35.95],[111.4,36.05],[111.3,36.2],[111.05,36.2],[111.0,36.1],[110.825,36.125],[110.65,36.225],[110.55,36.1],[110.475,36.1],[110.475,36.6],[110.4,36.65],[110.375,37.025],[110.425,37.1],[110.425,37.275],[110.5,37.275],[110.55,37.65],[110.7,37.725],[110.575,37.95]]]}}],"snapped":true}