{"type":"FeatureCollection","features":[{"type":"Feature","properties":{"name":"Philippines","name_zh":"吕宋","focus":false,"label":[120.59,15.69],"area":23.8,"color":"#7272a8"},"geometry":{"type":"MultiPolygon","coordinates":[[[[122.337,8.028],[122.387,8.046],[122.589,8.093],[122.673,8.133],[122.756,8.133],[122.796,8.272],[122.888,8.342],[123.018,8.399],[123.051,8.434],[123.096,8.481],[123.147,8.516],[123.293,8.541],[123.341,8.57],[123.38,8.616],[123.435,8.703],[123.499,8.682],[123.564,8.647],[123.68,8.621],[123.783,8.548],[123.849,8.433],[123.861,8.376],[123.877,8.189],[123.853,8.145],[123.753,8.058],[123.754,8.058],[123.805,8.083],[123.868,8.091],[123.931,8.128],[123.997,8.159],[124.114,8.19],[124.117,8.192],[124.21,8.446],[124.349,8.545],[124.358,8.559],[124.405,8.6],[124.451,8.606],[124.622,8.523],[124.687,8.547],[124.741,8.918],[124.805,8.921],[124.806,8.924],[124.869,8.972],[124.944,8.957],[125.046,8.891],[125.122,8.873],[125.184,8.947],[125.21,9.027],[125.248,9.027],[125.376,8.992],[125.431,9.002],[125.46,9.053],[125.439,9.37],[125.362,9.624],[125.428,9.783],[125.462,9.742],[125.471,9.757],[125.521,9.759],[125.642,9.654],[125.877,9.513],[125.955,9.427],[126.006,9.321],[126.088,9.261],[126.193,9.277],[126.192,9.125],[126.209,9.081],[126.305,8.952],[126.32,8.845],[126.263,8.744],[126.22,8.696],[126.142,8.627],[126.14,8.596],[126.173,8.56],[126.282,8.539],[126.365,8.484],[126.38,8.327],[126.459,8.203],[126.457,8.149],[126.436,8.0],[126.258,8.0],[126.279,7.733],[126.372,7.536],[126.321,7.148],[126.045,6.608],[125.954,6.652],[125.91,6.849],[125.747,7.185],[125.614,7.236],[125.28,6.593],[125.465,6.244],[125.532,5.939],[125.461,5.717],[125.289,5.488],[125.072,5.722],[125.163,5.907],[125.129,6.053],[124.965,6.084],[124.803,5.785],[124.224,6.089],[123.973,6.336],[123.88,6.565],[123.864,6.851],[124.073,7.258],[124.024,7.474],[123.815,7.658],[123.464,7.79],[123.333,7.771],[123.247,7.593],[123.022,7.478],[122.725,7.452],[122.713,7.674],[122.635,7.782],[122.455,7.693],[121.991,6.872],[121.839,6.967],[121.824,7.056],[122.093,7.775],[122.211,7.902],[122.384,7.985],[122.584,8.0],[122.305,8.0],[122.337,8.028]]],[[[125.736,11.05],[125.674,11.121],[125.628,11.132],[125.432,11.113],[125.341,11.135],[125.323,11.123],[125.28,11.143],[125.233,11.145],[125.215,11.175],[125.069,11.244],[124.854,11.491],[124.916,11.643],[124.888,11.774],[124.884,11.775],[124.821,11.852],[124.803,11.883],[124.33,12.208],[124.264,12.417],[124.322,12.426],[124.295,12.569],[124.566,12.526],[124.84,12.535],[125.15,12.573],[125.24,12.528],[125.31,12.446],[125.328,12.387],[125.32,12.322],[125.352,12.293],[125.409,12.285],[125.481,12.252],[125.536,12.191],[125.503,12.136],[125.513,12.055],[125.457,11.953],[125.464,11.772],[125.497,11.714],[125.5,11.655],[125.492,11.594],[125.506,11.544],[125.593,11.378],[125.609,11.323],[125.582,11.279],[125.574,11.238],[125.627,11.234],[125.704,11.165],[125.749,11.074],[125.736,11.05]]],[[[125.495,10.119],[125.522,10.192],[125.525,10.31],[125.58,10.364],[125.606,10.38],[125.648,10.437],[125.667,10.44],[125.685,10.392],[125.647,10.245],[125.703,10.072],[125.684,9.963],[125.692,9.939],[125.69,9.914],[125.673,9.886],[125.649,9.944],[125.591,9.998],[125.534,10.09],[125.495,10.119]]],[[[125.281,9.982],[125.288,9.933],[125.159,10.063],[125.133,10.155],[125.176,10.151],[125.231,10.116],[125.281,9.982]]],[[[124.988,10.368],[125.005,10.197],[125.024,10.115],[125.027,10.033],[124.929,10.096],[124.813,10.135],[124.781,10.168],[124.792,10.275],[124.79,10.328],[124.738,10.44],[124.799,10.682],[124.797,10.732],[124.787,10.781],[124.739,10.88],[124.663,10.962],[124.616,10.962],[124.503,10.904],[124.446,10.924],[124.412,11.15],[124.366,11.371],[124.331,11.427],[124.308,11.486],[124.331,11.535],[124.374,11.515],[124.436,11.457],[124.511,11.424],[124.548,11.395],[124.575,11.343],[124.644,11.308],[124.724,11.322],[124.821,11.401],[124.93,11.373],[124.994,11.256],[125.027,11.212],[125.044,11.135],[125.04,10.952],[125.013,10.786],[125.034,10.751],[125.084,10.722],[125.128,10.685],[125.164,10.637],[125.188,10.585],[125.197,10.457],[125.26,10.35],[125.268,10.308],[125.253,10.264],[125.148,10.272],[125.14,10.235],[125.143,10.189],[125.105,10.218],[125.044,10.323],[124.988,10.368]]],[[[124.821,11.627],[124.854,11.595],[124.836,11.543],[124.807,11.558],[124.781,11.581],[124.744,11.659],[124.731,11.715],[124.788,11.683],[124.821,11.627]]],[[[124.608,11.492],[124.483,11.486],[124.429,11.532],[124.36,11.666],[124.437,11.695],[124.511,11.687],[124.565,11.64],[124.622,11.55],[124.608,11.492]]],[[[121.628,14.581],[121.649,14.481],[121.752,14.234],[121.767,14.168],[121.8,14.114],[121.853,14.063],[121.912,14.02],[122.08,13.947],[122.121,13.938],[122.231,14.085],[122.203,14.112],[122.2,14.148],[122.238,14.175],[122.283,14.191],[122.344,14.235],[122.397,14.306],[122.484,14.319],[122.491,14.322],[122.627,14.318],[122.761,14.285],[122.856,14.251],[122.934,14.188],[123.015,14.08],[123.071,13.96],[123.071,13.903],[123.057,13.845],[123.06,13.789],[123.102,13.75],[123.181,13.748],[123.301,13.886],[123.305,13.937],[123.259,13.975],[123.28,14.025],[123.32,14.062],[123.377,14.029],[123.432,13.966],[123.633,13.898],[123.684,13.897],[123.726,13.884],[123.816,13.837],[123.858,13.8],[123.806,13.722],[123.658,13.709],[123.554,13.636],[123.608,13.528],[123.704,13.432],[123.765,13.354],[123.819,13.269],[123.817,13.192],[123.785,13.111],[123.873,13.117],[123.955,13.1],[124.069,13.032],[124.105,13.025],[124.143,13.036],[124.137,12.791],[124.06,12.567],[123.962,12.595],[123.878,12.69],[123.895,12.805],[123.932,12.882],[124.0,12.95],[123.925,12.95],[123.925,12.935],[123.918,12.94],[123.864,12.931],[123.802,12.906],[123.736,12.897],[123.694,12.903],[123.676,12.892],[123.238,13.025],[123.196,13.241],[123.093,13.38],[122.485,13.881],[122.47,13.881],[122.494,13.82],[122.504,13.763],[122.5,13.703],[122.508,13.657],[122.596,13.562],[122.609,13.517],[122.668,13.395],[122.675,13.253],[122.6,13.194],[122.515,13.26],[122.513,13.314],[122.498,13.364],[122.47,13.403],[122.394,13.302],[122.067,13.651],[121.624,13.898],[121.607,13.897],[121.501,13.842],[121.451,13.791],[121.446,13.712],[121.344,13.649],[121.204,13.64],[121.119,13.671],[121.009,13.655],[120.691,13.861],[120.637,13.804],[120.627,13.902],[120.598,13.921],[120.51,14.112],[120.637,14.233],[120.643,14.244],[120.688,14.291],[120.922,14.493],[120.94,14.533],[120.896,14.551],[120.706,14.728],[120.551,14.778],[120.547,14.766],[120.583,14.595],[120.589,14.483],[120.556,14.441],[120.496,14.44],[120.439,14.453],[120.396,14.493],[120.377,14.565],[120.363,14.53],[120.305,14.575],[119.971,14.904],[119.771,15.469],[119.81,15.951],[119.808,15.952],[119.769,16.008],[119.762,16.055],[119.762,16.058],[119.681,16.187],[119.762,16.359],[119.818,16.319],[119.831,16.327],[119.886,16.287],[119.93,16.239],[119.985,16.215],[120.033,16.185],[120.069,16.138],[120.193,16.049],[120.205,16.049],[120.293,16.233],[120.246,16.874],[120.311,17.071],[120.359,17.636],[120.358,17.638],[120.359,17.64],[120.393,18.043],[120.564,18.431],[120.593,18.446],[120.6,18.508],[120.709,18.546],[120.814,18.603],[120.868,18.599],[120.925,18.585],[121.051,18.614],[121.102,18.615],[121.254,18.563],[121.593,18.376],[121.717,18.33],[121.846,18.295],[121.862,18.294],[122.049,18.447],[122.101,18.411],[122.147,18.487],[122.221,18.501],[122.266,18.459],[122.3,18.403],[122.315,18.32],[122.294,18.234],[122.223,18.157],[122.179,18.064],[122.151,17.756],[122.152,17.664],[122.175,17.576],[122.237,17.435],[122.269,17.395],[122.362,17.345],[122.388,17.307],[122.393,17.238],[122.408,17.178],[122.468,17.155],[122.519,17.125],[122.5,17.058],[122.468,16.99],[122.426,16.823],[122.226,16.435],[122.214,16.352],[122.135,16.185],[121.975,16.158],[121.789,16.077],[121.685,16.015],[121.595,15.933],[121.561,15.827],[121.59,15.778],[121.609,15.726],[121.607,15.67],[121.579,15.623],[121.49,15.51],[121.452,15.417],[121.412,15.375],[121.392,15.324],[121.399,15.267],[121.435,15.216],[121.544,14.999],[121.661,14.79],[121.67,14.78],[121.65,14.775],[121.65,14.701],[121.627,14.682],[121.628,14.581]]],[[[122.92,10.851],[122.981,10.877],[122.983,10.887],[123.024,10.912],[123.222,10.989],[123.257,10.994],[123.511,10.923],[123.563,10.816],[123.568,10.781],[123.528,10.662],[123.493,10.582],[123.407,10.459],[123.344,10.325],[123.296,10.125],[123.266,10.059],[123.187,9.933],[123.162,9.864],[123.163,9.715],[123.149,9.659],[123.15,9.606],[123.308,9.357],[123.322,9.317],[123.321,9.273],[123.293,9.217],[123.229,9.121],[123.192,9.088],[123.131,9.064],[123.065,9.053],[122.999,9.058],[122.941,9.047],[122.395,9.478],[122.303,9.649],[122.347,9.815],[122.404,9.836],[122.426,9.896],[122.471,9.962],[122.523,9.979],[122.648,9.982],[122.661,9.983],[122.7,10.031],[122.822,10.487],[122.817,10.504],[122.832,10.523],[122.92,10.851]]],[[[122.803,10.99],[122.789,10.941],[122.791,10.88],[122.77,10.824],[122.673,10.801],[122.522,10.692],[122.283,10.641],[122.096,10.562],[122.052,10.514],[121.988,10.458],[121.954,10.444],[121.938,10.471],[121.934,10.494],[121.873,10.468],[121.992,11.744],[121.941,11.758],[121.891,11.791],[121.916,11.854],[121.964,11.897],[122.029,11.895],[122.087,11.855],[122.291,11.772],[122.399,11.702],[122.496,11.615],[122.613,11.564],[122.726,11.608],[122.838,11.596],[122.931,11.529],[122.918,11.511],[122.914,11.451],[123.103,11.541],[123.158,11.536],[123.156,11.443],[123.144,11.364],[123.12,11.287],[123.075,11.197],[123.017,11.117],[122.939,11.058],[122.847,11.022],[122.803,10.99]],[[122.067,11.724],[122.019,11.737],[122.102,11.669],[122.101,11.681],[122.067,11.724]]],[[[122.737,10.655],[122.681,10.498],[122.65,10.473],[122.622,10.459],[122.597,10.461],[122.538,10.425],[122.517,10.493],[122.538,10.608],[122.626,10.695],[122.648,10.723],[122.673,10.739],[122.701,10.741],[122.729,10.706],[122.737,10.655]]],[[[122.175,14.049],[122.172,14.008],[121.956,14.156],[121.946,14.181],[121.946,14.205],[121.959,14.229],[122.175,14.049]]],[[[121.815,13.424],[121.866,13.566],[121.915,13.54],[121.977,13.537],[121.996,13.547],[122.115,13.463],[122.107,13.421],[122.122,13.365],[122.055,13.269],[122.042,13.236],[122.005,13.205],[121.876,13.282],[121.829,13.329],[121.815,13.424]]],[[[120.755,13.471],[120.915,13.501],[120.981,13.486],[121.025,13.429],[121.079,13.411],[121.122,13.381],[121.203,13.432],[121.284,13.374],[121.357,13.265],[121.442,13.188],[121.523,13.131],[121.539,13.089],[121.49,13.02],[121.475,12.932],[121.48,12.837],[121.541,12.638],[121.519,12.584],[121.458,12.508],[121.412,12.423],[121.418,12.389],[121.4,12.361],[121.394,12.301],[121.357,12.313],[121.322,12.304],[121.289,12.277],[121.237,12.219],[121.155,12.236],[121.122,12.251],[121.094,12.201],[120.733,12.549],[120.546,13.152],[120.34,13.387],[120.456,13.39],[120.455,13.394],[120.438,13.405],[120.388,13.402],[120.338,13.412],[120.353,13.473],[120.401,13.517],[120.468,13.522],[120.653,13.498],[120.704,13.479],[120.755,13.471]]],[[[119.616,10.707],[119.684,10.552],[119.687,10.5],[119.595,10.407],[119.541,10.379],[119.422,10.354],[119.369,10.327],[119.285,10.252],[119.232,10.152],[119.219,10.101],[119.192,10.061],[118.949,9.993],[118.835,9.949],[118.782,9.916],[118.755,9.862],[118.774,9.767],[118.57,9.423],[118.504,9.333],[118.435,9.256],[118.35,9.201],[118.229,9.168],[118.134,9.101],[118.069,8.984],[117.99,8.877],[117.889,8.798],[117.78,8.729],[117.68,8.678],[117.572,8.642],[117.54,8.596],[117.517,8.538],[117.469,8.511],[117.413,8.496],[117.311,8.44],[117.219,8.367],[117.228,8.456],[117.127,8.469],[117.224,8.685],[117.535,9.048],[118.088,9.431],[118.508,9.921],[118.533,9.794],[118.726,10.033],[118.699,10.035],[118.756,10.169],[118.847,10.214],[119.108,10.627],[119.207,11.129],[119.353,11.212],[119.398,11.153],[119.465,11.294],[119.501,11.346],[119.553,11.314],[119.56,11.267],[119.535,11.157],[119.533,11.102],[119.562,11.046],[119.527,10.953],[119.528,10.949],[119.525,10.95],[119.55,10.875],[119.554,10.878],[119.616,10.707]]],[[[117.355,8.215],[117.287,8.191],[117.272,8.254],[117.281,8.315],[117.33,8.308],[117.354,8.289],[117.355,8.215]]]]}},{"type":"Feature","properties":{"name":"Ceylon","name_zh":"","focus":false,"label":[81.35,7.76],"area":1.2,"color":"#b0805f"},"geometry":{"type":"MultiPolygon","coordinates":[[[[81.866,7.084],[81.779,6.753],[81.476,6.316],[81.056,6.473],[81.345,6.607],[81.396,7.276],[81.165,7.584],[81.147,8.0],[81.419,8.0],[81.445,7.928],[81.804,7.313],[81.866,7.084]]],[[[80.675,8.675],[80.575,8.6],[80.35,8.35],[80.1,8.3],[79.95,8.125],[79.9,8.0],[80.048,8.0],[80.078,7.744],[79.981,7.905],[79.838,7.815],[79.834,8.0],[79.721,8.0],[79.708,8.066],[79.713,8.182],[79.75,8.294],[79.75,8.049],[79.783,8.018],[79.809,8.05],[79.818,8.145],[79.724,8.416],[79.808,8.647],[79.674,8.804],[79.705,8.93],[79.815,8.939],[79.825,8.925],[80.275,8.8],[80.575,8.675],[80.675,8.675]]]]}},{"type":"Feature","properties":{"name":"Malaya","name_zh":"","focus":false,"label":[116.73,6.0],"area":6.1,"color":"#7272a8"},"geometry":{"type":"MultiPolygon","coordinates":[[[[115.417,5.111],[115.203,5.275],[115.291,5.453],[115.717,5.467],[115.787,5.74],[115.97,5.881],[116.098,6.097],[116.337,6.358],[116.595,6.899],[116.74,6.689],[116.889,6.645],[117.031,6.836],[117.168,6.614],[117.507,6.392],[117.54,6.24],[117.353,5.877],[117.37,5.788],[117.866,5.904],[117.918,5.802],[117.761,5.58],[118.256,5.663],[118.377,5.638],[118.997,5.277],[119.042,5.169],[118.908,5.0],[115.432,5.0],[115.417,5.111]]],[[[102.325,6.099],[102.802,5.56],[103.212,5.0],[100.379,5.021],[100.139,6.177],[100.158,6.34],[100.36,6.416],[100.617,6.422],[100.665,6.212],[100.866,6.159],[100.984,6.051],[101.027,5.855],[100.931,5.676],[100.984,5.568],[101.076,5.531],[101.311,5.834],[101.45,5.761],[101.472,5.546],[101.762,5.586],[101.812,5.845],[102.034,6.002],[102.073,6.154],[102.325,6.099]]]]}},{"type":"Feature","properties":{"name":"Dutch East Indies","name_zh":"","focus":false,"label":[95.54,5.36],"area":0.6,"color":"#7d6b5a"},"geometry":{"type":"Polygon","coordinates":[[[95.205,5.245],[95.216,5.499],[95.283,5.55],[95.464,5.569],[95.74,5.468],[96.024,5.215],[96.187,5.145],[96.752,5.064],[97.384,5.18],[97.561,5.0],[95.293,5.0],[95.205,5.245]]]}},{"type":"Feature","properties":{"name":"Korea","name_zh":"朝鲜","focus":false,"label":[126.66,38.63],"area":22.5,"color":"#b0805f"},"geometry":{"type":"MultiPolygon","coordinates":[[[[124.2,40.3],[124.3,40.3],[124.5,40.425],[124.575,40.425],[124.65,40.575],[124.65,40.7],[124.75,40.85],[124.825,40.8],[125.15,40.75],[125.3,40.775],[125.475,40.9],[125.725,40.925],[125.825,41.025],[125.825,41.125],[125.975,41.15],[126.175,41.4],[126.3,41.4],[126.5,41.55],[126.55,41.65],[126.75,41.65],[126.9,41.55],[127.175,41.3],[127.25,41.125],[127.4,41.075],[127.55,41.1],[127.825,41.075],[128.05,41.175],[128.125,41.3],[128.225,41.325],[128.375,41.475],[128.4,41.725],[128.65,41.7],[128.725,41.775],[128.9,41.775],[128.95,41.7],[129.25,41.7],[129.4,41.75],[129.625,41.425],[129.75,41.375],[129.755,41.398],[129.759,41.392],[129.766,41.304],[129.712,41.124],[129.742,40.932],[129.709,40.857],[129.503,40.784],[129.477,40.682],[129.227,40.639],[129.11,40.491],[128.945,40.428],[128.843,40.358],[128.815,40.351],[128.446,40.065],[128.236,39.969],[127.931,39.956],[127.925,39.954],[127.867,39.896],[127.604,39.796],[127.546,39.734],[127.527,39.696],[127.547,39.563],[127.549,39.461],[127.523,39.377],[127.457,39.401],[127.422,39.374],[127.383,39.296],[127.395,39.208],[127.497,39.179],[127.581,39.143],[127.699,39.125],[127.786,39.084],[127.972,38.898],[128.123,38.816],[128.163,38.786],[128.249,38.745],[128.329,38.681],[128.375,38.623],[128.619,38.176],[128.852,37.887],[129.052,37.678],[129.335,37.275],[129.418,37.059],[129.426,36.926],[129.473,36.742],[129.433,36.637],[129.445,36.471],[129.427,36.385],[129.393,36.323],[129.391,36.202],[129.402,36.138],[129.404,36.052],[129.426,36.019],[129.458,36.006],[129.51,36.038],[129.573,36.051],[129.562,35.948],[129.485,35.687],[129.419,35.498],[129.329,35.333],[129.214,35.182],[129.077,35.123],[128.994,35.105],[128.917,35.029],[128.808,35.01],[128.552,35.105],[128.457,35.067],[128.419,35.016],[128.448,34.932],[128.444,34.87],[128.388,34.875],[128.28,34.91],[128.164,34.799],[128.061,34.819],[128.066,34.806],[128.055,34.708],[127.984,34.703],[127.942,34.766],[127.897,34.735],[127.873,34.735],[127.838,34.813],[127.832,34.875],[127.884,34.904],[127.84,34.938],[127.646,34.902],[127.639,34.89],[127.663,34.843],[127.742,34.783],[127.715,34.721],[127.632,34.69],[127.565,34.766],[127.524,34.84],[127.477,34.844],[127.429,34.83],[127.404,34.821],[127.39,34.743],[127.423,34.688],[127.479,34.625],[127.401,34.553],[127.381,34.501],[127.325,34.463],[127.173,34.546],[127.195,34.605],[127.261,34.662],[127.269,34.72],[127.26,34.734],[126.971,34.531],[126.897,34.439],[126.851,34.447],[126.824,34.428],[126.618,34.409],[126.611,34.404],[126.584,34.318],[126.531,34.314],[126.515,34.341],[126.409,34.269],[126.373,34.564],[126.333,34.59],[126.264,34.673],[126.301,34.72],[126.348,34.71],[126.225,35.163],[126.3,35.367],[126.524,35.577],[126.524,35.598],[126.487,35.606],[126.488,35.647],[126.524,35.662],[126.524,35.737],[126.626,35.928],[126.436,36.131],[126.39,36.437],[126.338,36.471],[126.319,36.613],[126.368,36.583],[126.361,36.627],[125.96,36.722],[126.211,36.86],[126.217,36.871],[126.352,36.958],[126.429,36.969],[126.487,37.007],[126.578,37.02],[126.687,36.96],[126.784,36.948],[126.79,36.938],[126.799,36.946],[126.786,37.073],[126.442,37.474],[126.391,37.614],[126.209,37.754],[125.909,37.511],[125.741,37.784],[125.592,37.826],[125.582,37.815],[125.502,37.764],[125.269,37.484],[125.076,37.77],[124.769,37.935],[124.697,38.127],[124.691,38.129],[124.696,38.132],[124.693,38.139],[124.736,38.279],[124.929,38.464],[124.972,38.477],[124.974,38.48],[125.067,38.557],[125.286,38.655],[125.293,38.688],[125.027,38.815],[125.296,39.364],[125.206,39.485],[124.922,39.618],[124.688,39.605],[124.548,39.541],[124.442,39.573],[124.133,39.843],[124.127,39.852],[124.106,39.841],[123.983,39.834],[123.946,39.819],[123.95,39.85],[124.025,39.95],[124.05,40.125],[124.2,40.3]]],[[[128.489,34.865],[128.586,34.932],[128.668,35.009],[128.722,35.014],[128.741,34.799],[128.647,34.737],[128.52,34.82],[128.489,34.865]]],[[[127.799,34.615],[127.788,34.584],[127.737,34.631],[127.787,34.682],[127.799,34.615]]],[[[126.7,34.396],[126.753,34.344],[126.77,34.296],[126.689,34.305],[126.646,34.351],[126.652,34.39],[126.7,34.396]]],[[[126.134,34.39],[126.109,34.399],[126.123,34.444],[126.227,34.533],[126.247,34.563],[126.344,34.545],[126.38,34.498],[126.335,34.426],[126.234,34.371],[126.17,34.355],[126.134,34.39]]],[[[126.169,34.83],[126.172,34.731],[126.159,34.707],[126.115,34.714],[126.071,34.783],[126.052,34.838],[126.008,34.867],[126.078,34.915],[126.169,34.83]]],[[[124.89,39.602],[124.935,39.608],[124.905,39.536],[124.849,39.508],[124.846,39.559],[124.89,39.602]]],[[[124.755,37.97],[124.754,37.955],[124.74,37.947],[124.717,37.933],[124.697,37.92],[124.656,37.925],[124.625,37.945],[124.636,37.981],[124.661,37.973],[124.717,37.989],[124.745,37.981],[124.755,37.97]]]]}},{"type":"Feature","properties":{"name":"Arakan (Indian princely state)","name_zh":"","focus":false,"label":[94.16,19.79],"area":6.5,"color":"#7272a8"},"geometry":{"type":"MultiPolygon","coordinates":[[[[92.25,22.725],[92.3,22.725],[92.7,22.9],[92.875,22.9],[92.975,22.825],[93.0,22.675],[93.1,22.55],[93.15,22.375],[93.425,22.425],[93.475,22.325],[93.45,22.1],[93.6,21.625],[93.75,21.5],[93.75,21.35],[93.85,21.15],[93.775,21.075],[93.775,20.85],[93.875,20.725],[93.925,20.575],[94.025,20.525],[94.075,20.375],[94.2,20.275],[94.35,19.9],[94.45,19.75],[94.475,19.625],[94.6,19.5],[94.6,19.3],[94.725,19.075],[94.8,18.775],[94.875,18.675],[95.0,18.625],[95.175,18.35],[95.375,18.225],[95.425,18.075],[95.45,17.8],[95.275,17.725],[94.975,17.375],[94.875,17.225],[94.575,17.275],[94.451,17.201],[94.464,17.264],[94.465,17.642],[94.42,18.14],[94.296,18.452],[94.266,18.507],[94.262,18.537],[94.204,18.682],[94.171,18.732],[94.183,18.734],[94.155,18.804],[94.091,18.849],[94.085,18.862],[94.1,18.95],[94.063,18.95],[94.049,19.068],[93.981,19.17],[93.941,19.146],[93.968,18.995],[93.961,18.958],[93.929,18.9],[93.8,18.961],[93.705,19.027],[93.703,19.031],[93.457,19.174],[93.589,19.205],[93.493,19.369],[93.531,19.398],[93.579,19.401],[93.728,19.267],[93.785,19.25],[93.814,19.257],[93.801,19.305],[93.756,19.326],[93.732,19.416],[93.662,19.459],[93.644,19.495],[93.688,19.544],[93.715,19.558],[93.737,19.542],[93.723,19.594],[93.5,19.841],[93.513,19.755],[93.445,19.806],[93.42,19.878],[93.414,19.936],[93.334,20.025],[93.167,20.005],[93.199,19.898],[93.191,19.851],[93.129,19.858],[93.04,20.009],[92.894,20.113],[92.9,20.175],[92.882,20.152],[92.828,20.178],[92.791,20.211],[92.844,20.283],[92.872,20.302],[92.891,20.34],[92.854,20.41],[92.827,20.424],[92.73,20.412],[92.723,20.296],[92.639,20.422],[92.403,20.613],[92.176,20.886],[92.123,20.996],[91.946,21.362],[91.919,21.506],[91.889,21.503],[91.859,21.533],[91.873,21.574],[91.857,21.709],[91.881,21.715],[91.863,21.809],[91.838,21.75],[91.82,21.81],[91.835,21.885],[91.844,21.91],[91.776,22.068],[91.975,22.15],[92.1,22.275],[92.175,22.6],[92.25,22.725]]],[[[93.01,19.924],[93.023,19.829],[92.975,19.868],[92.913,20.0],[92.915,20.086],[92.96,20.046],[93.01,19.924]]]]}},{"type":"Feature","properties":{"name":"Kandy","name_zh":"","focus":false,"label":[80.64,7.66],"area":2.1,"color":"#6f9460"},"geometry":{"type":"Polygon","coordinates":[[[81.219,8.608],[81.216,8.549],[81.227,8.506],[81.275,8.484],[81.334,8.472],[81.373,8.431],[81.422,8.215],[81.422,8.148],[81.436,8.119],[81.517,8.0],[81.419,8.0],[81.147,8.0],[81.165,7.584],[81.396,7.276],[81.345,6.607],[81.056,6.473],[80.786,6.574],[80.078,7.744],[80.048,8.0],[79.9,8.0],[79.95,8.125],[80.1,8.3],[80.35,8.35],[80.575,8.6],[80.675,8.675],[80.725,8.675],[81.157,8.723],[81.198,8.662],[81.219,8.608]]]}},{"type":"Feature","properties":{"name":"Tibet","name_zh":"西藏","focus":false,"label":[90.99,32.65],"area":194.9,"color":"#a3727a"},"geometry":{"type":"Polygon","coordinates":[[[79.5,35.8],[79.775,35.7],[79.925,35.6],[80.35,35.6],[80.375,35.725],[80.525,35.775],[80.6,35.925],[81.125,35.925],[81.3,35.85],[81.425,35.75],[81.625,35.75],[81.725,35.65],[81.975,35.65],[82.05,35.6],[82.25,35.6],[82.45,35.8],[82.575,35.85],[82.65,35.95],[82.9,35.975],[83.075,36.1],[83.475,36.125],[83.55,36.175],[83.825,36.15],[84.025,36.225],[84.05,36.3],[84.55,36.325],[84.65,36.4],[84.875,36.425],[85.05,36.65],[85.625,36.65],[85.8,36.725],[85.925,36.95],[86.1,36.975],[86.25,36.925],[86.475,36.925],[86.575,36.85],[87.15,36.85],[87.325,36.9],[87.4,36.975],[87.45,37.15],[87.7,37.325],[87.825,37.35],[87.875,37.425],[88.075,37.475],[88.1,37.525],[88.325,37.55],[88.5,37.5],[88.55,37.575],[88.7,37.625],[88.925,37.85],[89.05,37.85],[89.275,37.775],[89.525,37.775],[89.7,37.7],[89.775,37.6],[90.0,37.525],[90.225,37.5],[90.625,37.5],[90.95,37.25],[91.2,37.25],[91.4,37.15],[91.45,37.025],[91.9,36.85],[92.125,36.85],[92.175,36.975],[92.45,37.075],[92.975,37.625],[93.175,37.8],[93.2,37.925],[93.3,38.075],[93.375,38.35],[93.425,38.375],[93.425,38.775],[93.45,38.775],[93.45,39.15],[93.7,39.15],[93.675,38.85],[93.875,38.65],[94.05,38.65],[94.325,38.6],[94.475,38.675],[94.7,38.675],[94.85,38.55],[95.2,38.5],[95.2,38.475],[95.525,38.475],[95.55,38.375],[96.075,38.375],[96.35,38.225],[96.525,38.2],[96.55,38.25],[96.85,38.3],[97.25,38.3],[97.325,38.425],[97.525,38.4],[97.65,38.475],[97.775,38.475],[97.9,38.4],[98.025,38.4],[98.15,38.575],[98.475,38.575],[98.65,38.5],[98.925,38.45],[98.975,38.375],[99.225,38.225],[99.45,38.225],[99.475,38.1],[99.65,37.975],[99.7,37.875],[100.075,37.9],[100.175,37.8],[100.625,37.825],[100.725,37.75],[100.9,37.75],[100.95,37.575],[100.95,36.65],[101.1,36.425],[101.3,36.35],[101.6,36.3],[101.65,36.15],[101.6,36.075],[101.675,36.025],[101.775,35.775],[101.55,35.5],[101.575,35.175],[101.675,35.1],[101.725,34.975],[101.9,34.925],[101.925,34.675],[101.85,34.625],[101.775,34.4],[101.875,34.325],[101.925,34.125],[101.875,34.05],[102.0,33.975],[102.125,33.975],[102.3,33.775],[102.3,33.65],[102.45,33.55],[102.45,33.45],[102.25,33.4],[102.3,33.2],[102.4,33.1],[102.45,32.95],[102.85,32.95],[102.95,32.85],[102.825,32.55],[102.7,32.425],[102.7,32.35],[102.575,32.25],[102.55,32.15],[102.45,32.1],[102.525,32.0],[102.625,31.725],[102.55,31.575],[102.475,31.6],[102.275,31.4],[102.275,31.2],[102.075,31.175],[101.975,31.1],[101.925,31.25],[101.75,31.275],[101.75,31.075],[101.6,30.975],[101.675,30.85],[101.675,30.6],[101.725,30.525],[101.7,30.375],[101.7,29.95],[101.75,29.75],[101.525,29.5],[101.525,29.375],[101.375,29.275],[101.25,29.25],[101.1,29.35],[100.975,29.3],[100.85,29.325],[100.675,29.25],[100.475,29.325],[100.425,29.2],[100.5,29.125],[100.475,28.95],[100.175,28.8],[100.075,28.575],[100.0,28.55],[99.925,28.4],[99.925,28.1],[99.825,27.725],[99.675,27.7],[99.625,27.75],[99.55,28.125],[99.475,28.2],[99.275,28.175],[99.175,28.25],[99.025,28.275],[99.0,27.975],[98.8,28.025],[98.575,28.075],[98.425,28.2],[98.3,28.375],[98.075,28.425],[97.95,28.575],[97.9,28.7],[97.825,28.625],[97.475,28.525],[97.35,28.25],[97.275,28.225],[97.25,28.075],[97.15,28.05],[97.075,28.15],[96.925,28.15],[96.85,28.275],[96.85,28.45],[96.775,28.525],[96.5,28.675],[96.5,28.75],[96.325,28.925],[95.925,28.9],[95.875,29.05],[95.725,29.175],[95.7,29.1],[95.55,29.075],[95.35,28.925],[95.425,28.775],[95.425,28.4],[95.3,28.275],[95.225,28.075],[95.2,27.725],[95.05,27.6],[94.875,27.55],[94.675,27.375],[94.55,27.1],[94.425,27.0],[94.225,26.925],[93.975,26.925],[93.85,26.775],[93.575,26.75],[93.425,26.775],[93.4,26.725],[93.25,26.75],[93.15,26.65],[92.7,26.625],[92.6,26.525],[92.35,26.55],[92.0,26.4],[91.825,26.5],[91.8,26.5],[91.8,26.775],[91.75,26.85],[91.825,27.25],[92.0,27.3],[92.0,27.475],[92.2,27.65],[92.25,27.775],[92.25,27.975],[92.1,28.2],[91.9,28.225],[91.85,28.325],[91.7,28.3],[91.65,28.425],[91.425,28.575],[90.9,28.575],[90.825,28.525],[90.65,28.525],[90.375,28.25],[90.125,28.325],[90.0,28.225],[89.775,28.275],[89.75,28.35],[89.5,28.3],[89.375,28.125],[89.25,28.125],[88.95,27.975],[88.775,28.025],[88.7,28.1],[88.55,28.1],[88.3,28.0],[88.15,27.9],[88.025,27.9],[87.775,27.95],[87.6,28.1],[87.575,28.2],[87.45,28.2],[87.35,28.3],[87.1,28.3],[87.025,28.175],[86.925,28.125],[86.775,28.15],[86.475,28.35],[86.325,28.35],[86.225,28.475],[85.875,28.5],[85.725,28.475],[85.65,28.575],[85.425,28.725],[85.325,28.975],[85.0,28.95],[84.725,29.0],[84.525,28.95],[84.45,29.45],[84.375,29.525],[84.05,29.575],[83.95,29.7],[83.85,29.7],[83.7,29.45],[83.7,29.35],[83.5,29.225],[83.45,29.375],[83.25,29.6],[82.9,29.75],[82.725,29.925],[82.675,30.075],[82.525,30.125],[82.5,30.25],[82.225,30.35],[82.225,30.475],[82.075,30.55],[81.8,30.55],[81.675,30.65],[81.4,30.65],[81.375,30.75],[81.25,30.85],[81.1,30.85],[80.725,30.675],[80.675,30.6],[80.525,30.675],[80.4,30.675],[80.375,30.875],[80.3,30.925],[80.25,31.1],[79.9,31.1],[79.6,31.075],[79.4,31.15],[79.325,31.35],[79.2,31.45],[79.15,31.925],[79.025,32.05],[79.075,32.3],[79.175,32.4],[79.125,32.675],[79.075,32.75],[79.025,33.075],[79.125,33.175],[79.075,33.325],[79.225,33.5],[79.175,33.65],[79.275,33.85],[79.425,34.0],[79.425,34.15],[79.575,34.3],[79.575,34.475],[79.45,34.7],[79.35,34.775],[79.275,35.05],[79.15,35.175],[79.0,35.25],[78.95,35.5],[78.825,35.675],[79.025,35.65],[79.2,35.775],[79.475,35.85],[79.5,35.8]]]}},{"type":"Feature","properties":{"name":"Safavid Empire","name_zh":"","focus":false,"label":[63.81,32.93],"area":90.2,"color":"#a3727a"},"geometry":{"type":"Polygon","coordinates":[[[65.768,25.309],[64.424,25.173],[64.238,25.21],[64.059,25.401],[63.65,25.336],[63.403,25.164],[62.449,25.162],[61.813,25.053],[61.343,25.026],[60.858,25.095],[60.479,25.298],[60.0,25.322],[60.0,38.888],[61.228,39.83],[66.335,36.307],[65.473,35.014],[67.054,35.588],[67.772,33.433],[67.485,32.427],[67.629,31.133],[66.767,30.415],[66.928,28.111],[66.3,25.494],[65.768,25.309]]]}},{"type":"Feature","properties":{"name":"Dzungar Khanate","name_zh":"准噶尔汗国","focus":false,"label":[93.08,44.57],"area":337.1,"color":"#6f9460"},"geometry":{"type":"MultiPolygon","coordinates":[[[[70.525,37.425],[70.6,37.575],[70.7,37.575],[70.675,37.85],[70.75,37.85],[70.8,38.025],[70.7,38.15],[70.575,38.175],[70.525,38.475],[70.65,38.55],[70.65,38.725],[70.575,38.825],[70.45,38.8],[70.375,38.7],[70.15,38.725],[70.0,38.85],[70.0,39.032],[69.816,41.21],[70.0,41.257],[70.0,41.258],[70.0,41.325],[70.15,41.25],[70.275,41.25],[70.4,41.325],[70.5,41.475],[70.75,41.45],[70.8,41.575],[70.95,41.65],[70.95,41.8],[71.05,41.9],[71.05,42.075],[71.475,42.075],[71.55,41.975],[71.675,42.05],[72.15,42.075],[72.2,42.05],[72.3,42.175],[72.4,42.2],[72.975,42.225],[73.15,42.2],[73.3,42.25],[73.35,42.325],[73.5,42.3],[73.65,42.125],[73.725,42.125],[73.9,42.3],[74.25,42.325],[74.35,42.225],[74.425,42.35],[74.9,42.325],[74.925,42.225],[75.025,42.175],[75.1,41.85],[75.425,41.85],[75.625,41.775],[75.85,41.775],[75.95,41.825],[76.2,41.825],[76.25,41.75],[76.5,41.85],[76.8,41.85],[76.95,41.775],[76.975,41.675],[77.1,41.55],[77.375,41.575],[77.85,41.85],[78.3,41.85],[78.5,42.075],[78.65,42.075],[78.825,42.275],[79.05,42.375],[79.2,42.4],[79.55,42.375],[79.575,42.425],[79.575,42.775],[79.625,42.875],[79.575,43.15],[79.75,43.225],[79.725,43.625],[79.8,43.85],[80.1,43.825],[80.125,43.9],[80.125,44.4],[80.2,44.55],[80.15,44.8],[80.35,44.8],[80.625,44.725],[80.925,44.7],[81.0,44.575],[81.225,44.55],[81.25,44.5],[81.5,44.5],[81.675,44.425],[81.875,44.25],[82.1,44.25],[82.25,44.2],[82.25,44.375],[82.725,44.875],[82.875,45.0],[82.95,45.175],[82.95,45.5],[82.975,45.55],[83.475,45.55],[83.625,45.6],[83.8,45.725],[84.025,45.8],[84.175,45.9],[84.2,46.425],[84.325,46.5],[84.525,46.55],[84.55,46.65],[84.725,46.85],[84.9,46.85],[85.05,46.975],[85.075,47.1],[84.75,47.1],[84.65,47.25],[84.35,47.425],[84.25,47.425],[84.325,47.75],[84.325,48.125],[84.375,48.175],[84.375,48.475],[84.5,48.6],[84.7,48.6],[84.775,48.675],[85.075,48.725],[85.375,48.825],[85.375,48.875],[85.4,48.875],[85.425,48.925],[85.75,48.925],[86.05,48.95],[86.225,49.05],[86.45,49.1],[86.75,49.1],[86.825,49.15],[87.275,49.175],[87.375,49.275],[87.65,49.25],[87.85,49.175],[87.875,49.375],[88.025,49.425],[88.075,49.725],[87.85,49.775],[87.825,49.85],[87.95,49.975],[88.25,50.1],[88.3,50.225],[88.4,50.175],[88.775,50.175],[88.875,50.25],[89.025,50.25],[89.075,50.4],[88.95,50.475],[88.975,50.725],[89.075,50.725],[89.1,50.875],[89.2,51.0],[89.225,50.95],[89.525,50.95],[89.775,51.025],[89.925,51.225],[90.05,51.25],[90.05,51.475],[90.225,51.7],[90.45,51.7],[90.475,51.625],[90.725,51.625],[90.95,51.775],[90.95,51.875],[91.075,51.95],[91.3,51.95],[91.55,52.15],[91.7,52.175],[91.8,52.25],[91.9,52.225],[92.375,52.225],[92.525,52.175],[92.725,52.325],[92.85,52.475],[92.95,52.525],[93.375,52.65],[93.575,52.65],[93.625,52.725],[93.85,52.725],[93.925,52.65],[94.15,52.675],[94.25,52.6],[94.425,52.6],[94.5,52.8],[94.925,52.825],[95.025,52.775],[95.1,53.025],[95.175,53.125],[95.175,53.3],[95.225,53.4],[95.5,53.35],[95.525,53.425],[95.7,53.5],[95.925,53.5],[96.075,53.625],[96.225,53.625],[96.325,53.7],[96.575,53.7],[96.725,53.65],[96.8,53.75],[97.0,53.75],[97.075,53.675],[97.2,53.675],[97.375,53.6],[97.5,53.475],[97.25,53.225],[97.2,53.075],[97.25,53.0],[97.225,52.7],[97.325,52.625],[97.35,52.45],[97.65,52.475],[97.975,52.3],[98.475,52.325],[98.525,52.25],[98.65,52.3],[98.9,52.275],[99.3,52.275],[99.425,52.225],[99.525,52.3],[99.925,52.375],[100.125,52.275],[100.1,52.175],[100.25,52.025],[100.225,51.8],[100.225,51.675],[100.375,51.55],[100.4,51.475],[100.4,50.825],[100.45,50.775],[100.475,50.55],[100.525,50.5],[100.45,50.275],[100.25,50.15],[100.225,49.9],[100.175,49.875],[100.15,49.65],[100.0,49.425],[99.925,49.425],[99.875,49.075],[99.975,49.075],[99.975,48.9],[99.9,48.825],[99.75,48.8],[99.5,48.7],[99.6,48.325],[99.475,48.25],[99.175,48.225],[99.1,48.25],[98.975,48.15],[98.875,48.15],[98.725,48.0],[98.7,47.875],[98.825,47.75],[98.775,47.6],[98.875,47.525],[99.375,47.5],[99.625,47.55],[99.85,47.375],[99.85,47.25],[99.925,47.075],[100.325,47.125],[100.375,46.925],[100.65,46.8],[100.65,46.7],[101.1,46.675],[101.175,46.5],[101.375,46.475],[101.45,46.325],[101.7,46.35],[101.75,46.3],[102.0,46.3],[102.1,46.2],[102.25,46.2],[102.425,46.05],[102.55,46.05],[103.05,45.9],[103.225,45.75],[103.325,45.6],[103.425,45.575],[103.675,45.325],[103.775,45.275],[103.775,45.175],[103.925,45.125],[103.95,44.875],[104.125,44.45],[104.2,44.2],[104.25,44.15],[104.275,43.95],[104.35,43.875],[104.625,43.825],[104.575,43.65],[104.45,43.55],[104.325,43.375],[103.925,43.475],[103.8,43.225],[103.85,43.2],[103.825,43.0],[103.825,42.675],[103.9,42.525],[104.05,42.4],[104.225,42.375],[104.2,42.225],[104.2,41.8],[104.325,41.475],[104.4,41.35],[104.425,40.85],[104.3,40.825],[104.125,40.65],[104.075,40.5],[103.775,40.35],[103.65,40.35],[103.525,40.075],[103.35,40.0],[103.025,39.95],[102.975,40.0],[102.525,40.0],[102.225,39.85],[102.025,39.875],[101.65,39.875],[101.45,39.825],[101.15,39.95],[100.8,39.975],[100.7,40.05],[100.45,40.05],[100.275,39.95],[99.925,39.975],[99.85,39.825],[99.75,39.8],[99.675,39.525],[99.5,39.15],[99.5,38.95],[99.425,38.85],[99.325,38.9],[98.825,38.85],[98.825,38.725],[98.925,38.55],[98.925,38.45],[98.65,38.5],[98.475,38.575],[98.15,38.575],[98.025,38.4],[97.9,38.4],[97.775,38.475],[97.65,38.475],[97.525,38.4],[97.325,38.425],[97.25,38.3],[96.85,38.3],[96.55,38.25],[96.525,38.2],[96.35,38.225],[96.075,38.375],[95.55,38.375],[95.525,38.475],[95.2,38.475],[95.2,38.5],[94.85,38.55],[94.7,38.675],[94.475,38.675],[94.325,38.6],[94.05,38.65],[93.875,38.65],[93.675,38.85],[93.7,39.15],[93.45,39.15],[93.45,38.775],[93.425,38.775],[93.425,38.375],[93.375,38.35],[93.3,38.075],[93.2,37.925],[93.175,37.8],[92.975,37.625],[92.45,37.075],[92.175,36.975],[92.125,36.85],[91.9,36.85],[91.45,37.025],[91.4,37.15],[91.2,37.25],[90.95,37.25],[90.625,37.5],[90.225,37.5],[90.0,37.525],[89.775,37.6],[89.7,37.7],[89.525,37.775],[89.275,37.775],[89.05,37.85],[88.925,37.85],[88.7,37.625],[88.55,37.575],[88.5,37.5],[88.325,37.55],[88.1,37.525],[88.075,37.475],[87.875,37.425],[87.825,37.35],[87.7,37.325],[87.45,37.15],[87.4,36.975],[87.325,36.9],[87.15,36.85],[86.575,36.85],[86.475,36.925],[86.25,36.925],[86.1,36.975],[85.925,36.95],[85.8,36.725],[85.625,36.65],[85.05,36.65],[84.875,36.425],[84.65,36.4],[84.55,36.325],[84.05,36.3],[84.025,36.225],[83.825,36.15],[83.55,36.175],[83.475,36.125],[83.075,36.1],[82.9,35.975],[82.65,35.95],[82.575,35.85],[82.45,35.8],[82.25,35.6],[82.05,35.6],[81.975,35.65],[81.725,35.65],[81.625,35.75],[81.425,35.75],[81.3,35.85],[81.125,35.925],[80.6,35.925],[80.525,35.775],[80.375,35.725],[80.35,35.6],[79.925,35.6],[79.775,35.7],[79.5,35.8],[79.475,35.85],[79.2,35.775],[79.025,35.65],[78.825,35.675],[78.7,35.8],[78.5,35.8],[78.325,35.9],[78.25,36.025],[78.1,36.05],[77.95,35.95],[77.55,35.975],[77.45,36.025],[77.4,35.95],[77.225,35.925],[77.075,36.025],[76.875,36.0],[76.65,36.175],[76.525,36.175],[76.375,36.275],[76.275,36.15],[76.0,36.275],[75.975,36.45],[75.875,36.475],[75.75,36.65],[75.75,36.75],[75.475,36.75],[75.45,36.875],[75.225,37.1],[75.175,37.275],[75.05,37.35],[75.05,37.45],[74.9,37.55],[74.875,37.775],[74.725,37.775],[74.55,37.675],[74.5,37.85],[74.175,37.85],[74.125,37.8],[73.775,37.825],[73.75,37.925],[73.575,37.95],[73.6,37.7],[73.55,37.6],[73.25,37.5],[73.075,37.35],[72.85,37.375],[72.825,37.275],[72.7,37.175],[72.425,37.125],[72.4,37.025],[72.175,36.975],[72.15,36.725],[72.05,36.625],[71.875,36.55],[71.875,36.5],[71.625,36.525],[71.5,36.45],[71.425,36.3],[71.175,36.2],[71.05,36.0],[71.05,35.875],[70.9,35.7],[70.725,35.65],[70.5,35.775],[70.2,35.8],[70.0,35.775],[70.0,36.127],[69.497,35.876],[66.335,36.307],[69.231,37.367],[70.0,37.848],[70.0,37.125],[70.125,37.175],[70.325,37.425],[70.525,37.425]]],[[[62.662,39.22],[64.346,37.872],[64.404,37.639],[62.113,39.22],[62.662,39.22]]]]}},{"type":"Feature","properties":{"name":"Maratha","name_zh":"","focus":false,"label":[74.18,17.08],"area":6.3,"color":"#a07d5a"},"geometry":{"type":"Polygon","coordinates":[[[73.5,19.875],[73.625,19.925],[73.8,19.65],[73.8,19.5],[73.9,19.35],[74.0,19.35],[74.075,19.25],[74.2,19.2],[74.45,19.025],[74.55,19.025],[74.7,18.925],[74.725,18.775],[74.675,18.725],[74.675,18.5],[74.825,18.375],[74.875,18.2],[74.8,18.15],[74.65,17.775],[74.575,17.725],[74.7,17.525],[74.725,17.325],[74.825,17.25],[75.025,16.9],[75.0,16.65],[74.825,16.625],[74.8,16.55],[74.675,16.525],[74.675,16.425],[74.4,16.225],[74.3,15.95],[74.375,15.875],[74.375,15.725],[74.45,15.6],[74.45,15.375],[74.4,15.15],[74.2,14.85],[74.13,14.842],[74.089,14.902],[74.041,14.949],[73.949,15.075],[73.884,15.306],[73.801,15.397],[73.838,15.397],[73.728,15.662],[73.68,15.709],[73.608,15.871],[73.476,16.054],[73.454,16.152],[73.338,16.46],[73.239,17.199],[73.149,17.527],[73.156,17.622],[73.047,17.907],[72.994,18.098],[72.972,18.259],[72.943,18.366],[72.917,18.576],[72.875,18.643],[72.871,18.683],[72.899,18.779],[72.932,18.843],[72.906,19.026],[72.901,19.015],[72.835,18.976],[72.803,19.079],[72.803,19.219],[72.795,19.252],[72.812,19.299],[72.868,19.292],[72.863,19.331],[72.788,19.363],[72.764,19.413],[72.756,19.451],[72.799,19.52],[72.727,19.578],[72.707,19.7],[73.05,19.725],[73.275,19.8],[73.275,19.85],[73.5,19.875]]]}},{"type":"Feature","properties":{"name":"Mughal Empire","name_zh":"莫卧儿帝国","focus":false,"label":[79.22,24.72],"area":342.2,"color":"#b0805f"},"geometry":{"type":"MultiPolygon","coordinates":[[[[70.9,35.7],[71.05,35.875],[71.05,36.0],[71.175,36.2],[71.425,36.3],[71.5,36.45],[71.625,36.525],[71.875,36.5],[71.875,36.55],[72.05,36.625],[72.15,36.725],[72.175,36.975],[72.4,37.025],[72.425,37.125],[72.7,37.175],[72.825,37.275],[72.85,37.375],[73.075,37.35],[73.25,37.5],[73.55,37.6],[73.6,37.7],[73.575,37.95],[73.75,37.925],[73.775,37.825],[74.125,37.8],[74.175,37.85],[74.5,37.85],[74.55,37.675],[74.725,37.775],[74.875,37.775],[74.9,37.55],[75.05,37.45],[75.05,37.35],[75.175,37.275],[75.225,37.1],[75.45,36.875],[75.475,36.75],[75.75,36.75],[75.75,36.65],[75.875,36.475],[75.975,36.45],[76.0,36.275],[76.275,36.15],[76.375,36.275],[76.525,36.175],[76.65,36.175],[76.875,36.0],[77.075,36.025],[77.225,35.925],[77.4,35.95],[77.45,36.025],[77.55,35.975],[77.95,35.95],[78.1,36.05],[78.25,36.025],[78.325,35.9],[78.5,35.8],[78.7,35.8],[78.825,35.675],[78.95,35.5],[79.0,35.25],[79.15,35.175],[79.275,35.05],[79.35,34.775],[79.45,34.7],[79.575,34.475],[79.575,34.3],[79.425,34.15],[79.425,34.0],[79.275,33.85],[79.175,33.65],[79.225,33.5],[79.075,33.325],[79.125,33.175],[79.025,33.075],[79.075,32.75],[79.125,32.675],[79.175,32.4],[79.075,32.3],[79.025,32.05],[79.15,31.925],[79.2,31.45],[79.325,31.35],[79.4,31.15],[79.6,31.075],[79.9,31.1],[80.25,31.1],[80.3,30.925],[80.375,30.875],[80.4,30.675],[80.525,30.675],[80.675,30.6],[80.725,30.675],[81.1,30.85],[81.25,30.85],[81.375,30.75],[81.4,30.65],[81.675,30.65],[81.8,30.55],[82.075,30.55],[82.225,30.475],[82.225,30.35],[82.5,30.25],[82.525,30.125],[82.675,30.075],[82.725,29.925],[82.9,29.75],[83.25,29.6],[83.45,29.375],[83.5,29.225],[83.7,29.35],[83.7,29.45],[83.85,29.7],[83.95,29.7],[84.05,29.575],[84.375,29.525],[84.45,29.45],[84.525,28.95],[84.725,29.0],[85.0,28.95],[85.325,28.975],[85.425,28.725],[85.65,28.575],[85.725,28.475],[85.875,28.5],[86.225,28.475],[86.325,28.35],[86.475,28.35],[86.775,28.15],[86.925,28.125],[87.025,28.175],[87.1,28.3],[87.35,28.3],[87.45,28.2],[87.575,28.2],[87.6,28.1],[87.775,27.95],[88.025,27.9],[88.075,27.9],[88.1,27.575],[88.025,27.4],[88.025,27.05],[88.1,26.975],[88.3,26.975],[88.3,26.925],[88.475,26.875],[88.6,26.725],[88.8,26.55],[88.825,26.45],[89.125,26.475],[89.35,26.725],[89.45,26.775],[89.475,26.675],[89.675,26.475],[89.925,26.4],[90.05,26.275],[90.275,26.175],[90.45,26.225],[90.95,26.15],[91.025,26.2],[91.125,26.2],[91.125,26.075],[91.2,25.85],[91.2,25.6],[91.4,25.5],[91.55,25.5],[91.55,25.3],[91.475,25.2],[91.475,24.875],[91.5,24.875],[91.5,23.925],[91.6,23.75],[91.675,23.725],[91.8,23.575],[91.875,23.35],[91.95,23.3],[92.05,22.95],[92.175,22.725],[92.25,22.725],[92.175,22.6],[92.1,22.275],[91.975,22.15],[91.776,22.068],[91.571,22.543],[91.41,22.72],[91.081,22.561],[90.803,22.561],[90.868,22.485],[90.866,22.391],[90.83,22.16],[90.778,22.089],[90.604,22.054],[90.515,22.065],[90.68,22.327],[90.675,22.445],[90.649,22.541],[90.627,22.561],[90.513,22.56],[90.532,22.539],[90.596,22.436],[90.616,22.362],[90.589,22.258],[90.553,22.218],[90.494,22.179],[90.356,22.048],[90.288,21.899],[90.231,21.83],[90.159,21.817],[90.131,21.847],[90.071,21.887],[90.07,21.96],[90.088,22.017],[90.21,22.157],[90.143,22.138],[90.069,22.098],[90.0,22.053],[90.0,21.93],[89.869,22.133],[89.796,21.832],[89.67,21.719],[89.578,21.7],[89.485,21.884],[89.452,21.821],[89.354,21.721],[89.279,21.707],[89.275,21.708],[89.233,21.655],[89.072,21.774],[89.045,21.724],[89.052,21.654],[89.004,21.647],[88.994,21.629],[89.025,21.546],[88.723,21.539],[88.699,21.653],[88.695,21.662],[88.694,21.677],[88.656,21.857],[88.581,21.889],[88.567,21.832],[88.6,21.714],[88.585,21.66],[88.446,21.614],[88.414,21.639],[88.377,21.577],[88.299,21.551],[88.254,21.622],[88.122,21.636],[88.057,21.694],[88.099,21.794],[88.115,21.84],[88.053,21.938],[87.867,21.696],[87.64,21.563],[86.937,21.288],[86.854,21.198],[86.842,21.106],[86.896,20.966],[86.939,20.745],[86.975,20.7],[86.925,20.62],[86.836,20.534],[86.763,20.419],[86.769,20.356],[86.75,20.313],[86.634,20.248],[86.632,20.203],[86.304,19.949],[86.303,19.945],[86.279,19.919],[86.253,19.909],[86.119,19.806],[85.425,19.618],[85.226,19.508],[85.023,19.338],[84.262,18.455],[84.145,18.349],[84.104,18.293],[84.055,18.268],[83.987,18.207],[83.684,18.083],[83.381,17.71],[83.021,17.491],[82.977,17.462],[82.956,17.452],[82.353,17.085],[82.301,16.893],[82.307,16.879],[82.35,16.825],[82.36,16.783],[82.339,16.707],[82.327,16.664],[82.259,16.56],[82.142,16.485],[82.049,16.447],[81.788,16.328],[81.596,16.302],[81.369,16.346],[81.253,16.225],[81.087,15.826],[80.963,15.723],[80.854,15.778],[80.826,15.766],[80.812,15.799],[80.735,15.837],[80.459,15.773],[80.3,15.645],[80.089,15.175],[80.116,14.741],[80.165,14.578],[80.179,14.478],[80.17,14.349],[80.144,14.3],[80.161,14.015],[80.224,13.858],[80.244,13.773],[80.246,13.686],[80.307,13.485],[80.266,13.521],[80.233,13.606],[80.156,13.714],[80.094,13.643],[80.215,13.476],[80.29,13.437],[80.342,13.361],[80.316,13.203],[80.313,13.104],[80.288,13.042],[80.229,12.69],[80.153,12.479],[79.65,12.525],[79.3,12.675],[78.975,12.65],[78.825,12.85],[78.6,12.85],[78.4,13.05],[78.225,13.1],[77.95,13.1],[77.85,13.025],[77.725,13.05],[77.25,13.05],[77.175,12.95],[77.025,12.95],[76.65,12.85],[76.575,12.775],[76.325,12.8],[75.8,12.775],[75.675,12.925],[75.575,13.15],[75.275,13.225],[75.3,13.025],[75.225,12.95],[74.95,12.8],[74.881,12.8],[74.868,12.845],[74.803,12.977],[74.771,13.077],[74.682,13.507],[74.682,13.584],[74.671,13.668],[74.608,13.85],[74.499,14.046],[74.467,14.169],[74.467,14.217],[74.397,14.407],[74.395,14.421],[74.241,14.691],[74.223,14.709],[74.13,14.842],[74.2,14.85],[74.4,15.15],[74.45,15.375],[74.45,15.6],[74.375,15.725],[74.375,15.875],[74.3,15.95],[74.4,16.225],[74.675,16.425],[74.675,16.525],[74.8,16.55],[74.825,16.625],[75.0,16.65],[75.025,16.9],[74.825,17.25],[74.725,17.325],[74.7,17.525],[74.575,17.725],[74.65,17.775],[74.8,18.15],[74.875,18.2],[74.825,18.375],[74.675,18.5],[74.675,18.725],[74.725,18.775],[74.7,18.925],[74.55,19.025],[74.45,19.025],[74.2,19.2],[74.075,19.25],[74.0,19.35],[73.9,19.35],[73.8,19.5],[73.8,19.65],[73.625,19.925],[73.5,19.875],[73.275,19.85],[73.275,19.8],[73.05,19.725],[72.707,19.7],[72.697,19.757],[72.676,19.798],[72.668,19.831],[72.709,20.078],[72.881,20.563],[72.894,20.673],[72.879,20.829],[72.841,20.952],[72.825,21.079],[72.789,21.122],[72.752,21.129],[72.692,21.178],[72.624,21.372],[72.687,21.436],[72.721,21.46],[72.72,21.467],[72.668,21.456],[72.613,21.462],[72.709,21.544],[72.687,21.692],[72.543,21.697],[72.592,21.878],[72.644,21.938],[72.677,21.958],[72.678,21.969],[72.617,21.962],[72.522,21.976],[72.547,22.123],[72.319,22.115],[72.25,22.038],[72.244,22.028],[72.236,22.023],[72.232,22.019],[72.127,21.828],[72.129,21.787],[72.171,21.774],[72.21,21.728],[72.257,21.661],[72.255,21.59],[72.288,21.549],[72.256,21.352],[72.12,21.155],[71.894,20.989],[71.024,20.657],[70.855,20.65],[70.467,20.777],[70.209,20.947],[70.0,21.144],[69.126,21.968],[68.894,22.285],[69.492,22.248],[69.968,22.351],[70.0,22.371],[70.0,22.545],[70.006,22.548],[70.084,22.554],[70.177,22.573],[70.328,22.816],[70.356,22.854],[70.045,22.777],[70.0,22.778],[69.664,22.789],[69.107,22.898],[68.79,23.028],[68.372,23.326],[68.072,23.675],[68.046,23.764],[67.692,23.814],[67.486,23.928],[67.315,24.092],[67.204,24.588],[67.153,24.651],[66.654,24.783],[66.7,25.114],[66.62,25.317],[66.432,25.488],[66.3,25.494],[66.928,28.111],[66.767,30.415],[67.629,31.133],[67.485,32.427],[67.772,33.433],[67.054,35.588],[65.473,35.014],[66.335,36.307],[69.497,35.876],[70.0,36.127],[70.0,35.775],[70.2,35.8],[70.5,35.775],[70.725,35.65],[70.9,35.7]]],[[[91.456,22.617],[91.484,22.577],[91.523,22.491],[91.548,22.425],[91.557,22.382],[91.51,22.353],[91.467,22.378],[91.411,22.476],[91.439,22.599],[91.456,22.617]]],[[[91.074,22.45],[91.079,22.52],[91.115,22.45],[91.074,22.45]]]]}},{"type":"Feature","properties":{"name":"Hindu kingdoms","name_zh":"","focus":false,"label":[77.83,10.95],"area":15.9,"color":"#9a8a4a"},"geometry":{"type":"Polygon","coordinates":[[[75.275,13.225],[75.575,13.15],[75.675,12.925],[75.8,12.775],[76.325,12.8],[76.575,12.775],[76.65,12.85],[77.025,12.95],[77.175,12.95],[77.25,13.05],[77.725,13.05],[77.85,13.025],[77.95,13.1],[78.225,13.1],[78.4,13.05],[78.6,12.85],[78.825,12.85],[78.975,12.65],[79.3,12.675],[79.65,12.525],[80.153,12.479],[80.143,12.452],[80.038,12.296],[79.982,12.235],[79.921,12.114],[79.822,11.864],[79.771,11.69],[79.754,11.575],[79.793,11.447],[79.749,11.371],[79.739,11.36],[79.742,11.325],[79.799,11.339],[79.835,11.269],[79.849,11.197],[79.85,10.769],[79.838,10.323],[79.812,10.317],[79.789,10.25],[79.313,10.255],[79.254,10.175],[79.258,10.035],[79.089,9.808],[79.072,9.759],[78.927,9.493],[78.926,9.491],[78.937,9.435],[79.116,9.308],[79.18,9.298],[79.175,9.275],[79.175,9.258],[79.112,9.261],[78.313,8.995],[78.181,8.811],[78.135,8.499],[78.064,8.385],[78.026,8.361],[77.77,8.19],[77.72,8.173],[77.484,8.028],[77.341,8.053],[77.128,8.271],[77.066,8.316],[76.967,8.407],[76.845,8.561],[76.703,8.706],[76.676,8.773],[76.617,8.847],[76.553,8.903],[76.483,9.091],[76.472,9.161],[76.452,9.189],[76.419,9.208],[76.403,9.237],[76.325,9.452],[76.292,9.676],[76.242,9.927],[76.285,9.91],[76.343,9.827],[76.372,9.707],[76.376,9.54],[76.42,9.52],[76.438,9.528],[76.385,9.747],[76.3,9.968],[76.249,10.018],[76.223,10.024],[76.196,10.086],[76.193,10.164],[76.201,10.201],[76.123,10.327],[76.096,10.402],[75.923,10.784],[75.866,10.981],[75.651,11.423],[75.292,11.976],[75.23,12.023],[75.197,12.058],[74.946,12.565],[74.881,12.8],[74.95,12.8],[75.225,12.95],[75.3,13.025],[75.275,13.225]]]}},{"type":"Feature","properties":{"name":"Đại Việt","name_zh":"大越","focus":false,"label":[105.11,20.81],"area":23.8,"color":"#9a8a4a"},"geometry":{"type":"MultiPolygon","coordinates":[[[[107.625,13.775],[107.725,13.875],[107.925,13.9],[107.9,14.075],[107.775,14.125],[107.725,14.3],[107.75,14.625],[107.875,14.875],[107.875,15.025],[107.775,15.2],[107.675,15.2],[107.575,15.45],[107.425,15.525],[107.275,15.525],[107.225,15.625],[107.225,15.8],[107.3,15.9],[107.55,15.9],[107.6,15.975],[107.725,15.975],[107.925,16.175],[108.025,16.2],[108.05,16.3],[108.082,16.252],[108.095,16.251],[108.156,16.177],[108.17,16.164],[108.175,16.154],[108.223,16.095],[108.241,16.101],[108.267,16.09],[108.274,16.029],[108.286,15.989],[108.395,15.872],[108.447,15.763],[108.578,15.585],[108.674,15.484],[108.743,15.427],[108.821,15.378],[108.898,15.181],[108.94,15.001],[109.022,14.803],[109.085,14.716],[109.087,14.553],[109.137,14.384],[109.191,14.27],[109.207,14.154],[109.224,14.097],[109.245,14.053],[109.303,13.856],[109.288,13.765],[109.247,13.855],[109.252,13.591],[109.288,13.451],[109.272,13.279],[109.31,13.219],[109.377,13.025],[109.424,12.956],[109.42,12.719],[109.445,12.6],[109.381,12.671],[109.336,12.752],[109.274,12.709],[109.219,12.646],[109.305,12.391],[109.207,12.415],[109.216,12.073],[109.256,11.993],[109.259,11.955],[109.247,11.909],[109.22,11.959],[109.215,12.01],[109.199,11.999],[109.2,11.972],[109.167,11.912],[109.158,11.837],[109.193,11.773],[109.199,11.725],[109.173,11.665],[109.133,11.601],[109.061,11.595],[109.061,11.59],[109.032,11.546],[109.018,11.468],[108.987,11.336],[108.877,11.323],[108.695,11.145],[108.439,11.059],[108.419,11.041],[108.272,10.934],[108.176,10.92],[108.095,10.897],[108.001,10.72],[107.845,10.7],[107.83,10.692],[107.672,10.526],[107.46,10.396],[107.425,10.475],[107.3,10.575],[107.25,10.8],[107.125,11.025],[107.125,11.25],[107.225,11.375],[107.225,11.65],[107.325,11.7],[107.45,11.875],[107.625,11.95],[107.7,12.2],[107.6,12.275],[107.7,12.45],[107.9,12.6],[107.9,12.725],[107.775,12.925],[107.675,12.925],[107.5,13.05],[107.475,13.05],[107.525,13.15],[107.525,13.475],[107.625,13.775]]],[[[102.175,22.6],[102.525,22.6],[102.575,22.7],[102.475,22.75],[102.525,22.95],[102.35,23.075],[102.375,23.125],[102.7,23.125],[102.9,23.025],[103.05,23.0],[103.075,23.1],[103.2,23.1],[103.375,23.0],[103.425,23.125],[103.55,23.1],[103.6,23.225],[103.7,23.3],[103.725,23.4],[103.95,23.35],[104.125,23.25],[104.2,23.15],[104.375,23.375],[104.375,23.55],[104.525,23.6],[104.65,23.775],[104.9,23.775],[105.2,23.65],[105.35,23.525],[105.6,23.525],[105.825,23.45],[106.0,23.3],[106.2,23.25],[106.225,23.0],[105.975,22.825],[106.25,22.7],[106.375,22.55],[106.525,22.45],[106.6,22.325],[106.6,22.175],[106.7,22.025],[106.85,22.025],[106.925,21.85],[107.025,21.825],[107.1,21.7],[107.575,21.675],[107.6,21.575],[107.725,21.475],[107.758,21.391],[107.518,21.246],[107.563,21.22],[107.603,21.217],[107.459,21.092],[107.438,21.092],[107.465,20.976],[107.374,20.88],[106.815,20.905],[106.855,20.858],[106.866,20.816],[106.854,20.796],[106.803,20.844],[106.776,20.86],[106.746,20.815],[106.771,20.638],[106.532,20.315],[106.518,20.289],[106.507,20.281],[106.38,20.11],[105.964,19.88],[105.935,19.837],[105.814,19.587],[105.812,19.467],[105.785,19.379],[105.791,19.294],[105.716,19.128],[105.639,19.057],[105.622,18.966],[105.732,18.779],[105.744,18.746],[105.808,18.646],[105.839,18.574],[105.888,18.502],[106.066,18.316],[106.145,18.259],[106.24,18.221],[106.412,18.053],[106.475,17.975],[106.15,17.95],[106.075,18.0],[105.775,17.975],[105.6,17.85],[105.425,18.1],[105.3,18.15],[105.1,18.325],[105.025,18.525],[104.85,18.65],[104.675,18.65],[104.6,18.825],[104.475,18.975],[104.3,19.1],[104.075,19.15],[104.05,19.5],[104.325,19.55],[104.4,19.725],[104.35,19.9],[104.175,19.9],[104.15,20.1],[103.95,20.3],[103.8,20.3],[103.55,20.45],[103.675,20.575],[103.675,20.7],[103.5,20.775],[103.45,20.85],[103.325,20.85],[103.2,21.0],[103.075,21.025],[102.95,21.2],[102.95,21.3],[102.85,21.4],[102.7,21.375],[102.625,21.45],[102.425,21.45],[102.375,21.4],[102.35,21.575],[102.2,21.7],[102.275,21.875],[102.25,22.1],[102.2,22.1],[102.175,22.325],[102.05,22.45],[102.175,22.6]],[[107.417,21.185],[107.424,21.154],[107.44,21.199],[107.417,21.185]]],[[[107.399,20.903],[107.479,20.952],[107.519,21.013],[107.551,21.034],[107.551,20.981],[107.521,20.927],[107.466,20.901],[107.399,20.903]]],[[[107.031,20.747],[106.99,20.743],[106.911,20.824],[106.953,20.867],[107.044,20.837],[107.064,20.817],[107.064,20.8],[107.042,20.761],[107.031,20.747]]]]}},{"type":"Feature","properties":{"name":"Cambodia","name_zh":"柬埔寨","focus":false,"label":[105.28,10.97],"area":15.1,"color":"#a3727a"},"geometry":{"type":"MultiPolygon","coordinates":[[[[103.525,12.5],[103.65,12.675],[103.75,12.725],[103.825,12.95],[104.075,13.175],[104.175,13.425],[104.175,13.525],[104.325,13.5],[104.425,13.575],[104.725,13.575],[104.925,13.675],[104.975,13.6],[105.175,13.6],[105.25,13.65],[105.975,13.65],[106.0,13.7],[106.025,13.6],[106.2,13.575],[106.25,13.5],[106.475,13.45],[107.0,13.45],[107.1,13.3],[107.375,13.3],[107.425,13.05],[107.5,13.05],[107.675,12.925],[107.775,12.925],[107.9,12.725],[107.9,12.6],[107.7,12.45],[107.6,12.275],[107.7,12.2],[107.625,11.95],[107.45,11.875],[107.325,11.7],[107.225,11.65],[107.225,11.375],[107.125,11.25],[107.125,11.025],[107.25,10.8],[107.3,10.575],[107.425,10.475],[107.46,10.396],[107.412,10.367],[107.265,10.347],[107.156,10.389],[107.084,10.337],[107.078,10.388],[107.116,10.405],[107.035,10.436],[106.971,10.485],[106.966,10.441],[106.947,10.4],[106.902,10.383],[106.813,10.433],[106.733,10.529],[106.708,10.458],[106.741,10.444],[106.778,10.376],[106.776,10.339],[106.757,10.296],[106.722,10.294],[106.734,10.19],[106.785,10.151],[106.785,10.116],[106.746,10.085],[106.748,10.067],[106.656,9.743],[106.571,9.65],[106.572,9.641],[106.539,9.604],[106.501,9.573],[106.482,9.552],[106.335,9.52],[106.229,9.551],[106.205,9.504],[106.206,9.502],[106.193,9.448],[106.168,9.397],[106.144,9.386],[106.118,9.335],[105.926,9.188],[105.503,9.029],[105.208,8.653],[105.025,8.519],[104.907,8.474],[104.742,8.493],[104.822,9.472],[104.84,9.53],[104.845,9.606],[104.903,9.816],[104.984,9.867],[104.978,9.98],[104.764,10.177],[104.722,10.19],[104.663,10.17],[104.613,10.208],[104.607,10.227],[104.427,10.284],[104.16,10.519],[104.003,10.537],[103.83,10.473],[103.606,10.473],[103.524,10.524],[103.558,10.58],[103.532,10.605],[103.54,10.669],[103.592,10.721],[103.661,10.75],[103.67,10.765],[103.652,10.88],[103.524,11.057],[103.447,11.045],[103.411,10.977],[103.354,10.922],[103.272,10.909],[103.204,10.912],[103.192,10.904],[103.039,10.897],[102.962,11.367],[102.759,11.832],[102.975,12.0],[103.275,12.025],[103.325,12.325],[103.525,12.5]]],[[[104.028,10.428],[104.064,10.391],[104.083,10.341],[104.076,10.225],[104.037,10.111],[104.048,10.061],[104.018,10.029],[103.952,10.243],[103.868,10.335],[103.85,10.371],[103.898,10.369],[103.986,10.427],[104.028,10.428]]],[[[103.223,10.782],[103.318,10.719],[103.281,10.68],[103.223,10.76],[103.223,10.782]]]]}},{"type":"Feature","properties":{"name":"Laotian states","name_zh":"南掌 (老挝)","focus":false,"label":[104.84,17.88],"area":21.1,"color":"#a3727a"},"geometry":{"type":"Polygon","coordinates":[[[101.275,19.1],[101.2,19.225],[101.2,19.35],[101.1,19.375],[101.025,19.6],[100.9,19.775],[100.6,19.825],[100.575,19.975],[100.575,20.15],[100.475,20.15],[100.35,20.375],[100.225,20.375],[100.125,20.275],[100.175,20.575],[100.35,20.825],[100.55,20.85],[100.575,21.025],[100.675,21.05],[100.725,21.275],[100.875,21.275],[101.15,21.525],[101.125,21.775],[101.175,21.775],[101.5,21.775],[101.6,21.85],[101.6,22.125],[101.775,22.1],[102.1,22.1],[102.25,22.1],[102.275,21.875],[102.2,21.7],[102.35,21.575],[102.375,21.4],[102.425,21.45],[102.625,21.45],[102.7,21.375],[102.85,21.4],[102.95,21.3],[102.95,21.2],[103.075,21.025],[103.2,21.0],[103.325,20.85],[103.45,20.85],[103.5,20.775],[103.675,20.7],[103.675,20.575],[103.55,20.45],[103.8,20.3],[103.95,20.3],[104.15,20.1],[104.175,19.9],[104.35,19.9],[104.4,19.725],[104.325,19.55],[104.05,19.5],[104.075,19.15],[104.3,19.1],[104.475,18.975],[104.6,18.825],[104.675,18.65],[104.85,18.65],[105.025,18.525],[105.1,18.325],[105.3,18.15],[105.425,18.1],[105.6,17.85],[105.775,17.975],[106.075,18.0],[106.15,17.95],[106.475,17.975],[106.499,17.946],[106.459,17.874],[106.479,17.72],[106.403,17.748],[106.406,17.726],[106.517,17.663],[106.736,17.367],[106.926,17.221],[107.12,17.056],[107.18,16.898],[107.355,16.794],[107.549,16.643],[107.541,16.609],[107.593,16.568],[107.724,16.488],[107.803,16.403],[107.834,16.322],[107.882,16.31],[107.936,16.329],[107.991,16.337],[108.029,16.331],[108.05,16.3],[108.025,16.2],[107.925,16.175],[107.725,15.975],[107.6,15.975],[107.55,15.9],[107.3,15.9],[107.225,15.8],[107.225,15.625],[107.275,15.525],[107.425,15.525],[107.575,15.45],[107.675,15.2],[107.775,15.2],[107.875,15.025],[107.875,14.875],[107.75,14.625],[107.725,14.3],[107.775,14.125],[107.9,14.075],[107.925,13.9],[107.725,13.875],[107.625,13.775],[107.525,13.475],[107.525,13.15],[107.475,13.05],[107.425,13.05],[107.375,13.3],[107.1,13.3],[107.0,13.45],[106.475,13.45],[106.25,13.5],[106.2,13.575],[106.025,13.6],[106.0,13.7],[105.95,13.975],[105.825,14.075],[105.825,14.25],[105.875,14.3],[105.875,14.65],[105.925,14.725],[105.85,15.075],[105.65,15.225],[105.65,15.3],[105.5,15.35],[105.6,15.45],[105.6,15.575],[105.4,15.65],[105.375,15.825],[105.2,15.825],[105.075,15.925],[105.0,16.275],[104.9,16.35],[104.85,16.475],[104.75,16.525],[104.75,16.9],[104.725,17.1],[104.8,17.2],[104.8,17.325],[104.725,17.525],[104.425,17.675],[104.375,17.825],[104.25,17.875],[104.225,18.025],[104.125,18.075],[104.025,18.3],[103.9,18.325],[103.8,18.55],[103.8,18.725],[103.625,18.725],[103.5,18.675],[103.475,18.45],[103.25,18.4],[103.25,18.275],[103.05,18.15],[103.05,18.0],[102.9,18.0],[102.775,17.9],[102.65,17.875],[102.575,17.975],[102.425,17.975],[102.1,18.2],[101.95,18.025],[101.775,18.025],[101.75,17.925],[101.575,17.85],[101.425,17.9],[101.4,18.225],[101.45,18.3],[101.35,18.325],[101.2,18.475],[101.25,18.625],[101.2,18.825],[101.275,18.925],[101.275,19.1]]]}},{"type":"Feature","properties":{"name":"Ayutthaya","name_zh":"暹罗","focus":false,"label":[102.2,15.26],"area":37.6,"color":"#a3727a"},"geometry":{"type":"MultiPolygon","coordinates":[[[[101.425,17.9],[101.575,17.85],[101.75,17.925],[101.775,18.025],[101.95,18.025],[102.1,18.2],[102.425,17.975],[102.575,17.975],[102.65,17.875],[102.775,17.9],[102.9,18.0],[103.05,18.0],[103.05,18.15],[103.25,18.275],[103.25,18.4],[103.475,18.45],[103.5,18.675],[103.625,18.725],[103.8,18.725],[103.8,18.55],[103.9,18.325],[104.025,18.3],[104.125,18.075],[104.225,18.025],[104.25,17.875],[104.375,17.825],[104.425,17.675],[104.725,17.525],[104.8,17.325],[104.8,17.2],[104.725,17.1],[104.75,16.9],[104.75,16.525],[104.85,16.475],[104.9,16.35],[105.0,16.275],[105.075,15.925],[105.2,15.825],[105.375,15.825],[105.4,15.65],[105.6,15.575],[105.6,15.45],[105.5,15.35],[105.65,15.3],[105.65,15.225],[105.85,15.075],[105.925,14.725],[105.875,14.65],[105.875,14.3],[105.825,14.25],[105.825,14.075],[105.95,13.975],[106.0,13.7],[105.975,13.65],[105.25,13.65],[105.175,13.6],[104.975,13.6],[104.925,13.675],[104.725,13.575],[104.425,13.575],[104.325,13.5],[104.175,13.525],[104.175,13.425],[104.075,13.175],[103.825,12.95],[103.75,12.725],[103.65,12.675],[103.525,12.5],[103.325,12.325],[103.275,12.025],[102.975,12.0],[102.759,11.832],[102.67,12.037],[102.554,12.128],[102.54,12.109],[102.463,12.16],[102.323,12.186],[101.934,12.569],[101.894,12.59],[101.599,12.658],[101.543,12.644],[101.329,12.558],[101.055,12.66],[100.954,12.621],[100.898,12.654],[100.884,12.677],[100.871,12.678],[100.873,12.697],[100.863,12.715],[100.883,12.777],[100.9,12.908],[100.904,13.035],[100.924,13.109],[100.939,13.228],[100.926,13.303],[100.947,13.358],[100.95,13.374],[100.908,13.447],[100.477,13.508],[100.236,13.484],[100.19,13.466],[100.105,13.426],[100.017,13.353],[99.991,13.243],[100.051,13.171],[100.09,13.046],[99.982,12.771],[99.964,12.69],[100.006,12.355],[99.989,12.171],[99.979,12.15],[99.75,12.15],[99.625,12.2],[99.575,12.375],[99.45,12.5],[99.375,12.825],[99.25,12.975],[99.25,13.175],[99.175,13.3],[99.15,13.55],[98.95,13.55],[98.875,13.625],[98.875,13.825],[98.7,14.05],[98.75,14.225],[98.625,14.375],[98.625,14.45],[98.475,14.575],[98.575,14.9],[98.8,15.075],[98.725,15.325],[98.825,15.425],[98.875,15.725],[98.8,15.95],[98.825,15.95],[98.975,16.1],[98.875,16.575],[98.95,16.675],[99.1,16.75],[99.225,16.75],[99.375,16.625],[99.45,16.625],[99.55,16.425],[99.75,16.425],[99.875,16.475],[99.95,16.575],[100.075,16.6],[100.225,16.7],[100.225,16.925],[100.1,17.225],[100.2,17.3],[100.575,17.325],[100.625,17.425],[100.725,17.45],[100.8,17.55],[100.925,17.525],[101.025,17.675],[101.075,17.925],[101.175,18.0],[101.15,18.3],[101.2,18.475],[101.35,18.325],[101.45,18.3],[101.4,18.225],[101.425,17.9]]],[[[98.8,10.5],[98.925,10.75],[99.05,10.8],[99.1,10.9],[99.275,10.9],[99.452,10.834],[99.285,10.569],[99.237,10.388],[99.165,10.32],[99.19,10.266],[99.195,10.175],[99.169,9.934],[99.161,9.734],[99.191,9.627],[99.288,9.415],[99.265,9.353],[99.254,9.265],[99.335,9.225],[99.394,9.214],[99.724,9.314],[99.836,9.288],[99.878,9.195],[99.905,9.113],[99.961,8.671],[99.99,8.589],[100.056,8.511],[100.06,8.507],[100.131,8.532],[100.154,8.444],[100.159,8.474],[100.163,8.508],[100.229,8.425],[100.279,8.269],[100.336,8.0],[100.271,8.0],[100.301,7.886],[100.344,7.44],[100.539,7.048],[100.614,6.978],[100.975,6.852],[101.217,6.802],[101.427,6.828],[101.559,6.739],[101.679,6.464],[102.073,6.154],[102.034,6.002],[101.812,5.845],[101.762,5.586],[101.472,5.546],[101.45,5.761],[101.311,5.834],[101.076,5.531],[100.984,5.568],[100.931,5.676],[101.027,5.855],[100.984,6.051],[100.866,6.159],[100.665,6.212],[100.617,6.422],[100.36,6.416],[100.158,6.34],[100.221,6.52],[100.154,6.603],[99.969,6.507],[99.833,6.538],[99.662,6.71],[99.61,6.938],[99.639,7.065],[99.571,7.262],[99.468,7.338],[99.293,7.319],[99.024,7.871],[98.866,8.0],[98.799,8.056],[98.789,8.06],[98.786,8.066],[98.544,8.264],[98.459,8.227],[98.421,8.178],[98.365,8.186],[98.292,8.155],[98.195,8.327],[98.177,8.6],[98.25,8.937],[98.286,9.047],[98.251,9.041],[98.258,9.095],[98.274,9.13],[98.301,9.139],[98.307,9.11],[98.632,10.1],[98.612,10.11],[98.563,10.035],[98.521,10.107],[98.509,10.145],[98.525,10.15],[98.55,10.3],[98.675,10.475],[98.8,10.5]]],[[[98.599,8.0],[98.558,8.0],[98.529,8.109],[98.604,8.057],[98.599,8.0]]],[[[98.351,8.111],[98.435,8.086],[98.409,8.0],[98.276,8.0],[98.301,8.136],[98.322,8.166],[98.351,8.111]]]]}},{"type":"Feature","properties":{"name":"Shan states","name_zh":"掸邦","focus":false,"label":[94.56,24.57],"area":37.4,"color":"#9a8a4a"},"geometry":{"type":"Polygon","coordinates":[[[91.775,26.5],[91.825,26.5],[92.0,26.4],[92.35,26.55],[92.6,26.525],[92.7,26.625],[93.15,26.65],[93.25,26.75],[93.4,26.725],[93.425,26.775],[93.575,26.75],[93.85,26.775],[93.975,26.925],[94.225,26.925],[94.425,27.0],[94.55,27.1],[94.675,27.375],[94.875,27.55],[95.05,27.6],[95.2,27.725],[95.225,28.075],[95.3,28.275],[95.425,28.4],[95.425,28.775],[95.35,28.925],[95.55,29.075],[95.7,29.1],[95.725,29.175],[95.875,29.05],[95.925,28.9],[96.325,28.925],[96.5,28.75],[96.5,28.675],[96.775,28.525],[96.85,28.45],[96.85,28.275],[96.925,28.15],[97.075,28.15],[97.15,28.05],[97.25,28.075],[97.275,28.225],[97.35,28.25],[97.475,28.525],[97.825,28.625],[97.9,28.7],[97.95,28.575],[98.075,28.425],[98.3,28.375],[98.425,28.2],[98.575,28.075],[98.8,28.025],[98.825,27.825],[98.875,27.775],[98.85,27.475],[98.9,27.325],[98.875,26.975],[98.95,26.775],[98.8,26.55],[98.725,26.375],[98.7,25.875],[98.55,25.7],[98.3,25.55],[98.3,25.25],[98.225,25.0],[98.2,24.75],[98.15,24.675],[98.3,24.525],[98.575,24.55],[98.725,24.325],[98.725,24.025],[98.525,23.975],[98.525,23.825],[98.625,23.75],[98.65,23.525],[98.725,23.5],[98.775,23.3],[98.9,23.3],[99.0,23.15],[99.325,23.175],[99.45,23.05],[99.625,22.975],[99.725,22.85],[99.775,22.475],[99.775,22.3],[99.6,22.275],[99.475,22.125],[99.325,21.875],[99.3,21.625],[99.4,21.55],[99.375,21.05],[99.3,21.0],[99.275,20.85],[99.225,20.9],[98.95,20.9],[98.775,20.65],[98.75,20.425],[98.675,20.425],[98.675,20.175],[98.45,20.075],[98.275,19.85],[98.2,19.9],[98.175,19.9],[98.15,20.025],[98.0,20.175],[97.8,20.275],[97.8,20.425],[97.7,20.525],[97.45,20.475],[97.45,20.625],[97.35,20.65],[97.35,20.775],[97.125,20.775],[97.025,20.7],[96.775,20.725],[96.725,20.95],[96.625,21.05],[96.625,21.175],[96.75,21.375],[96.75,21.525],[96.575,21.575],[96.7,21.725],[96.65,21.9],[96.5,22.05],[96.525,22.325],[96.525,22.85],[96.5,22.9],[96.3,22.875],[96.2,23.025],[96.025,23.125],[96.05,23.575],[96.175,23.675],[96.025,23.825],[96.0,23.925],[95.75,24.125],[95.65,24.075],[95.475,24.075],[95.4,24.125],[95.125,24.125],[94.7,24.275],[94.65,24.175],[94.6,24.25],[94.3,24.325],[94.175,24.475],[94.075,24.5],[94.0,24.4],[93.9,24.15],[93.8,24.1],[93.625,23.7],[93.4,23.675],[93.125,23.4],[93.0,23.4],[92.875,23.225],[92.925,23.2],[92.825,22.9],[92.7,22.9],[92.3,22.725],[92.175,22.725],[92.05,22.95],[91.95,23.3],[91.875,23.35],[91.8,23.575],[91.675,23.725],[91.6,23.75],[91.5,23.925],[91.5,24.875],[91.475,24.875],[91.475,25.2],[91.55,25.3],[91.55,25.5],[91.4,25.5],[91.2,25.6],[91.2,25.85],[91.125,26.075],[91.125,26.2],[91.225,26.2],[91.5,26.15],[91.75,26.375],[91.775,26.5]]]}},{"type":"Feature","properties":{"name":"Ava","name_zh":"缅甸 (东吁)","focus":false,"label":[95.6,17.17],"area":33.0,"color":"#8a6f9e"},"geometry":{"type":"MultiPolygon","coordinates":[[[[99.3,21.625],[99.325,21.875],[99.475,22.125],[99.6,22.275],[99.775,22.3],[99.775,22.475],[100.05,22.45],[100.175,22.4],[100.225,22.1],[100.15,22.05],[100.175,21.95],[100.425,21.875],[100.675,21.875],[100.725,21.95],[100.85,21.975],[100.925,21.825],[101.1,21.775],[101.125,21.775],[101.15,21.525],[100.875,21.275],[100.725,21.275],[100.675,21.05],[100.575,21.025],[100.55,20.85],[100.35,20.825],[100.175,20.575],[100.125,20.275],[100.225,20.375],[100.35,20.375],[100.475,20.15],[100.575,20.15],[100.575,19.975],[100.4,19.925],[100.325,20.025],[100.2,20.025],[100.075,20.1],[99.65,20.1],[99.425,20.325],[99.375,20.45],[99.35,20.75],[99.275,20.85],[99.3,21.0],[99.375,21.05],[99.4,21.55],[99.3,21.625]]],[[[95.275,17.725],[95.45,17.8],[95.425,18.075],[95.375,18.225],[95.175,18.35],[95.0,18.625],[94.875,18.675],[94.8,18.775],[94.725,19.075],[94.6,19.3],[94.6,19.5],[94.475,19.625],[94.45,19.75],[94.35,19.9],[94.2,20.275],[94.075,20.375],[94.025,20.525],[93.925,20.575],[93.875,20.725],[93.775,20.85],[93.775,21.075],[93.85,21.15],[93.75,21.35],[93.75,21.5],[93.6,21.625],[93.45,22.1],[93.475,22.325],[93.425,22.425],[93.15,22.375],[93.1,22.55],[93.0,22.675],[92.975,22.825],[92.875,22.9],[92.825,22.9],[92.925,23.2],[92.875,23.225],[93.0,23.4],[93.125,23.4],[93.4,23.675],[93.625,23.7],[93.8,24.1],[93.9,24.15],[94.0,24.4],[94.075,24.5],[94.175,24.475],[94.3,24.325],[94.6,24.25],[94.65,24.175],[94.7,24.275],[95.125,24.125],[95.4,24.125],[95.475,24.075],[95.65,24.075],[95.75,24.125],[96.0,23.925],[96.025,23.825],[96.175,23.675],[96.05,23.575],[96.025,23.125],[96.2,23.025],[96.3,22.875],[96.5,22.9],[96.525,22.85],[96.525,22.325],[96.5,22.05],[96.65,21.9],[96.7,21.725],[96.575,21.575],[96.75,21.525],[96.75,21.375],[96.625,21.175],[96.625,21.05],[96.725,20.95],[96.775,20.725],[97.025,20.7],[97.125,20.775],[97.35,20.775],[97.35,20.65],[97.45,20.625],[97.45,20.475],[97.7,20.525],[97.8,20.425],[97.8,20.275],[98.0,20.175],[98.15,20.025],[98.175,19.9],[98.15,19.9],[98.0,19.775],[98.0,19.7],[97.875,19.6],[97.8,19.4],[97.675,19.325],[97.8,19.05],[97.8,18.525],[97.825,18.425],[97.725,18.225],[97.825,18.075],[97.875,17.9],[98.2,17.8],[98.275,17.6],[98.125,17.525],[98.025,17.35],[98.15,17.1],[98.175,16.95],[98.25,16.9],[98.325,16.65],[98.425,16.575],[98.475,16.275],[98.55,16.125],[98.65,16.1],[98.75,15.95],[98.8,15.95],[98.875,15.725],[98.825,15.425],[98.725,15.325],[98.8,15.075],[98.575,14.9],[98.475,14.575],[98.625,14.45],[98.625,14.375],[98.75,14.225],[98.7,14.05],[98.875,13.825],[98.875,13.625],[98.95,13.55],[99.15,13.55],[99.175,13.3],[99.25,13.175],[99.25,12.975],[99.375,12.825],[99.45,12.5],[99.575,12.375],[99.625,12.2],[99.75,12.15],[99.979,12.15],[99.93,12.047],[99.837,11.937],[99.799,11.749],[99.725,11.662],[99.627,11.463],[99.561,11.215],[99.514,11.101],[99.487,10.89],[99.452,10.834],[99.275,10.9],[99.1,10.9],[99.05,10.8],[98.925,10.75],[98.8,10.5],[98.675,10.475],[98.55,10.3],[98.525,10.15],[98.509,10.145],[98.502,10.165],[98.431,10.201],[98.397,10.563],[98.467,10.664],[98.465,10.676],[98.501,10.719],[98.509,10.724],[98.577,10.822],[98.599,10.864],[98.61,10.881],[98.733,11.412],[98.733,11.435],[98.746,11.521],[98.741,11.592],[98.787,11.659],[98.59,11.695],[98.588,11.822],[98.676,12.051],[98.669,12.107],[98.664,12.127],[98.666,12.134],[98.656,12.225],[98.631,12.225],[98.6,12.245],[98.619,12.3],[98.645,12.321],[98.632,12.428],[98.624,12.441],[98.629,12.452],[98.596,12.737],[98.485,13.111],[98.198,13.644],[98.163,13.735],[98.15,13.648],[98.111,13.713],[98.098,13.898],[98.094,13.913],[97.822,14.616],[97.64,15.956],[97.584,16.02],[97.609,16.144],[97.612,16.155],[97.585,16.355],[97.575,16.253],[97.537,16.24],[97.48,16.306],[97.469,16.461],[97.489,16.476],[97.351,16.527],[97.286,16.722],[97.267,16.743],[97.212,16.893],[97.199,16.957],[96.881,17.345],[96.877,17.344],[96.878,17.342],[96.91,17.305],[96.851,17.203],[96.909,17.031],[96.858,16.921],[96.811,16.778],[96.765,16.71],[96.622,16.564],[96.507,16.514],[96.462,16.509],[96.323,16.443],[96.293,16.41],[96.135,16.343],[96.118,16.346],[96.037,16.308],[96.032,16.285],[96.012,16.254],[95.763,16.169],[95.711,16.073],[95.679,15.977],[95.556,15.838],[95.39,15.723],[95.382,15.724],[95.329,15.677],[95.222,15.804],[95.221,15.872],[95.177,15.826],[95.078,15.839],[94.943,15.818],[94.937,15.837],[94.828,15.842],[94.82,15.852],[94.805,15.819],[94.784,15.794],[94.743,15.812],[94.733,15.823],[94.791,15.889],[94.753,15.937],[94.756,15.951],[94.662,15.904],[94.656,15.989],[94.651,16.065],[94.681,16.133],[94.68,16.164],[94.618,16.143],[94.619,16.141],[94.566,16.019],[94.477,15.946],[94.412,15.848],[94.388,15.994],[94.494,16.075],[94.517,16.11],[94.415,16.076],[94.304,15.948],[94.144,16.005],[94.143,16.215],[94.392,16.908],[94.451,17.201],[94.575,17.275],[94.875,17.225],[94.975,17.375],[95.275,17.725]]],[[[98.454,12.061],[98.466,12.084],[98.525,12.005],[98.61,11.957],[98.576,11.925],[98.516,11.905],[98.474,11.899],[98.454,12.061]]],[[[98.554,11.745],[98.528,11.539],[98.465,11.567],[98.435,11.567],[98.397,11.684],[98.4,11.715],[98.376,11.792],[98.524,11.805],[98.554,11.745]]],[[[98.527,11.087],[98.542,10.962],[98.519,10.959],[98.498,10.964],[98.477,10.98],[98.527,11.087]]],[[[98.436,12.571],[98.468,12.571],[98.459,12.474],[98.381,12.354],[98.334,12.336],[98.314,12.336],[98.331,12.511],[98.303,12.612],[98.312,12.678],[98.396,12.647],[98.414,12.598],[98.436,12.571]]]]}},{"type":"Feature","properties":{"name":"Tokugawa shogunate","name_zh":"日本 (德川)","focus":false,"label":[139.78,37.37],"area":40.4,"color":"#5f87a3"},"geometry":{"type":"MultiPolygon","coordinates":[[[[150.0,46.045],[150.0,45.831],[149.684,45.633],[149.437,45.583],[149.667,45.85],[149.856,45.923],[150.0,46.045]]],[[[147.62,44.966],[147.585,44.918],[147.622,44.897],[147.548,44.812],[147.291,44.666],[147.209,44.55],[147.021,44.507],[146.948,44.408],[146.84,44.415],[146.846,44.476],[147.153,44.673],[147.111,44.793],[147.479,44.974],[147.504,45.043],[147.656,45.075],[147.763,45.189],[147.894,45.223],[147.856,45.356],[147.932,45.421],[148.0,45.273],[148.069,45.248],[148.321,45.27],[148.7,45.52],[148.856,45.474],[148.825,45.334],[148.582,45.316],[148.332,45.229],[147.877,44.974],[147.762,44.938],[147.62,44.966]]],[[[146.842,43.874],[146.904,43.839],[146.682,43.707],[146.598,43.732],[146.604,43.803],[146.842,43.874]]],[[[145.779,43.928],[145.595,43.858],[145.554,43.65],[145.437,43.716],[145.409,43.835],[145.744,44.051],[146.127,44.507],[146.344,44.421],[146.568,44.438],[146.119,44.251],[145.94,44.128],[145.779,43.928]]],[[[146.076,43.513],[146.226,43.525],[146.124,43.459],[146.076,43.513]]],[[[141.721,42.539],[141.396,42.519],[140.929,42.255],[140.86,42.39],[140.693,42.55],[140.54,42.537],[140.349,42.432],[140.324,42.376],[140.315,42.334],[140.327,42.293],[140.417,42.201],[140.528,42.132],[140.578,42.119],[140.684,42.123],[140.734,42.116],[140.912,41.978],[141.108,41.848],[141.151,41.805],[141.109,41.779],[141.155,41.749],[140.979,41.652],[140.588,41.677],[140.268,41.324],[140.112,41.273],[140.012,41.381],[139.977,41.503],[140.002,41.551],[139.995,41.576],[140.021,41.696],[140.084,41.803],[140.106,41.902],[140.1,41.937],[140.098,41.946],[139.852,42.035],[139.777,42.112],[139.711,42.477],[139.859,42.575],[139.86,42.582],[139.891,42.649],[139.951,42.671],[140.015,42.685],[140.115,42.733],[140.224,42.796],[140.329,42.867],[140.432,42.954],[140.486,43.05],[140.407,43.154],[140.373,43.185],[140.389,43.202],[140.379,43.237],[140.392,43.303],[140.487,43.338],[140.544,43.323],[140.598,43.326],[140.736,43.237],[140.781,43.215],[140.819,43.205],[140.954,43.201],[141.138,43.18],[141.245,43.185],[141.296,43.2],[141.303,43.206],[141.301,43.72],[141.511,43.82],[141.601,43.919],[141.645,44.019],[141.661,44.264],[141.716,44.371],[141.734,44.416],[141.745,44.628],[141.566,44.969],[141.522,45.182],[141.597,45.279],[141.615,45.289],[141.653,45.349],[141.654,45.377],[141.668,45.401],[141.778,45.419],[141.829,45.439],[141.879,45.483],[141.938,45.51],[141.981,45.483],[142.0,45.459],[142.0,45.329],[143.02,44.463],[143.79,44.027],[144.613,43.842],[144.75,43.881],[145.139,44.178],[145.347,44.243],[145.059,43.785],[145.448,43.169],[144.994,42.937],[144.754,42.866],[144.59,42.859],[144.37,42.949],[144.166,42.942],[144.002,42.877],[143.508,42.42],[143.33,42.196],[143.213,41.926],[143.033,41.958],[142.0,42.466],[141.928,42.501],[141.721,42.539]]],[[[132.202,34.032],[132.159,33.944],[132.146,33.839],[132.09,33.855],[131.995,33.911],[131.994,33.804],[131.654,33.911],[130.899,33.903],[130.779,33.966],[130.891,34.244],[130.889,34.262],[130.904,34.3],[130.952,34.35],[131.004,34.393],[131.132,34.407],[131.262,34.393],[131.354,34.413],[131.433,34.47],[131.515,34.55],[131.608,34.615],[131.734,34.667],[131.856,34.726],[131.963,34.809],[132.065,34.9],[132.158,34.967],[132.258,35.022],[132.662,35.38],[132.672,35.382],[132.698,35.418],[132.747,35.449],[132.923,35.511],[133.157,35.559],[133.267,35.557],[133.376,35.459],[133.435,35.472],[133.495,35.497],[133.615,35.511],[133.739,35.495],[133.86,35.495],[133.981,35.507],[134.214,35.539],[134.337,35.578],[134.456,35.628],[134.882,35.663],[135.174,35.747],[135.221,35.741],[135.265,35.722],[135.269,35.66],[135.232,35.592],[135.268,35.551],[135.327,35.526],[135.602,35.518],[135.68,35.503],[135.795,35.55],[135.903,35.607],[135.931,35.626],[135.977,35.972],[136.017,36.012],[136.067,36.117],[136.156,36.223],[136.262,36.288],[136.359,36.362],[136.556,36.572],[136.666,36.704],[136.64,37.17],[136.775,37.282],[136.843,37.382],[136.962,37.414],[137.199,37.497],[137.323,37.522],[137.341,37.485],[137.338,37.437],[137.312,37.416],[137.334,37.273],[137.013,37.037],[137.007,36.993],[137.019,36.96],[137.013,36.895],[137.017,36.837],[137.124,36.774],[137.246,36.753],[137.298,36.754],[137.343,36.77],[137.483,36.925],[137.514,36.952],[137.913,37.065],[138.11,37.151],[138.182,37.166],[138.343,37.236],[138.548,37.392],[138.633,37.472],[138.709,37.561],[138.771,37.663],[138.819,37.775],[138.885,37.844],[139.247,38.009],[139.364,38.099],[139.401,38.143],[139.446,38.269],[139.477,38.4],[139.521,38.503],[139.58,38.599],[139.66,38.697],[139.749,38.788],[139.802,38.882],[139.879,39.105],[139.912,39.229],[139.939,39.273],[139.977,39.311],[139.986,39.323],[140.03,39.483],[140.011,39.693],[139.862,39.782],[139.811,39.878],[139.81,39.878],[139.742,39.921],[139.755,39.959],[139.826,39.966],[139.874,39.986],[139.908,40.022],[139.972,40.137],[139.979,40.156],[139.915,40.574],[139.923,40.579],[139.923,40.598],[139.967,40.673],[140.029,40.733],[140.085,40.747],[140.146,40.752],[140.199,40.774],[140.3,40.888],[140.326,40.948],[140.344,41.006],[140.315,41.161],[140.344,41.203],[140.386,41.23],[140.441,41.21],[140.498,41.206],[140.564,41.212],[140.628,41.195],[140.64,41.156],[140.679,40.893],[140.702,40.858],[140.749,40.83],[140.801,40.834],[140.846,40.875],[140.876,40.93],[140.936,40.941],[141.119,40.882],[141.142,40.897],[141.076,41.102],[140.936,41.114],[140.887,41.156],[140.801,41.139],[140.802,41.231],[140.774,41.255],[140.809,41.276],[140.86,41.425],[140.892,41.48],[140.937,41.506],[141.05,41.476],[141.106,41.456],[141.229,41.373],[141.269,41.354],[141.455,41.405],[141.425,41.274],[141.436,41.269],[141.463,40.611],[141.542,40.531],[141.646,40.474],[141.797,40.291],[141.878,40.067],[141.935,39.958],[141.978,39.844],[141.991,39.792],[141.992,39.74],[141.984,39.698],[141.998,39.671],[141.998,39.448],[141.907,39.186],[141.901,39.111],[141.855,39.095],[141.812,39.048],[141.807,39.04],[141.801,39.036],[141.568,38.785],[141.539,38.728],[141.519,38.632],[141.509,38.498],[141.49,38.455],[141.496,38.421],[141.47,38.409],[141.467,38.404],[141.447,38.399],[141.024,38.21],[140.929,38.026],[140.928,37.95],[140.96,37.823],[141.003,37.698],[141.036,37.467],[141.002,37.115],[140.968,37.002],[140.966,36.999],[140.963,36.956],[140.702,36.67],[140.627,36.503],[140.619,36.445],[140.619,36.386],[140.592,36.308],[140.574,36.231],[140.59,36.142],[140.622,36.059],[140.76,35.846],[140.813,35.783],[140.874,35.725],[140.806,35.706],[140.834,35.677],[140.426,35.428],[140.413,35.395],[140.417,35.267],[140.393,35.221],[140.355,35.181],[140.346,35.175],[140.316,35.033],[139.83,34.835],[139.788,34.962],[139.831,35.068],[139.83,35.072],[139.851,35.232],[139.826,35.297],[139.906,35.345],[139.944,35.423],[139.984,35.453],[140.002,35.497],[139.913,35.554],[139.731,35.468],[139.65,35.409],[139.666,35.319],[139.7,35.274],[139.744,35.252],[139.731,35.222],[139.675,35.149],[139.636,35.142],[139.564,35.243],[139.52,35.27],[139.422,35.165],[139.208,35.165],[139.116,35.082],[139.122,34.956],[139.086,34.839],[139.028,34.754],[139.022,34.688],[138.863,34.567],[138.779,34.579],[138.749,34.649],[138.751,34.922],[138.683,34.992],[138.45,34.902],[138.295,34.763],[138.149,34.527],[137.759,34.552],[137.248,34.481],[137.148,34.601],[137.062,34.583],[137.077,34.621],[137.117,34.637],[137.041,34.728],[136.939,34.777],[136.944,34.722],[136.913,34.709],[136.871,34.733],[136.884,34.802],[136.733,34.874],[136.616,34.759],[136.564,34.645],[136.616,34.589],[136.842,34.464],[136.88,34.434],[136.881,34.38],[136.854,34.324],[136.819,34.31],[136.898,34.258],[136.766,34.169],[136.393,34.111],[136.218,34.013],[136.073,33.778],[135.916,33.562],[135.899,33.556],[135.755,33.342],[135.062,33.69],[134.969,34.134],[135.113,34.25],[135.1,34.288],[135.132,34.317],[135.252,34.374],[135.317,34.471],[135.286,34.598],[135.205,34.617],[134.935,34.54],[134.427,34.628],[133.825,34.385],[133.589,34.442],[133.182,34.327],[133.142,34.302],[133.116,34.308],[132.552,34.149],[132.56,34.127],[132.578,34.115],[132.549,34.075],[132.461,34.087],[132.496,34.122],[132.505,34.136],[132.481,34.129],[132.386,34.268],[132.277,34.278],[132.238,34.227],[132.202,34.032]]],[[[134.824,34.203],[134.731,34.209],[134.683,34.247],[134.668,34.294],[134.757,34.368],[134.834,34.473],[134.904,34.519],[134.961,34.545],[135.005,34.544],[134.905,34.398],[134.933,34.288],[134.824,34.203]]],[[[134.739,33.821],[134.549,33.729],[134.547,33.728],[134.519,33.65],[134.206,33.349],[134.206,33.347],[134.182,33.247],[134.135,33.28],[133.998,33.148],[133.726,33.376],[133.516,33.394],[133.264,33.307],[133.24,33.25],[133.146,33.083],[133.101,33.028],[133.073,33.02],[132.969,32.765],[132.9,32.669],[132.698,32.548],[132.467,32.757],[132.342,33.106],[132.121,33.347],[132.174,33.375],[132.086,33.34],[132.033,33.34],[132.114,33.395],[132.288,33.47],[132.366,33.512],[132.536,33.633],[132.557,33.644],[132.706,33.817],[132.716,33.852],[132.752,33.906],[132.784,33.992],[132.839,34.021],[132.935,34.095],[132.99,34.088],[133.051,33.997],[133.134,33.927],[133.193,33.933],[133.299,33.969],[133.35,33.977],[133.472,33.973],[133.582,34.017],[133.627,34.069],[133.643,34.135],[133.603,34.244],[133.656,34.233],[133.706,34.237],[133.826,34.307],[133.948,34.348],[134.076,34.358],[134.219,34.319],[134.357,34.256],[134.496,34.215],[134.638,34.227],[134.635,34.044],[134.655,33.983],[134.66,33.976],[134.65,33.95],[134.67,33.963],[134.695,33.928],[134.675,33.848],[134.739,33.821]]],[[[134.188,34.496],[134.182,34.519],[134.326,34.534],[134.372,34.522],[134.352,34.484],[134.333,34.464],[134.315,34.469],[134.252,34.423],[134.238,34.467],[134.188,34.496]]],[[[132.267,33.871],[132.209,33.873],[132.201,33.928],[132.208,33.948],[132.266,33.945],[132.315,33.909],[132.403,33.92],[132.419,33.888],[132.411,33.88],[132.36,33.847],[132.267,33.871]]],[[[130.195,32.082],[130.194,32.091],[130.214,32.115],[130.246,32.124],[130.443,32.283],[130.496,32.557],[130.361,32.758],[130.361,32.756],[130.34,32.702],[130.298,32.675],[130.246,32.677],[130.193,32.706],[130.152,32.748],[130.054,32.771],[129.951,32.722],[129.938,32.709],[129.845,32.587],[129.816,32.6],[129.769,32.571],[129.79,32.611],[129.733,32.637],[129.63,32.866],[129.46,32.986],[129.343,33.151],[129.375,33.176],[129.37,33.176],[129.417,33.231],[129.423,33.257],[129.462,33.331],[129.538,33.358],[129.57,33.361],[129.508,33.284],[129.507,33.28],[129.528,33.297],[129.595,33.289],[129.61,33.344],[129.66,33.365],[129.702,33.36],[129.844,33.322],[129.858,33.375],[129.837,33.404],[129.826,33.437],[129.919,33.483],[130.072,33.522],[130.103,33.54],[130.131,33.578],[130.168,33.598],[130.275,33.598],[130.365,33.634],[130.439,33.734],[130.457,33.789],[130.484,33.835],[130.67,33.915],[130.716,33.928],[130.84,33.918],[130.953,33.872],[131.009,33.776],[131.058,33.673],[131.175,33.603],[131.309,33.573],[131.366,33.571],[131.419,33.584],[131.499,33.624],[131.583,33.652],[131.643,33.638],[131.696,33.603],[131.724,33.554],[131.711,33.502],[131.619,33.396],[131.669,33.308],[131.613,33.265],[131.717,33.252],[131.897,33.255],[131.855,33.182],[131.848,33.118],[131.903,33.088],[131.949,33.047],[131.937,33.01],[131.91,32.974],[132.009,32.919],[132.002,32.882],[131.977,32.844],[131.83,32.693],[131.824,32.687],[131.732,32.593],[131.66,32.466],[131.61,32.325],[131.565,32.223],[131.531,32.117],[131.506,32.002],[131.46,31.883],[131.475,31.778],[131.46,31.671],[131.337,31.405],[131.25,31.41],[131.21,31.352],[131.089,31.275],[131.098,31.256],[130.902,31.112],[130.744,30.887],[130.579,30.906],[130.554,30.969],[130.674,31.211],[130.732,31.476],[130.731,31.478],[130.581,31.528],[130.537,31.491],[130.528,31.46],[130.54,31.403],[130.566,31.352],[130.645,31.267],[130.621,31.218],[130.589,31.179],[130.406,31.236],[130.404,31.229],[130.232,31.026],[130.086,31.121],[130.06,31.216],[130.165,31.369],[130.147,31.408],[130.202,31.422],[130.205,31.426],[130.219,31.559],[130.058,31.972],[130.195,32.082]],[[130.175,32.851],[130.222,32.847],[130.28,32.867],[130.289,32.864],[130.257,32.912],[130.169,32.923],[130.175,32.851]]],[[[130.256,32.431],[130.242,32.463],[130.365,32.527],[130.461,32.516],[130.419,32.458],[130.381,32.424],[130.293,32.419],[130.256,32.431]]],[[[130.083,32.23],[130.004,32.194],[129.993,32.228],[129.96,32.244],[130.017,32.292],[130.015,32.314],[129.979,32.346],[130.021,32.469],[130.01,32.522],[130.168,32.541],[130.197,32.492],[130.2,32.341],[130.083,32.23]]]]}},{"type":"Feature","properties":{"name":"Ceylon (Dutch)","name_zh":"","focus":false,"label":[80.28,6.82],"area":2.1,"color":"#4f8f86"},"geometry":{"type":"MultiPolygon","coordinates":[[[[81.202,6.079],[80.851,5.951],[80.562,5.931],[80.341,5.969],[80.222,6.058],[80.016,6.495],[79.854,7.061],[79.838,7.815],[79.981,7.905],[80.786,6.574],[81.476,6.316],[81.202,6.079]]],[[[80.275,8.8],[79.825,8.925],[79.815,8.939],[79.919,8.948],[80.052,9.113],[80.076,9.279],[80.117,9.346],[80.111,9.453],[80.086,9.578],[80.146,9.556],[80.123,9.636],[80.046,9.65],[79.979,9.699],[79.954,9.742],[79.967,9.793],[79.982,9.813],[80.078,9.807],[80.181,9.81],[80.253,9.796],[80.376,9.642],[80.711,9.366],[80.893,9.086],[80.91,9.025],[80.935,8.971],[80.979,8.957],[81.016,8.933],[81.157,8.723],[80.725,8.675],[80.575,8.675],[80.275,8.8]],[[80.385,9.549],[80.258,9.611],[80.175,9.626],[80.344,9.473],[80.368,9.48],[80.428,9.481],[80.385,9.549]]],[[[79.912,9.679],[79.97,9.631],[79.907,9.62],[79.857,9.686],[79.846,9.715],[79.859,9.734],[79.872,9.744],[79.888,9.741],[79.912,9.679]]],[[[79.86,9.066],[79.875,9.051],[79.904,8.975],[79.821,9.027],[79.767,9.07],[79.748,9.105],[79.86,9.066]]]]}},{"type":"Feature","properties":{"name":"Tsardom of Muscovy","name_zh":"沙俄","focus":false,"label":[108.74,53.1],"area":436.5,"color":"#4f8f86"},"geometry":{"type":"Polygon","coordinates":[[[121.55,55.375],[121.55,55.15],[121.675,55.05],[121.75,54.875],[121.75,54.55],[121.775,54.5],[121.475,54.375],[121.175,54.425],[120.925,54.3],[120.925,54.075],[121.0,54.05],[121.025,53.85],[120.975,53.8],[120.975,53.425],[121.025,53.275],[120.85,53.275],[120.725,53.2],[120.625,53.075],[120.475,53.025],[120.3,52.875],[120.225,52.65],[120.525,52.625],[120.675,52.5],[120.5,52.425],[120.525,52.325],[120.45,52.175],[120.525,52.1],[120.525,51.95],[120.45,51.85],[120.3,51.8],[120.175,51.675],[120.1,51.675],[119.75,51.2],[119.7,51.025],[119.55,50.975],[119.475,50.75],[119.175,50.4],[119.325,50.325],[119.325,50.175],[119.225,50.025],[118.6,49.95],[118.575,50.0],[118.275,49.975],[118.2,49.925],[118.025,49.925],[117.9,50.05],[117.8,50.05],[117.6,50.15],[117.475,50.125],[117.375,50.025],[117.15,50.025],[116.975,50.2],[116.95,50.3],[116.675,50.25],[116.6,50.175],[116.35,50.225],[116.025,50.225],[115.875,50.275],[115.575,50.3],[115.4,50.425],[115.225,50.425],[115.15,50.5],[114.625,50.525],[114.625,50.5],[114.25,50.5],[114.25,50.475],[113.875,50.475],[113.8,50.4],[113.475,50.4],[113.275,50.325],[113.15,50.175],[113.075,50.175],[113.0,50.05],[112.775,49.975],[112.725,50.05],[112.25,50.05],[112.2,49.95],[111.95,50.0],[111.8,50.125],[111.525,50.05],[111.375,49.925],[111.2,49.85],[111.15,49.775],[110.925,49.625],[110.75,49.625],[110.45,49.475],[110.275,49.475],[110.05,49.425],[109.9,49.575],[109.75,49.525],[109.7,49.45],[109.475,49.35],[109.425,49.225],[109.1,49.175],[109.025,49.05],[108.875,49.05],[108.8,48.975],[108.65,49.0],[108.625,49.1],[108.425,49.275],[108.275,49.3],[108.125,49.25],[108.075,49.325],[107.85,49.375],[107.925,49.625],[107.825,49.7],[107.775,49.875],[107.65,50.0],[107.675,50.2],[107.525,50.275],[107.525,50.175],[107.375,50.1],[107.175,49.925],[106.95,49.925],[106.725,50.15],[106.65,50.325],[106.525,50.475],[106.375,50.5],[106.325,50.625],[106.25,50.55],[106.05,50.475],[106.05,50.35],[105.5,50.6],[105.325,50.6],[105.275,50.775],[105.2,50.85],[105.175,51.0],[104.875,50.975],[104.5,50.8],[104.35,50.8],[104.275,50.725],[104.0,50.7],[103.725,51.025],[103.475,51.025],[103.4,51.075],[102.925,51.1],[102.875,51.025],[102.7,51.025],[102.675,51.075],[102.5,51.075],[102.325,51.15],[102.15,51.175],[102.125,51.275],[101.775,51.425],[101.225,51.425],[101.2,51.375],[100.975,51.45],[100.9,51.625],[100.825,51.65],[100.825,51.925],[100.6,51.95],[100.55,51.825],[100.325,51.85],[100.225,51.8],[100.25,52.025],[100.1,52.175],[100.125,52.275],[99.925,52.375],[99.525,52.3],[99.425,52.225],[99.3,52.275],[98.9,52.275],[98.65,52.3],[98.525,52.25],[98.475,52.325],[97.975,52.3],[97.65,52.475],[97.35,52.45],[97.325,52.625],[97.225,52.7],[97.25,53.0],[97.2,53.075],[97.25,53.225],[97.5,53.475],[97.375,53.6],[97.2,53.675],[97.075,53.675],[97.0,53.75],[96.8,53.75],[96.725,53.65],[96.575,53.7],[96.325,53.7],[96.225,53.625],[96.075,53.625],[95.925,53.5],[95.7,53.5],[95.525,53.425],[95.5,53.35],[95.225,53.4],[95.175,53.3],[95.175,53.125],[95.1,53.025],[95.025,52.775],[94.925,52.825],[94.5,52.8],[94.425,52.6],[94.25,52.6],[94.15,52.675],[93.925,52.65],[93.85,52.725],[93.625,52.725],[93.575,52.65],[93.375,52.65],[92.95,52.525],[92.85,52.475],[92.725,52.325],[92.525,52.175],[92.375,52.225],[91.9,52.225],[91.8,52.25],[91.7,52.175],[91.55,52.15],[91.3,51.95],[91.075,51.95],[90.95,51.875],[90.95,51.775],[90.725,51.625],[90.475,51.625],[90.45,51.7],[90.225,51.7],[90.05,51.475],[90.05,51.25],[89.925,51.225],[89.775,51.025],[89.525,50.95],[89.225,50.95],[89.2,51.0],[89.1,50.875],[89.075,50.725],[88.975,50.725],[88.95,50.475],[89.075,50.4],[89.025,50.25],[88.875,50.25],[88.775,50.175],[88.4,50.175],[88.3,50.225],[88.25,50.1],[87.95,49.975],[87.825,49.85],[87.85,49.775],[88.075,49.725],[88.025,49.425],[87.875,49.375],[87.85,49.175],[87.65,49.25],[87.375,49.275],[87.275,49.175],[86.825,49.15],[86.75,49.1],[86.45,49.1],[86.225,49.05],[86.05,48.95],[85.75,48.925],[85.425,48.925],[85.4,48.875],[85.35,48.875],[84.95,48.925],[84.35,48.925],[84.125,48.85],[83.9,48.85],[83.875,49.0],[83.925,49.05],[84.15,49.1],[84.175,49.225],[83.9,49.425],[83.675,49.475],[83.575,49.575],[83.425,49.575],[83.35,49.675],[83.05,49.675],[82.975,49.8],[82.85,49.9],[82.725,49.9],[82.475,50.05],[82.35,50.05],[82.25,50.225],[81.8,50.2],[81.575,50.325],[81.2,50.325],[81.15,50.375],[80.3,50.375],[80.2,50.475],[79.775,50.475],[79.55,50.55],[79.525,50.6],[79.15,50.65],[79.125,50.6],[78.725,50.65],[78.55,50.75],[78.475,50.85],[78.3,50.875],[78.2,51.025],[78.125,51.05],[78.05,51.25],[77.875,51.35],[77.775,51.475],[77.6,51.55],[77.475,51.55],[77.425,51.625],[77.45,51.85],[77.325,51.925],[77.1,51.95],[76.975,52.05],[76.95,52.25],[76.825,52.35],[76.775,52.575],[76.7,52.575],[76.65,52.75],[76.55,52.825],[76.275,52.9],[76.225,53.0],[76.1,53.05],[75.9,53.025],[75.8,53.175],[75.675,53.275],[75.575,53.275],[75.475,53.475],[75.15,53.625],[75.075,53.8],[75.1,53.95],[74.925,54.025],[74.925,54.125],[74.8,54.15],[74.675,54.275],[74.65,54.375],[74.45,54.4],[74.35,54.525],[74.075,54.55],[73.85,54.7],[73.725,54.7],[73.55,54.85],[73.375,54.9],[73.375,55.125],[73.25,55.275],[73.05,55.275],[73.05,55.375],[72.925,55.525],[72.8,55.525],[72.6,55.45],[72.575,55.4],[72.15,55.25],[71.925,55.25],[71.8,55.2],[71.375,55.175],[71.225,55.125],[71.025,55.125],[70.6,55.0],[70.475,55.0],[70.375,54.925],[70.0,54.775],[70.0,54.934],[64.687,54.272],[64.457,53.581],[63.038,51.176],[60.82,50.859],[60.0,50.883],[60.0,58.0],[140.347,58.0],[140.028,57.644],[138.866,57.124],[138.345,56.804],[137.253,56.0],[137.419,56.0],[137.384,55.975],[137.19,55.892],[137.033,55.807],[137.0,55.8],[137.0,55.79],[136.794,55.694],[136.566,55.614],[136.521,55.589],[136.369,55.521],[136.351,55.51],[136.175,55.352],[135.751,55.161],[135.541,55.114],[135.263,54.943],[135.235,54.903],[135.212,54.841],[135.258,54.731],[135.325,54.707],[135.438,54.692],[135.852,54.584],[136.238,54.614],[136.322,54.614],[136.35,54.6],[136.36,54.614],[136.58,54.614],[136.715,54.624],[136.797,54.621],[136.805,54.603],[136.65,54.5],[136.475,54.225],[136.475,54.15],[136.325,54.1],[136.0,54.1],[135.9,53.925],[135.475,53.9],[135.35,53.825],[135.175,53.85],[135.05,54.0],[134.65,53.575],[134.725,53.5],[134.75,53.175],[134.575,52.95],[134.6,52.65],[134.5,52.55],[133.825,52.55],[133.525,52.6],[133.45,52.65],[133.175,52.675],[133.025,52.55],[132.925,52.65],[132.725,52.725],[132.6,53.05],[132.4,53.05],[132.2,53.1],[131.85,53.125],[131.775,53.25],[131.55,53.275],[131.525,53.55],[131.475,53.7],[131.25,53.775],[130.9,53.8],[130.9,54.175],[130.975,54.25],[131.025,54.425],[131.025,54.65],[131.375,54.725],[131.575,54.875],[131.575,55.0],[131.65,55.125],[131.575,55.225],[131.575,55.35],[131.35,55.475],[131.175,55.525],[131.1,55.5],[130.7,55.5],[130.575,55.575],[130.575,55.95],[130.55,56.0],[130.424,56.0],[130.39,56.053],[129.206,56.867],[128.836,56.645],[128.171,56.719],[126.913,56.497],[126.543,56.497],[124.915,56.201],[124.546,56.275],[124.102,56.275],[123.51,56.423],[122.735,56.0],[121.85,56.0],[121.85,55.625],[121.55,55.375]]]}},{"type":"Feature","properties":{"name":"Nogai Horde","name_zh":"","focus":false,"label":[60.15,45.95],"area":0.5,"color":"#a3727a"},"geometry":{"type":"Polygon","coordinates":[[[60.61,45.433],[60.953,45.245],[60.0,45.064],[60.0,46.457],[60.61,45.433]]]}},{"type":"Feature","properties":{"name":"Quazaq Khanate","name_zh":"哈萨克汗国","focus":false,"label":[72.78,47.66],"area":236.8,"color":"#7d6b5a"},"geometry":{"type":"Polygon","coordinates":[[[71.025,55.125],[71.225,55.125],[71.375,55.175],[71.8,55.2],[71.925,55.25],[72.15,55.25],[72.575,55.4],[72.6,55.45],[72.8,55.525],[72.925,55.525],[73.05,55.375],[73.05,55.275],[73.25,55.275],[73.375,55.125],[73.375,54.9],[73.55,54.85],[73.725,54.7],[73.85,54.7],[74.075,54.55],[74.35,54.525],[74.45,54.4],[74.65,54.375],[74.675,54.275],[74.8,54.15],[74.925,54.125],[74.925,54.025],[75.1,53.95],[75.075,53.8],[75.15,53.625],[75.475,53.475],[75.575,53.275],[75.675,53.275],[75.8,53.175],[75.9,53.025],[76.1,53.05],[76.225,53.0],[76.275,52.9],[76.55,52.825],[76.65,52.75],[76.7,52.575],[76.775,52.575],[76.825,52.35],[76.95,52.25],[76.975,52.05],[77.1,51.95],[77.325,51.925],[77.45,51.85],[77.425,51.625],[77.475,51.55],[77.6,51.55],[77.775,51.475],[77.875,51.35],[78.05,51.25],[78.125,51.05],[78.2,51.025],[78.3,50.875],[78.475,50.85],[78.55,50.75],[78.725,50.65],[79.125,50.6],[79.15,50.65],[79.525,50.6],[79.55,50.55],[79.775,50.475],[80.2,50.475],[80.3,50.375],[81.15,50.375],[81.2,50.325],[81.575,50.325],[81.8,50.2],[82.25,50.225],[82.35,50.05],[82.475,50.05],[82.725,49.9],[82.85,49.9],[82.975,49.8],[83.05,49.675],[83.35,49.675],[83.425,49.575],[83.575,49.575],[83.675,49.475],[83.9,49.425],[84.175,49.225],[84.15,49.1],[83.925,49.05],[83.875,49.0],[83.9,48.85],[84.125,48.85],[84.35,48.925],[84.95,48.925],[85.35,48.875],[85.375,48.875],[85.375,48.825],[85.075,48.725],[84.775,48.675],[84.7,48.6],[84.5,48.6],[84.375,48.475],[84.375,48.175],[84.325,48.125],[84.325,47.75],[84.25,47.425],[84.35,47.425],[84.65,47.25],[84.75,47.1],[85.075,47.1],[85.05,46.975],[84.9,46.85],[84.725,46.85],[84.55,46.65],[84.525,46.55],[84.325,46.5],[84.2,46.425],[84.175,45.9],[84.025,45.8],[83.8,45.725],[83.625,45.6],[83.475,45.55],[82.975,45.55],[82.95,45.5],[82.95,45.175],[82.875,45.0],[82.725,44.875],[82.25,44.375],[82.25,44.2],[82.1,44.25],[81.875,44.25],[81.675,44.425],[81.5,44.5],[81.25,44.5],[81.225,44.55],[81.0,44.575],[80.925,44.7],[80.625,44.725],[80.35,44.8],[80.15,44.8],[80.2,44.55],[80.125,44.4],[80.125,43.9],[80.1,43.825],[79.8,43.85],[79.725,43.625],[79.75,43.225],[79.575,43.15],[79.625,42.875],[79.575,42.775],[79.575,42.425],[79.55,42.375],[79.2,42.4],[79.05,42.375],[78.825,42.275],[78.65,42.075],[78.5,42.075],[78.3,41.85],[77.85,41.85],[77.375,41.575],[77.1,41.55],[76.975,41.675],[76.95,41.775],[76.8,41.85],[76.5,41.85],[76.25,41.75],[76.2,41.825],[75.95,41.825],[75.85,41.775],[75.625,41.775],[75.425,41.85],[75.1,41.85],[75.025,42.175],[74.925,42.225],[74.9,42.325],[74.425,42.35],[74.35,42.225],[74.25,42.325],[73.9,42.3],[73.725,42.125],[73.65,42.125],[73.5,42.3],[73.35,42.325],[73.3,42.25],[73.15,42.2],[72.975,42.225],[72.4,42.2],[72.3,42.175],[72.2,42.05],[72.15,42.075],[71.675,42.05],[71.55,41.975],[71.475,42.075],[71.05,42.075],[71.05,41.9],[70.95,41.8],[70.95,41.65],[70.8,41.575],[70.75,41.45],[70.5,41.475],[70.4,41.325],[70.275,41.25],[70.15,41.25],[70.0,41.325],[70.0,41.258],[68.782,40.944],[60.61,45.433],[60.0,46.457],[60.0,50.883],[60.82,50.859],[63.038,51.176],[64.457,53.581],[64.687,54.272],[70.0,54.934],[70.0,54.775],[70.375,54.925],[70.475,55.0],[70.6,55.0],[71.025,55.125]]]}},{"type":"Feature","properties":{"name":"Khiva Khanate","name_zh":"","focus":false,"label":[64.94,40.39],"area":52.3,"color":"#5f87a3"},"geometry":{"type":"Polygon","coordinates":[[[70.45,38.8],[70.575,38.825],[70.65,38.725],[70.65,38.55],[70.525,38.475],[70.575,38.175],[70.7,38.15],[70.8,38.025],[70.75,37.85],[70.675,37.85],[70.7,37.575],[70.6,37.575],[70.525,37.425],[70.325,37.425],[70.125,37.175],[70.0,37.125],[70.0,37.848],[69.231,37.367],[66.335,36.307],[64.404,37.639],[64.346,37.872],[62.662,39.22],[62.113,39.22],[61.228,39.83],[60.0,38.888],[60.0,45.064],[60.953,45.245],[68.782,40.944],[69.816,41.21],[70.0,39.032],[70.0,38.85],[70.15,38.725],[70.375,38.7],[70.45,38.8]]]}},{"type":"Feature","properties":{"name":"Bhutan","name_zh":"不丹","focus":false,"label":[89.97,27.33],"area":7.2,"color":"#8a6f9e"},"geometry":{"type":"Polygon","coordinates":[[[88.7,28.1],[88.775,28.025],[88.95,27.975],[89.25,28.125],[89.375,28.125],[89.5,28.3],[89.75,28.35],[89.775,28.275],[90.0,28.225],[90.125,28.325],[90.375,28.25],[90.65,28.525],[90.825,28.525],[90.9,28.575],[91.425,28.575],[91.65,28.425],[91.7,28.3],[91.85,28.325],[91.9,28.225],[92.1,28.2],[92.25,27.975],[92.25,27.775],[92.2,27.65],[92.0,27.475],[92.0,27.3],[91.825,27.25],[91.75,26.85],[91.8,26.775],[91.8,26.5],[91.775,26.5],[91.75,26.375],[91.5,26.15],[91.225,26.2],[91.025,26.2],[90.95,26.15],[90.45,26.225],[90.275,26.175],[90.05,26.275],[89.925,26.4],[89.675,26.475],[89.475,26.675],[89.45,26.775],[89.35,26.725],[89.125,26.475],[88.825,26.45],[88.8,26.55],[88.6,26.725],[88.475,26.875],[88.3,26.925],[88.3,26.975],[88.1,26.975],[88.025,27.05],[88.025,27.4],[88.1,27.575],[88.075,27.9],[88.15,27.9],[88.3,28.0],[88.55,28.1],[88.7,28.1]]]}},{"type":"Feature","properties":{"name":"Lan Na","name_zh":"八百媳妇 (兰纳)","focus":false,"label":[99.28,18.25],"area":10.8,"color":"#8a6f9e"},"geometry":{"type":"Polygon","coordinates":[[[98.675,20.175],[98.675,20.425],[98.75,20.425],[98.775,20.65],[98.95,20.9],[99.225,20.9],[99.275,20.85],[99.35,20.75],[99.375,20.45],[99.425,20.325],[99.65,20.1],[100.075,20.1],[100.2,20.025],[100.325,20.025],[100.4,19.925],[100.575,19.975],[100.6,19.825],[100.9,19.775],[101.025,19.6],[101.1,19.375],[101.2,19.35],[101.2,19.225],[101.275,19.1],[101.275,18.925],[101.2,18.825],[101.25,18.625],[101.2,18.475],[101.15,18.3],[101.175,18.0],[101.075,17.925],[101.025,17.675],[100.925,17.525],[100.8,17.55],[100.725,17.45],[100.625,17.425],[100.575,17.325],[100.2,17.3],[100.1,17.225],[100.225,16.925],[100.225,16.7],[100.075,16.6],[99.95,16.575],[99.875,16.475],[99.75,16.425],[99.55,16.425],[99.45,16.625],[99.375,16.625],[99.225,16.75],[99.1,16.75],[98.95,16.675],[98.875,16.575],[98.975,16.1],[98.825,15.95],[98.75,15.95],[98.65,16.1],[98.55,16.125],[98.475,16.275],[98.425,16.575],[98.325,16.65],[98.25,16.9],[98.175,16.95],[98.15,17.1],[98.025,17.35],[98.125,17.525],[98.275,17.6],[98.2,17.8],[97.875,17.9],[97.825,18.075],[97.725,18.225],[97.825,18.425],[97.8,18.525],[97.8,19.05],[97.675,19.325],[97.8,19.4],[97.875,19.6],[98.0,19.7],[98.0,19.775],[98.15,19.9],[98.2,19.9],[98.275,19.85],[98.45,20.075],[98.675,20.175]]]}},{"type":"Feature","properties":{"name":"Hong Kong","name_zh":"","focus":false,"label":[114.2,22.35],"area":0.4,"color":"#7272a8"},"geometry":{"type":"MultiPolygon","coordinates":[[[[114.075,22.925],[114.375,22.875],[114.5,22.725],[114.575,22.75],[114.7,22.625],[114.95,22.625],[114.985,22.573],[114.847,22.51],[114.558,22.464],[114.552,22.529],[114.496,22.527],[114.42,22.583],[114.341,22.593],[114.285,22.554],[114.309,22.553],[114.413,22.436],[114.263,22.204],[114.233,22.213],[114.232,22.211],[114.207,22.195],[114.192,22.211],[114.133,22.171],[114.098,22.216],[114.144,22.331],[113.925,22.367],[113.913,22.387],[113.903,22.396],[113.896,22.428],[114.007,22.484],[114.015,22.512],[113.949,22.527],[113.845,22.463],[113.725,22.481],[113.725,22.55],[113.95,22.7],[114.0,22.875],[114.075,22.925]]],[[[113.999,22.226],[113.998,22.21],[113.877,22.21],[113.865,22.215],[113.836,22.213],[113.848,22.227],[113.839,22.242],[113.882,22.28],[113.897,22.285],[113.901,22.29],[114.046,22.34],[114.022,22.228],[113.999,22.226]]]]}},{"type":"Feature","properties":{"name":"Qing","name_zh":"清","focus":true,"label":[108.48,38.53],"area":785.7},"geometry":{"type":"MultiPolygon","coordinates":[[[[109.315,19.904],[109.418,19.889],[109.514,19.904],[109.584,19.97],[109.651,19.984],[109.906,19.963],[110.083,19.993],[110.172,20.054],[110.213,20.056],[110.344,20.039],[110.385,19.985],[110.391,19.986],[110.388,20.018],[110.394,20.059],[110.418,20.055],[110.527,20.005],[110.588,20.013],[110.589,20.072],[110.598,20.098],[110.652,20.138],[110.679,20.137],[110.745,20.059],[110.809,20.014],[110.889,19.992],[110.938,19.948],[110.971,19.883],[110.998,19.765],[111.014,19.655],[110.913,19.586],[110.822,19.558],[110.641,19.291],[110.603,19.207],[110.572,19.172],[110.563,19.135],[110.566,19.099],[110.519,18.97],[110.478,18.813],[110.451,18.748],[110.4,18.698],[110.334,18.673],[110.294,18.67],[110.262,18.625],[110.189,18.599],[110.156,18.57],[110.049,18.505],[110.066,18.476],[110.067,18.448],[110.02,18.416],[109.968,18.422],[109.816,18.397],[109.76,18.348],[109.703,18.259],[109.681,18.247],[109.59,18.226],[109.521,18.219],[109.429,18.096],[108.651,18.482],[108.576,19.187],[108.649,19.246],[108.65,19.265],[108.666,19.304],[108.694,19.338],[108.791,19.418],[108.903,19.481],[109.063,19.614],[109.179,19.674],[109.277,19.761],[109.22,19.757],[109.177,19.768],[109.219,19.843],[109.263,19.883],[109.315,19.904]]],[[[110.504,20.968],[110.422,21.007],[110.34,20.998],[110.281,21.001],[110.265,21.025],[110.31,21.075],[110.385,21.093],[110.422,21.059],[110.522,21.083],[110.54,21.039],[110.539,21.018],[110.504,20.968]]],[[[112.525,21.623],[112.559,21.675],[112.648,21.71],[112.644,21.64],[112.546,21.619],[112.525,21.623]]],[[[112.761,21.733],[112.782,21.772],[112.839,21.765],[112.863,21.753],[112.813,21.712],[112.801,21.695],[112.79,21.602],[112.771,21.582],[112.742,21.618],[112.733,21.67],[112.713,21.698],[112.761,21.733]]],[[[121.643,25.232],[121.687,25.182],[121.733,25.154],[121.853,25.104],[121.905,25.056],[121.929,24.974],[121.856,24.895],[121.82,24.825],[121.813,24.746],[121.826,24.641],[121.828,24.534],[121.737,24.285],[121.639,24.13],[121.613,24.053],[121.583,23.861],[121.526,23.668],[121.477,23.424],[121.397,23.173],[121.352,23.067],[121.296,22.967],[121.161,22.776],[121.009,22.62],[120.947,22.503],[120.897,22.379],[120.877,22.262],[120.878,22.142],[120.864,22.033],[120.84,21.925],[120.743,21.956],[120.722,21.987],[120.622,21.925],[120.528,22.096],[120.113,22.641],[119.964,23.086],[119.95,23.283],[120.02,23.619],[120.856,24.809],[120.919,24.845],[120.964,24.928],[121.041,25.033],[121.095,25.065],[121.365,25.159],[121.45,25.249],[121.517,25.277],[121.594,25.275],[121.643,25.232]]],[[[119.809,25.508],[119.832,25.48],[119.821,25.457],[119.747,25.411],[119.7,25.433],[119.699,25.495],[119.723,25.551],[119.696,25.591],[119.723,25.639],[119.778,25.653],[119.797,25.623],[119.829,25.607],[119.838,25.591],[119.839,25.56],[119.809,25.508]]],[[[122.332,29.935],[122.351,29.955],[122.402,29.95],[122.404,29.892],[122.394,29.846],[122.368,29.853],[122.332,29.935]]],[[[122.322,30.031],[122.296,29.963],[122.282,29.944],[122.158,30.001],[122.024,30.013],[121.978,30.064],[121.969,30.143],[122.111,30.14],[122.284,30.068],[122.322,30.031]]],[[[98.725,23.5],[98.65,23.525],[98.625,23.75],[98.525,23.825],[98.525,23.975],[98.725,24.025],[98.725,24.325],[98.575,24.55],[98.3,24.525],[98.15,24.675],[98.2,24.75],[98.225,25.0],[98.3,25.25],[98.3,25.55],[98.55,25.7],[98.7,25.875],[98.725,26.375],[98.8,26.55],[98.95,26.775],[98.875,26.975],[98.9,27.325],[98.85,27.475],[98.875,27.775],[98.825,27.825],[98.8,28.025],[99.0,27.975],[99.025,28.275],[99.175,28.25],[99.275,28.175],[99.475,28.2],[99.55,28.125],[99.625,27.75],[99.675,27.7],[99.825,27.725],[99.925,28.1],[99.925,28.4],[100.0,28.55],[100.075,28.575],[100.175,28.8],[100.475,28.95],[100.5,29.125],[100.425,29.2],[100.475,29.325],[100.675,29.25],[100.85,29.325],[100.975,29.3],[101.1,29.35],[101.25,29.25],[101.375,29.275],[101.525,29.375],[101.525,29.5],[101.75,29.75],[101.7,29.95],[101.7,30.375],[101.725,30.525],[101.675,30.6],[101.675,30.85],[101.6,30.975],[101.75,31.075],[101.75,31.275],[101.925,31.25],[101.975,31.1],[102.075,31.175],[102.275,31.2],[102.275,31.4],[102.475,31.6],[102.55,31.575],[102.625,31.725],[102.525,32.0],[102.45,32.1],[102.55,32.15],[102.575,32.25],[102.7,32.35],[102.7,32.425],[102.825,32.55],[102.95,32.85],[102.85,32.95],[102.45,32.95],[102.4,33.1],[102.3,33.2],[102.25,33.4],[102.45,33.45],[102.45,33.55],[102.3,33.65],[102.3,33.775],[102.125,33.975],[102.0,33.975],[101.875,34.05],[101.925,34.125],[101.875,34.325],[101.775,34.4],[101.85,34.625],[101.925,34.675],[101.9,34.925],[101.725,34.975],[101.675,35.1],[101.575,35.175],[101.55,35.5],[101.775,35.775],[101.675,36.025],[101.6,36.075],[101.65,36.15],[101.6,36.3],[101.3,36.35],[101.1,36.425],[100.95,36.65],[100.95,37.575],[100.9,37.75],[100.725,37.75],[100.625,37.825],[100.175,37.8],[100.075,37.9],[99.7,37.875],[99.65,37.975],[99.475,38.1],[99.45,38.225],[99.225,38.225],[98.975,38.375],[98.925,38.45],[98.925,38.55],[98.825,38.725],[98.825,38.85],[99.325,38.9],[99.425,38.85],[99.5,38.95],[99.5,39.15],[99.675,39.525],[99.75,39.8],[99.85,39.825],[99.925,39.975],[100.275,39.95],[100.45,40.05],[100.7,40.05],[100.8,39.975],[101.15,39.95],[101.45,39.825],[101.65,39.875],[102.025,39.875],[102.225,39.85],[102.525,40.0],[102.975,40.0],[103.025,39.95],[103.35,40.0],[103.525,40.075],[103.65,40.35],[103.775,40.35],[104.075,40.5],[104.125,40.65],[104.3,40.825],[104.425,40.85],[104.4,41.35],[104.325,41.475],[104.2,41.8],[104.2,42.225],[104.225,42.375],[104.05,42.4],[103.9,42.525],[103.825,42.675],[103.825,43.0],[103.85,43.2],[103.8,43.225],[103.925,43.475],[104.325,43.375],[104.45,43.55],[104.575,43.65],[104.625,43.825],[104.35,43.875],[104.275,43.95],[104.25,44.15],[104.2,44.2],[104.125,44.45],[103.95,44.875],[103.925,45.125],[103.775,45.175],[103.775,45.275],[103.675,45.325],[103.425,45.575],[103.325,45.6],[103.225,45.75],[103.05,45.9],[102.55,46.05],[102.425,46.05],[102.25,46.2],[102.1,46.2],[102.0,46.3],[101.75,46.3],[101.7,46.35],[101.45,46.325],[101.375,46.475],[101.175,46.5],[101.1,46.675],[100.65,46.7],[100.65,46.8],[100.375,46.925],[100.325,47.125],[99.925,47.075],[99.85,47.25],[99.85,47.375],[99.625,47.55],[99.375,47.5],[98.875,47.525],[98.775,47.6],[98.825,47.75],[98.7,47.875],[98.725,48.0],[98.875,48.15],[98.975,48.15],[99.1,48.25],[99.175,48.225],[99.475,48.25],[99.6,48.325],[99.5,48.7],[99.75,48.8],[99.9,48.825],[99.975,48.9],[99.975,49.075],[99.875,49.075],[99.925,49.425],[100.0,49.425],[100.15,49.65],[100.175,49.875],[100.225,49.9],[100.25,50.15],[100.45,50.275],[100.525,50.5],[100.475,50.55],[100.45,50.775],[100.4,50.825],[100.4,51.475],[100.375,51.55],[100.225,51.675],[100.225,51.8],[100.325,51.85],[100.55,51.825],[100.6,51.95],[100.825,51.925],[100.825,51.65],[100.9,51.625],[100.975,51.45],[101.2,51.375],[101.225,51.425],[101.775,51.425],[102.125,51.275],[102.15,51.175],[102.325,51.15],[102.5,51.075],[102.675,51.075],[102.7,51.025],[102.875,51.025],[102.925,51.1],[103.4,51.075],[103.475,51.025],[103.725,51.025],[104.0,50.7],[104.275,50.725],[104.35,50.8],[104.5,50.8],[104.875,50.975],[105.175,51.0],[105.2,50.85],[105.275,50.775],[105.325,50.6],[105.5,50.6],[106.05,50.35],[106.05,50.475],[106.25,50.55],[106.325,50.625],[106.375,50.5],[106.525,50.475],[106.65,50.325],[106.725,50.15],[106.95,49.925],[107.175,49.925],[107.375,50.1],[107.525,50.175],[107.525,50.275],[107.675,50.2],[107.65,50.0],[107.775,49.875],[107.825,49.7],[107.925,49.625],[107.85,49.375],[108.075,49.325],[108.125,49.25],[108.275,49.3],[108.425,49.275],[108.625,49.1],[108.65,49.0],[108.8,48.975],[108.875,49.05],[109.025,49.05],[109.1,49.175],[109.425,49.225],[109.475,49.35],[109.7,49.45],[109.75,49.525],[109.9,49.575],[110.05,49.425],[110.275,49.475],[110.45,49.475],[110.75,49.625],[110.925,49.625],[111.15,49.775],[111.2,49.85],[111.375,49.925],[111.525,50.05],[111.8,50.125],[111.95,50.0],[112.2,49.95],[112.25,50.05],[112.725,50.05],[112.775,49.975],[113.0,50.05],[113.075,50.175],[113.15,50.175],[113.275,50.325],[113.475,50.4],[113.8,50.4],[113.875,50.475],[114.25,50.475],[114.25,50.5],[114.625,50.5],[114.625,50.525],[115.15,50.5],[115.225,50.425],[115.4,50.425],[115.575,50.3],[115.875,50.275],[116.025,50.225],[116.35,50.225],[116.6,50.175],[116.675,50.25],[116.95,50.3],[116.975,50.2],[117.15,50.025],[117.375,50.025],[117.475,50.125],[117.6,50.15],[117.8,50.05],[117.9,50.05],[118.025,49.925],[118.2,49.925],[118.275,49.975],[118.575,50.0],[118.6,49.95],[119.225,50.025],[119.325,50.175],[119.325,50.325],[119.175,50.4],[119.475,50.75],[119.55,50.975],[119.7,51.025],[119.75,51.2],[120.1,51.675],[120.175,51.675],[120.3,51.8],[120.45,51.85],[120.525,51.95],[120.525,52.1],[120.45,52.175],[120.525,52.325],[120.5,52.425],[120.675,52.5],[120.525,52.625],[120.225,52.65],[120.3,52.875],[120.475,53.025],[120.625,53.075],[120.725,53.2],[120.85,53.275],[121.025,53.275],[120.975,53.425],[120.975,53.8],[121.025,53.85],[121.0,54.05],[120.925,54.075],[120.925,54.3],[121.175,54.425],[121.475,54.375],[121.775,54.5],[121.75,54.55],[121.75,54.875],[121.675,55.05],[121.55,55.15],[121.55,55.375],[121.85,55.625],[121.85,56.0],[122.735,56.0],[123.51,56.423],[124.102,56.275],[124.546,56.275],[124.915,56.201],[126.543,56.497],[126.913,56.497],[128.171,56.719],[128.836,56.645],[129.206,56.867],[130.39,56.053],[130.424,56.0],[130.55,56.0],[130.575,55.95],[130.575,55.575],[130.7,55.5],[131.1,55.5],[131.175,55.525],[131.35,55.475],[131.575,55.35],[131.575,55.225],[131.65,55.125],[131.575,55.0],[131.575,54.875],[131.375,54.725],[131.025,54.65],[131.025,54.425],[130.975,54.25],[130.9,54.175],[130.9,53.8],[131.25,53.775],[131.475,53.7],[131.525,53.55],[131.55,53.275],[131.775,53.25],[131.85,53.125],[132.2,53.1],[132.4,53.05],[132.6,53.05],[132.725,52.725],[132.925,52.65],[133.025,52.55],[133.175,52.675],[133.45,52.65],[133.525,52.6],[133.825,52.55],[134.5,52.55],[134.6,52.65],[134.575,52.95],[134.75,53.175],[134.725,53.5],[134.65,53.575],[135.05,54.0],[135.175,53.85],[135.35,53.825],[135.475,53.9],[135.9,53.925],[136.0,54.1],[136.325,54.1],[136.475,54.15],[136.475,54.225],[136.65,54.5],[136.805,54.603],[136.824,54.561],[136.82,54.452],[136.77,54.353],[136.729,54.061],[136.683,53.931],[136.719,53.804],[136.803,53.782],[136.886,53.839],[137.017,53.848],[137.04,53.862],[137.166,53.842],[137.258,54.025],[137.172,54.057],[137.096,54.129],[137.142,54.182],[137.378,54.282],[137.525,54.291],[137.666,54.283],[137.513,54.156],[137.451,54.13],[137.403,54.124],[137.339,54.101],[137.476,54.028],[137.623,53.97],[137.835,53.947],[137.786,53.903],[137.645,53.866],[137.517,53.707],[137.363,53.65],[137.35,53.65],[137.348,53.644],[137.314,53.632],[137.221,53.579],[137.254,53.546],[137.328,53.539],[137.738,53.56],[137.95,53.604],[138.253,53.726],[138.379,53.909],[138.412,53.924],[138.416,54.091],[138.715,54.088],[138.705,54.148],[138.716,54.223],[138.657,54.298],[138.696,54.32],[139.105,54.218],[139.32,54.193],[139.707,54.277],[139.796,54.256],[139.858,54.205],[140.179,54.052],[140.242,54.001],[140.347,53.813],[140.688,53.596],[141.006,53.495],[141.015,53.454],[141.05,53.434],[141.05,53.425],[141.061,53.427],[141.218,53.334],[141.374,53.293],[141.402,53.184],[141.328,53.097],[141.181,53.015],[141.112,53.033],[141.089,52.985],[141.02,52.943],[141.087,52.898],[141.256,52.84],[141.266,52.653],[141.245,52.55],[141.166,52.47],[141.15,52.475],[141.15,52.454],[141.132,52.436],[141.15,52.404],[141.15,52.4],[141.152,52.401],[141.17,52.368],[141.33,52.271],[141.409,52.234],[141.485,52.179],[141.386,52.057],[141.367,51.921],[141.258,51.861],[141.129,51.728],[140.933,51.62],[140.839,51.414],[140.688,51.232],[140.671,51.051],[140.646,50.987],[140.521,50.8],[140.476,50.546],[140.535,50.131],[140.564,50.107],[140.625,50.082],[140.613,50.054],[140.585,50.033],[140.463,49.911],[140.465,49.826],[140.511,49.762],[140.517,49.596],[140.431,49.331],[140.399,49.29],[140.364,49.221],[140.349,49.159],[140.326,49.12],[140.309,49.054],[140.334,48.995],[140.378,48.964],[140.224,48.773],[140.171,48.524],[140.113,48.423],[139.998,48.324],[139.761,48.181],[139.676,48.09],[139.521,47.975],[139.373,47.887],[139.167,47.635],[139.001,47.383],[138.958,47.349],[138.949,47.322],[138.576,47.042],[138.53,46.976],[138.5,46.89],[138.392,46.745],[138.337,46.543],[138.21,46.463],[138.106,46.251],[137.769,45.929],[137.685,45.818],[137.425,45.64],[137.147,45.394],[136.804,45.171],[136.737,45.08],[136.604,44.978],[136.46,44.822],[136.251,44.667],[136.209,44.562],[136.142,44.489],[136.095,44.474],[136.033,44.398],[135.76,44.238],[135.533,43.971],[135.489,43.899],[135.483,43.835],[135.26,43.685],[135.131,43.526],[134.917,43.427],[134.692,43.291],[134.637,43.265],[134.568,43.212],[134.138,42.992],[134.037,42.964],[134.01,42.947],[133.709,42.83],[133.587,42.828],[133.329,42.764],[133.16,42.697],[133.106,42.711],[132.952,42.669],[132.87,42.795],[132.864,42.794],[132.726,42.867],[132.614,42.873],[132.576,42.872],[132.567,42.875],[132.484,42.88],[132.441,42.904],[132.304,42.883],[132.313,42.993],[132.181,43.194],[132.115,43.172],[132.029,43.119],[131.947,43.095],[131.883,43.095],[131.674,43.026],[131.854,43.274],[131.795,43.255],[131.722,43.203],[131.516,42.996],[131.393,42.822],[131.292,42.772],[131.245,42.697],[131.158,42.626],[131.025,42.645],[130.946,42.634],[130.918,42.64],[130.805,42.554],[130.834,42.523],[130.73,42.326],[130.687,42.303],[130.637,42.275],[130.569,42.292],[130.468,42.301],[130.435,42.276],[130.187,42.107],[130.18,42.097],[130.154,42.085],[129.996,41.978],[129.928,41.897],[129.876,41.806],[129.756,41.712],[129.686,41.595],[129.682,41.494],[129.755,41.398],[129.75,41.375],[129.625,41.425],[129.4,41.75],[129.25,41.7],[128.95,41.7],[128.9,41.775],[128.725,41.775],[128.65,41.7],[128.4,41.725],[128.375,41.475],[128.225,41.325],[128.125,41.3],[128.05,41.175],[127.825,41.075],[127.55,41.1],[127.4,41.075],[127.25,41.125],[127.175,41.3],[126.9,41.55],[126.75,41.65],[126.55,41.65],[126.5,41.55],[126.3,41.4],[126.175,41.4],[125.975,41.15],[125.825,41.125],[125.825,41.025],[125.725,40.925],[125.475,40.9],[125.3,40.775],[125.15,40.75],[124.825,40.8],[124.75,40.85],[124.65,40.7],[124.65,40.575],[124.575,40.425],[124.5,40.425],[124.3,40.3],[124.2,40.3],[124.05,40.125],[124.025,39.95],[123.95,39.85],[123.946,39.819],[123.916,39.807],[123.244,39.704],[123.227,39.687],[123.062,39.676],[123.039,39.672],[123.02,39.664],[122.961,39.62],[122.883,39.608],[122.634,39.505],[122.335,39.366],[122.225,39.267],[122.121,39.152],[122.048,39.094],[121.982,39.053],[121.923,39.037],[121.864,38.996],[121.805,38.991],[121.745,39.01],[121.677,39.003],[121.633,38.955],[121.67,38.892],[121.65,38.865],[121.517,38.831],[121.337,38.81],[121.231,38.763],[121.207,38.744],[121.164,38.732],[121.152,38.753],[121.065,38.75],[121.116,38.852],[121.107,38.921],[121.188,38.947],[121.225,38.953],[121.66,39.331],[121.476,39.375],[121.418,39.376],[121.282,39.349],[121.213,39.483],[121.239,39.553],[121.478,39.749],[121.474,39.755],[121.517,39.845],[121.659,39.898],[121.668,39.905],[121.788,40.078],[122.107,40.353],[122.082,40.488],[121.753,40.736],[121.426,40.864],[121.103,40.853],[121.086,40.842],[121.003,40.749],[120.922,40.683],[120.841,40.649],[120.771,40.589],[120.479,40.231],[120.369,40.204],[120.292,40.172],[120.272,40.151],[120.112,40.081],[120.057,40.074],[119.85,39.987],[119.591,39.903],[119.391,39.752],[119.322,39.662],[119.261,39.561],[119.225,39.408],[119.131,39.314],[119.075,39.3],[119.081,39.264],[119.04,39.222],[118.977,39.183],[118.912,39.166],[118.826,39.172],[118.752,39.16],[118.691,39.168],[118.61,39.171],[118.472,39.118],[118.468,39.117],[118.274,38.999],[118.107,39.207],[118.041,39.227],[117.866,39.191],[117.785,39.134],[117.617,38.853],[117.554,38.691],[117.558,38.625],[117.656,38.424],[117.767,38.312],[118.015,38.183],[118.543,38.095],[118.667,38.126],[118.8,38.127],[118.909,38.061],[118.95,38.0],[118.967,38.0],[119.028,37.904],[119.036,37.809],[119.038,37.777],[119.07,37.749],[119.089,37.701],[119.033,37.661],[118.991,37.641],[118.955,37.494],[118.954,37.4],[118.9,37.4],[118.95,37.225],[119.026,37.259],[119.112,37.201],[119.175,37.179],[119.175,37.125],[119.3,37.075],[119.31,37.136],[119.45,37.125],[119.637,37.143],[119.881,37.311],[119.883,37.351],[120.004,37.415],[120.169,37.576],[120.311,37.623],[120.287,37.656],[120.257,37.679],[120.285,37.692],[120.37,37.701],[120.75,37.834],[121.049,37.725],[121.22,37.6],[121.388,37.579],[121.505,37.515],[121.64,37.46],[121.816,37.457],[121.965,37.445],[122.01,37.496],[122.057,37.529],[122.11,37.522],[122.169,37.456],[122.338,37.405],[122.493,37.408],[122.602,37.426],[122.667,37.403],[122.573,37.318],[122.587,37.181],[122.516,37.138],[122.447,37.068],[122.487,37.022],[122.523,37.003],[122.52,36.947],[122.457,36.915],[122.341,36.832],[122.274,36.834],[122.266,36.838],[122.255,36.733],[121.846,36.86],[121.682,36.842],[121.67,36.836],[121.413,36.738],[121.144,36.66],[121.054,36.611],[120.99,36.598],[120.944,36.613],[120.855,36.584],[120.839,36.574],[120.883,36.539],[120.905,36.485],[120.896,36.444],[120.847,36.426],[120.776,36.456],[120.712,36.413],[120.682,36.341],[120.681,36.168],[120.638,36.13],[120.519,36.109],[120.509,36.104],[120.504,36.055],[120.281,35.989],[120.285,35.984],[120.219,35.935],[120.055,35.861],[120.027,35.799],[119.979,35.74],[119.912,35.693],[119.866,35.644],[119.811,35.618],[119.72,35.589],[119.608,35.47],[119.526,35.359],[119.43,35.301],[119.353,35.114],[119.216,35.012],[119.165,34.849],[119.201,34.748],[119.351,34.749],[119.427,34.714],[119.583,34.582],[119.725,34.517],[119.725,34.375],[119.9,34.4],[119.95,34.3],[120.075,34.35],[120.084,34.386],[120.201,34.326],[120.267,34.274],[120.291,34.229],[120.275,34.225],[120.275,34.075],[120.36,34.058],[120.426,33.866],[120.5,33.716],[120.505,33.638],[120.571,33.55],[120.55,33.525],[120.4,33.525],[120.5,33.375],[120.65,33.35],[120.669,33.376],[120.734,33.237],[120.871,33.017],[120.897,32.843],[120.853,32.764],[120.853,32.661],[120.99,32.567],[121.293,32.457],[121.342,32.425],[121.401,32.372],[121.404,32.206],[121.451,32.153],[121.491,32.121],[121.674,32.051],[121.751,31.993],[121.832,31.9],[121.856,31.816],[121.866,31.704],[121.764,31.7],[121.681,31.712],[121.612,31.743],[121.623,31.62],[121.808,31.552],[121.844,31.526],[121.863,31.492],[121.78,31.464],[121.52,31.55],[121.499,31.56],[121.347,31.489],[121.351,31.485],[121.661,31.32],[121.786,31.163],[121.834,31.062],[121.878,30.917],[121.769,30.87],[121.675,30.864],[121.635,30.858],[121.631,30.792],[121.568,30.71],[121.328,30.69],[121.185,30.643],[120.998,30.558],[120.938,30.47],[120.897,30.393],[120.821,30.355],[120.672,30.383],[120.608,30.346],[120.271,30.261],[120.353,30.247],[120.495,30.303],[120.633,30.133],[120.774,30.147],[120.862,30.187],[120.977,30.201],[121.159,30.302],[121.258,30.304],[121.341,30.282],[121.433,30.227],[121.678,29.979],[121.812,29.952],[121.944,29.894],[122.017,29.888],[122.083,29.87],[121.906,29.78],[121.677,29.584],[121.575,29.537],[121.506,29.485],[121.69,29.511],[121.822,29.605],[121.888,29.628],[121.941,29.606],[121.968,29.491],[121.918,29.135],[121.854,29.129],[121.791,29.226],[121.717,29.256],[121.656,29.236],[121.612,29.236],[121.549,29.097],[121.665,29.011],[121.68,28.953],[121.641,28.916],[121.54,28.932],[121.663,28.851],[121.63,28.768],[121.59,28.735],[121.519,28.714],[121.475,28.641],[121.538,28.521],[121.602,28.367],[121.61,28.292],[121.51,28.324],[121.355,28.23],[121.279,28.223],[121.259,28.182],[121.24,28.17],[121.251,28.145],[121.251,28.086],[121.164,28.063],[121.132,28.063],[121.134,28.135],[121.144,28.145],[121.065,28.22],[121.035,28.157],[120.959,28.037],[120.892,28.004],[120.813,28.013],[120.802,28.013],[120.773,27.972],[120.833,27.938],[120.833,27.891],[120.685,27.745],[120.661,27.688],[120.665,27.639],[120.588,27.581],[120.629,27.482],[120.608,27.412],[120.54,27.318],[120.469,27.256],[120.385,27.156],[120.279,27.097],[120.139,26.886],[120.097,26.781],[120.087,26.672],[120.043,26.634],[119.968,26.586],[119.882,26.61],[119.879,26.683],[119.842,26.689],[119.836,26.705],[119.613,26.693],[119.624,26.676],[119.638,26.621],[119.726,26.609],[119.785,26.547],[119.831,26.45],[119.84,26.414],[119.876,26.371],[119.881,26.334],[119.797,26.3],[119.693,26.236],[119.567,26.127],[119.463,26.055],[119.445,26.055],[119.436,26.038],[119.444,25.972],[119.501,26.009],[119.619,26.004],[119.648,25.919],[119.617,25.823],[119.553,25.699],[119.539,25.591],[119.619,25.437],[119.622,25.391],[119.593,25.368],[119.499,25.409],[119.422,25.46],[119.344,25.446],[119.263,25.468],[119.18,25.45],[119.146,25.414],[119.169,25.356],[119.244,25.307],[119.286,25.232],[119.236,25.206],[119.025,25.223],[118.986,25.212],[118.927,25.089],[118.956,25.005],[118.909,24.929],[118.844,24.916],[118.812,24.849],[118.693,24.781],[118.719,24.746],[118.657,24.621],[118.56,24.58],[118.452,24.595],[118.361,24.486],[118.407,24.522],[118.451,24.456],[118.433,24.414],[118.295,24.436],[118.287,24.477],[118.328,24.471],[118.179,24.504],[118.183,24.496],[118.15,24.436],[118.091,24.446],[118.089,24.489],[118.077,24.501],[118.086,24.525],[118.012,24.541],[118.006,24.482],[117.935,24.474],[117.897,24.48],[117.845,24.475],[117.843,24.472],[117.848,24.432],[117.879,24.396],[118.024,24.38],[118.051,24.327],[118.056,24.246],[117.904,24.106],[117.839,24.012],[117.807,24.013],[117.647,23.884],[117.628,23.837],[117.601,23.848],[117.462,23.736],[117.417,23.621],[117.368,23.589],[117.347,23.636],[117.339,23.67],[117.19,23.625],[117.148,23.599],[117.083,23.579],[117.071,23.589],[116.962,23.556],[116.867,23.477],[116.861,23.453],[116.76,23.383],[116.745,23.376],[116.709,23.346],[116.672,23.332],[116.682,23.327],[116.699,23.278],[116.669,23.228],[116.586,23.218],[116.538,23.18],[116.52,23.007],[116.471,22.946],[116.365,22.942],[116.34,22.913],[116.012,22.86],[115.852,22.802],[115.836,22.805],[115.706,22.638],[115.464,22.719],[115.383,22.719],[115.301,22.769],[115.185,22.745],[115.043,22.599],[114.985,22.573],[114.95,22.625],[114.7,22.625],[114.575,22.75],[114.5,22.725],[114.375,22.875],[114.075,22.925],[114.0,22.875],[113.95,22.7],[113.725,22.55],[113.725,22.481],[113.716,22.482],[113.462,22.773],[113.444,22.747],[113.45,22.726],[113.485,22.692],[113.546,22.604],[113.475,22.675],[113.475,22.575],[113.549,22.6],[113.553,22.594],[113.551,22.404],[113.589,22.35],[113.576,22.297],[113.548,22.223],[113.499,22.202],[113.416,22.178],[113.377,22.168],[113.377,22.163],[113.283,22.03],[113.096,21.979],[112.994,22.016],[112.984,21.938],[112.954,21.907],[112.904,21.881],[112.839,21.925],[112.815,21.826],[112.749,21.756],[112.039,21.659],[111.885,21.73],[111.873,21.717],[111.825,21.71],[111.776,21.719],[111.712,21.655],[111.682,21.608],[111.603,21.559],[111.596,21.558],[111.536,21.493],[111.434,21.461],[111.085,21.479],[111.003,21.454],[110.997,21.43],[110.878,21.396],[110.784,21.388],[110.766,21.382],[110.652,21.279],[110.567,21.214],[110.504,21.207],[110.458,21.231],[110.454,21.247],[110.399,21.256],[110.397,21.248],[110.375,21.172],[110.331,21.131],[110.194,21.038],[110.154,20.945],[110.18,20.859],[110.365,20.838],[110.388,20.791],[110.371,20.752],[110.326,20.72],[110.313,20.672],[110.512,20.518],[110.518,20.46],[110.487,20.427],[110.45,20.355],[110.345,20.295],[110.123,20.264],[110.068,20.273],[109.928,20.244],[109.711,20.568],[109.602,20.879],[109.608,21.057],[109.786,21.406],[109.779,21.482],[109.537,21.587],[109.544,21.538],[109.436,21.479],[109.347,21.454],[109.336,21.453],[109.321,21.431],[109.117,21.399],[108.813,21.493],[108.554,21.823],[108.485,21.793],[108.493,21.739],[108.526,21.671],[108.502,21.633],[108.444,21.607],[108.42,21.636],[108.387,21.53],[108.265,21.473],[107.875,21.462],[107.758,21.391],[107.725,21.475],[107.6,21.575],[107.575,21.675],[107.1,21.7],[107.025,21.825],[106.925,21.85],[106.85,22.025],[106.7,22.025],[106.6,22.175],[106.6,22.325],[106.525,22.45],[106.375,22.55],[106.25,22.7],[105.975,22.825],[106.225,23.0],[106.2,23.25],[106.0,23.3],[105.825,23.45],[105.6,23.525],[105.35,23.525],[105.2,23.65],[104.9,23.775],[104.65,23.775],[104.525,23.6],[104.375,23.55],[104.375,23.375],[104.2,23.15],[104.125,23.25],[103.95,23.35],[103.725,23.4],[103.7,23.3],[103.6,23.225],[103.55,23.1],[103.425,23.125],[103.375,23.0],[103.2,23.1],[103.075,23.1],[103.05,23.0],[102.9,23.025],[102.7,23.125],[102.375,23.125],[102.35,23.075],[102.525,22.95],[102.475,22.75],[102.575,22.7],[102.525,22.6],[102.175,22.6],[102.05,22.45],[102.175,22.325],[102.2,22.1],[102.1,22.1],[101.775,22.1],[101.6,22.125],[101.6,21.85],[101.5,21.775],[101.175,21.775],[101.1,21.775],[100.925,21.825],[100.85,21.975],[100.725,21.95],[100.675,21.875],[100.425,21.875],[100.175,21.95],[100.15,22.05],[100.225,22.1],[100.175,22.4],[100.05,22.45],[99.775,22.475],[99.725,22.85],[99.625,22.975],[99.45,23.05],[99.325,23.175],[99.0,23.15],[98.9,23.3],[98.775,23.3],[98.725,23.5]],[[120.35,33.625],[120.275,33.6],[120.35,33.55],[120.35,33.625]],[[120.254,36.009],[120.15,36.176],[120.117,36.15],[120.094,36.119],[120.181,36.017],[120.254,36.009]],[[120.229,30.25],[120.235,30.252],[120.226,30.25],[120.221,30.248],[120.229,30.25]]]]}},{"type":"Feature","geometry":{"type":"MultiPolygon","coordinates":[[[[123.683,24.285],[123.668,24.297],[123.684,24.323],[123.688,24.321],[123.691,24.319],[123.698,24.316],[123.707,24.329],[123.718,24.324],[123.729,24.316],[123.742,24.32],[123.748,24.33],[123.753,24.364],[123.765,24.401],[123.767,24.409],[123.77,24.418],[123.777,24.42],[123.785,24.416],[123.791,24.41],[123.815,24.392],[123.835,24.395],[123.872,24.39],[123.91,24.38],[123.934,24.367],[123.936,24.341],[123.916,24.307],[123.873,24.258],[123.851,24.257],[123.746,24.281],[123.683,24.285]]],[[[123.003,24.474],[123.016,24.47],[123.018,24.459],[123.011,24.448],[122.998,24.44],[122.988,24.443],[122.948,24.44],[122.939,24.444],[122.938,24.455],[122.945,24.466],[122.956,24.473],[122.968,24.471],[123.003,24.474]]],[[[124.122,24.361],[124.143,24.385],[124.133,24.392],[124.129,24.404],[124.123,24.414],[124.106,24.419],[124.089,24.422],[124.078,24.428],[124.078,24.435],[124.095,24.44],[124.102,24.447],[124.112,24.463],[124.116,24.467],[124.129,24.469],[124.133,24.464],[124.134,24.457],[124.14,24.453],[124.148,24.446],[124.157,24.442],[124.168,24.44],[124.191,24.44],[124.202,24.442],[124.212,24.447],[124.222,24.461],[124.23,24.479],[124.24,24.495],[124.257,24.502],[124.268,24.51],[124.301,24.57],[124.314,24.587],[124.321,24.59],[124.329,24.584],[124.332,24.571],[124.327,24.561],[124.319,24.553],[124.309,24.535],[124.274,24.488],[124.261,24.445],[124.254,24.402],[124.242,24.364],[124.212,24.337],[124.177,24.333],[124.14,24.342],[124.122,24.361]]],[[[125.274,24.82],[125.275,24.856],[125.271,24.868],[125.26,24.885],[125.262,24.884],[125.274,24.882],[125.285,24.877],[125.29,24.874],[125.294,24.87],[125.302,24.858],[125.314,24.83],[125.322,24.817],[125.327,24.811],[125.358,24.783],[125.366,24.78],[125.387,24.782],[125.405,24.778],[125.426,24.769],[125.445,24.757],[125.453,24.745],[125.444,24.737],[125.424,24.732],[125.384,24.727],[125.3,24.726],[125.259,24.733],[125.257,24.752],[125.261,24.764],[125.274,24.82]]],[[[125.177,24.856],[125.195,24.85],[125.203,24.846],[125.211,24.837],[125.217,24.817],[125.205,24.805],[125.168,24.801],[125.151,24.804],[125.14,24.816],[125.141,24.829],[125.15,24.832],[125.158,24.834],[125.16,24.844],[125.164,24.855],[125.177,24.856]]],[[[123.606,25.739],[123.605,25.739],[123.6,25.739],[123.603,25.745],[123.606,25.739]]],[[[123.594,25.753],[123.593,25.744],[123.589,25.752],[123.594,25.753]]],[[[123.558,25.754],[123.556,25.758],[123.56,25.757],[123.558,25.754]]],[[[123.545,25.762],[123.529,25.762],[123.511,25.758],[123.514,25.769],[123.531,25.773],[123.537,25.773],[123.545,25.762]]],[[[123.595,25.802],[123.595,25.797],[123.592,25.797],[123.595,25.802]]],[[[124.569,25.896],[124.568,25.894],[124.565,25.896],[124.567,25.898],[124.569,25.896]]],[[[123.676,25.918],[123.673,25.927],[123.679,25.931],[123.685,25.925],[123.686,25.923],[123.683,25.92],[123.676,25.918]]],[[[123.673,25.929],[123.672,25.927],[123.672,25.93],[123.673,25.929]]],[[[126.775,26.309],[126.77,26.314],[126.768,26.321],[126.76,26.334],[126.741,26.342],[126.72,26.347],[126.704,26.355],[126.698,26.369],[126.707,26.379],[126.724,26.386],[126.742,26.39],[126.752,26.391],[126.77,26.388],[126.787,26.38],[126.801,26.368],[126.81,26.352],[126.81,26.343],[126.807,26.333],[126.802,26.324],[126.796,26.317],[126.794,26.313],[126.795,26.309],[126.795,26.306],[126.789,26.303],[126.782,26.305],[126.775,26.309]]],[[[131.236,25.872],[131.241,25.876],[131.247,25.877],[131.255,25.875],[131.277,25.858],[131.271,25.854],[131.264,25.846],[131.259,25.837],[131.257,25.827],[131.252,25.819],[131.241,25.819],[131.231,25.822],[131.212,25.829],[131.213,25.841],[131.221,25.856],[131.236,25.872]]],[[[131.328,25.937],[131.322,25.927],[131.317,25.923],[131.31,25.923],[131.302,25.927],[131.291,25.939],[131.29,25.951],[131.302,25.953],[131.321,25.948],[131.328,25.937]]],[[[127.354,26.219],[127.364,26.221],[127.37,26.215],[127.371,26.21],[127.371,26.203],[127.368,26.191],[127.364,26.178],[127.361,26.164],[127.354,26.154],[127.345,26.158],[127.343,26.17],[127.342,26.18],[127.343,26.186],[127.346,26.206],[127.354,26.219]]],[[[128.308,26.701],[128.304,26.701],[128.3,26.703],[128.297,26.701],[128.264,26.652],[128.243,26.633],[128.217,26.626],[128.172,26.623],[128.159,26.619],[128.152,26.612],[128.143,26.602],[128.135,26.59],[128.132,26.581],[128.135,26.578],[128.141,26.577],[128.146,26.573],[128.145,26.564],[128.142,26.557],[128.138,26.554],[128.133,26.553],[128.109,26.545],[128.09,26.543],[128.072,26.544],[128.056,26.55],[128.036,26.527],[127.984,26.478],[127.972,26.472],[127.96,26.471],[127.951,26.467],[127.947,26.451],[127.94,26.448],[127.871,26.447],[127.86,26.446],[127.852,26.441],[127.839,26.425],[127.843,26.417],[127.855,26.413],[127.865,26.406],[127.87,26.393],[127.873,26.365],[127.878,26.352],[127.889,26.339],[127.91,26.323],[127.92,26.31],[127.902,26.305],[127.882,26.311],[127.862,26.319],[127.841,26.324],[127.828,26.316],[127.778,26.233],[127.771,26.216],[127.768,26.198],[127.775,26.185],[127.792,26.185],[127.81,26.189],[127.824,26.187],[127.814,26.166],[127.797,26.14],[127.776,26.122],[127.755,26.125],[127.742,26.116],[127.725,26.09],[127.71,26.084],[127.652,26.084],[127.657,26.122],[127.636,26.191],[127.638,26.215],[127.658,26.212],[127.678,26.231],[127.693,26.256],[127.7,26.276],[127.718,26.274],[127.731,26.289],[127.739,26.309],[127.742,26.321],[127.739,26.341],[127.724,26.385],[127.721,26.406],[127.723,26.43],[127.731,26.44],[127.748,26.442],[127.781,26.441],[127.794,26.443],[127.805,26.448],[127.81,26.458],[127.814,26.458],[127.829,26.483],[127.831,26.488],[127.864,26.506],[127.903,26.516],[127.938,26.532],[127.96,26.564],[127.962,26.582],[127.956,26.595],[127.941,26.602],[127.894,26.609],[127.886,26.62],[127.885,26.636],[127.886,26.654],[127.878,26.687],[127.878,26.695],[127.885,26.696],[127.92,26.695],[127.965,26.697],[127.987,26.693],[128.001,26.68],[128.0,26.672],[127.993,26.663],[127.989,26.653],[127.996,26.639],[128.004,26.635],[128.015,26.635],[128.057,26.645],[128.111,26.674],[128.103,26.691],[128.111,26.703],[128.152,26.732],[128.157,26.737],[128.162,26.757],[128.169,26.761],[128.176,26.763],[128.179,26.766],[128.188,26.781],[128.226,26.801],[128.235,26.814],[128.239,26.832],[128.254,26.864],[128.255,26.886],[128.331,26.813],[128.338,26.797],[128.333,26.793],[128.33,26.787],[128.33,26.78],[128.334,26.773],[128.338,26.764],[128.333,26.757],[128.327,26.75],[128.323,26.746],[128.31,26.721],[128.309,26.718],[128.31,26.705],[128.308,26.701]]],[[[127.244,26.586],[127.237,26.579],[127.227,26.58],[127.215,26.577],[127.209,26.582],[127.215,26.593],[127.222,26.599],[127.233,26.601],[127.242,26.597],[127.244,26.586]]],[[[127.769,26.734],[127.796,26.732],[127.81,26.735],[127.811,26.707],[127.786,26.703],[127.759,26.713],[127.755,26.729],[127.769,26.734]]],[[[128.429,27.066],[128.444,27.063],[128.452,27.054],[128.454,27.048],[128.455,27.029],[128.449,27.021],[128.431,27.022],[128.411,27.031],[128.406,27.035],[128.402,27.037],[128.396,27.041],[128.396,27.049],[128.402,27.051],[128.409,27.051],[128.416,27.06],[128.429,27.066]]],[[[127.952,27.018],[127.926,27.01],[127.936,27.025],[127.987,27.079],[127.995,27.092],[128.001,27.092],[127.993,27.067],[127.976,27.04],[127.952,27.018]]],[[[128.605,27.362],[128.595,27.364],[128.587,27.362],[128.574,27.353],[128.56,27.351],[128.545,27.354],[128.532,27.362],[128.527,27.372],[128.525,27.385],[128.526,27.397],[128.529,27.406],[128.534,27.415],[128.538,27.418],[128.547,27.418],[128.562,27.42],[128.6,27.415],[128.619,27.416],[128.635,27.424],[128.65,27.435],[128.701,27.455],[128.702,27.452],[128.703,27.451],[128.703,27.45],[128.707,27.449],[128.698,27.436],[128.67,27.421],[128.656,27.41],[128.64,27.385],[128.631,27.376],[128.618,27.38],[128.613,27.364],[128.605,27.362]]],[[[128.922,27.701],[128.919,27.716],[128.916,27.722],[128.895,27.728],[128.891,27.742],[128.899,27.77],[128.879,27.825],[128.884,27.837],[128.889,27.853],[128.895,27.891],[128.9,27.896],[128.915,27.9],[128.947,27.914],[128.966,27.894],[128.977,27.837],[128.989,27.811],[129.0,27.803],[129.013,27.795],[129.025,27.786],[129.03,27.773],[129.024,27.757],[129.0,27.728],[128.99,27.707],[128.976,27.696],[128.961,27.686],[128.947,27.681],[128.929,27.687],[128.922,27.701]]],[[[128.237,27.867],[128.239,27.861],[128.243,27.857],[128.242,27.845],[128.232,27.853],[128.23,27.869],[128.237,27.867]]],[[[129.285,28.081],[129.279,28.077],[129.276,28.082],[129.274,28.083],[129.264,28.096],[129.263,28.099],[129.252,28.1],[129.231,28.097],[129.221,28.099],[129.218,28.106],[129.216,28.131],[129.214,28.14],[129.187,28.175],[129.181,28.19],[129.196,28.195],[129.228,28.195],[129.222,28.176],[129.233,28.171],[129.269,28.175],[129.264,28.167],[129.256,28.159],[129.25,28.151],[129.252,28.144],[129.264,28.135],[129.288,28.125],[129.297,28.12],[129.326,28.123],[129.347,28.107],[129.35,28.086],[129.324,28.079],[129.306,28.094],[129.303,28.096],[129.301,28.101],[129.295,28.099],[129.291,28.095],[129.29,28.093],[129.291,28.089],[129.285,28.081]]],[[[129.619,28.401],[129.617,28.396],[129.615,28.39],[129.611,28.383],[129.602,28.38],[129.582,28.371],[129.554,28.328],[129.533,28.319],[129.53,28.315],[129.499,28.288],[129.487,28.283],[129.461,28.292],[129.447,28.291],[129.455,28.277],[129.448,28.266],[129.44,28.259],[129.43,28.254],[129.42,28.25],[129.432,28.241],[129.457,28.226],[129.468,28.216],[129.415,28.186],[129.407,28.184],[129.402,28.163],[129.389,28.163],[129.371,28.167],[129.352,28.161],[129.364,28.154],[129.375,28.14],[129.379,28.126],[129.376,28.12],[129.366,28.123],[129.338,28.148],[129.287,28.178],[129.28,28.19],[129.281,28.205],[129.281,28.219],[129.269,28.229],[129.256,28.215],[129.242,28.214],[129.208,28.229],[129.174,28.236],[129.159,28.241],[129.146,28.25],[129.146,28.256],[129.154,28.26],[129.163,28.263],[129.171,28.262],[129.181,28.256],[129.209,28.264],[129.241,28.256],[129.271,28.255],[129.29,28.284],[129.254,28.285],[129.24,28.29],[129.228,28.305],[129.241,28.313],[129.252,28.322],[129.264,28.329],[129.288,28.333],[129.296,28.336],[129.316,28.35],[129.331,28.364],[129.331,28.366],[129.357,28.368],[129.381,28.367],[129.4,28.372],[129.413,28.393],[129.432,28.387],[129.451,28.392],[129.466,28.405],[129.475,28.421],[129.482,28.411],[129.493,28.405],[129.504,28.4],[129.516,28.393],[129.533,28.43],[129.561,28.451],[129.626,28.483],[129.614,28.448],[129.616,28.439],[129.632,28.435],[129.644,28.44],[129.654,28.452],[129.673,28.483],[129.673,28.488],[129.669,28.495],[129.667,28.503],[129.673,28.51],[129.688,28.509],[129.698,28.495],[129.708,28.462],[129.711,28.456],[129.717,28.45],[129.722,28.444],[129.721,28.435],[129.716,28.429],[129.709,28.429],[129.701,28.43],[129.694,28.429],[129.682,28.421],[129.639,28.405],[129.625,28.403],[129.619,28.401]]],[[[130.021,28.331],[130.008,28.307],[129.995,28.291],[129.978,28.284],[129.957,28.285],[129.914,28.297],[129.976,28.343],[130.018,28.365],[130.03,28.373],[130.031,28.357],[130.021,28.331]]]]},"properties":{"name":"Ryukyu Kingdom","name_zh":"琉球国","focus":false,"color":"#9a8a4a","area":0.3,"label":[127.91,26.49]}}],"snapped":true}